[2025-09-18T01:26:26.936Z] ERROR: (node:19902) [MONGOOSE] Warning: Duplicate schema index on {"email":1} found. This is often due to declaring an index using both "index: true" and "schema.index()". Please remove the duplicate index definition.
(Use `node --trace-warnings ...` to show where the warning was created)
[2025-09-18T02:10:34.213Z] ERROR: (node:50635) [MONGOOSE] Warning: Duplicate schema index on {"email":1} found. This is often due to declaring an index using both "index: true" and "schema.index()". Please remove the duplicate index definition.
(Use `node --trace-warnings ...` to show where the warning was created)
[2025-09-18T02:10:34.987Z] ERROR: (node:50657) [MONGOOSE] Warning: Duplicate schema index on {"email":1} found. This is often due to declaring an index using both "index: true" and "schema.index()". Please remove the duplicate index definition.
(Use `node --trace-warnings ...` to show where the warning was created)
[2025-09-18T02:10:34.990Z] ERROR: ❌ 서버 오류: Error: listen EADDRINUSE: address already in use 0.0.0.0:3000
    at Server.setupListenHandle [as _listen2] (node:net:1939:16)
    at listenInCluster (node:net:1996:12)
    at node:net:2205:7
    at process.processTicksAndRejections (node:internal/process/task_queues:90:21) {
  code: 'EADDRINUSE',
  errno: -48,
  syscall: 'listen',
  address: '0.0.0.0',
  port: 3000
}
[2025-09-18T02:10:40.141Z] ERROR: (node:50726) [MONGOOSE] Warning: Duplicate schema index on {"email":1} found. This is often due to declaring an index using both "index: true" and "schema.index()". Please remove the duplicate index definition.
(Use `node --trace-warnings ...` to show where the warning was created)
[2025-09-18T02:10:40.145Z] ERROR: ❌ 서버 오류: Error: listen EADDRINUSE: address already in use 0.0.0.0:3000
    at Server.setupListenHandle [as _listen2] (node:net:1939:16)
    at listenInCluster (node:net:1996:12)
    at node:net:2205:7
    at process.processTicksAndRejections (node:internal/process/task_queues:90:21) {
  code: 'EADDRINUSE',
  errno: -48,
  syscall: 'listen',
  address: '0.0.0.0',
  port: 3000
}
[2025-09-18T02:10:45.301Z] ERROR: (node:50801) [MONGOOSE] Warning: Duplicate schema index on {"email":1} found. This is often due to declaring an index using both "index: true" and "schema.index()". Please remove the duplicate index definition.
(Use `node --trace-warnings ...` to show where the warning was created)
[2025-09-18T02:10:45.305Z] ERROR: ❌ 서버 오류: Error: listen EADDRINUSE: address already in use 0.0.0.0:3000
    at Server.setupListenHandle [as _listen2] (node:net:1939:16)
    at listenInCluster (node:net:1996:12)
    at node:net:2205:7
    at process.processTicksAndRejections (node:internal/process/task_queues:90:21) {
  code: 'EADDRINUSE',
  errno: -48,
  syscall: 'listen',
  address: '0.0.0.0',
  port: 3000
}
[2025-09-18T02:10:50.456Z] ERROR: (node:50868) [MONGOOSE] Warning: Duplicate schema index on {"email":1} found. This is often due to declaring an index using both "index: true" and "schema.index()". Please remove the duplicate index definition.
(Use `node --trace-warnings ...` to show where the warning was created)
[2025-09-18T02:10:50.458Z] ERROR: ❌ 서버 오류: Error: listen EADDRINUSE: address already in use 0.0.0.0:3000
    at Server.setupListenHandle [as _listen2] (node:net:1939:16)
    at listenInCluster (node:net:1996:12)
    at node:net:2205:7
    at process.processTicksAndRejections (node:internal/process/task_queues:90:21) {
  code: 'EADDRINUSE',
  errno: -48,
  syscall: 'listen',
  address: '0.0.0.0',
  port: 3000
}
[2025-09-18T02:10:55.616Z] ERROR: (node:50939) [MONGOOSE] Warning: Duplicate schema index on {"email":1} found. This is often due to declaring an index using both "index: true" and "schema.index()". Please remove the duplicate index definition.
(Use `node --trace-warnings ...` to show where the warning was created)
[2025-09-18T02:10:55.619Z] ERROR: ❌ 서버 오류: Error: listen EADDRINUSE: address already in use 0.0.0.0:3000
    at Server.setupListenHandle [as _listen2] (node:net:1939:16)
    at listenInCluster (node:net:1996:12)
    at node:net:2205:7
    at process.processTicksAndRejections (node:internal/process/task_queues:90:21) {
  code: 'EADDRINUSE',
  errno: -48,
  syscall: 'listen',
  address: '0.0.0.0',
  port: 3000
}
[2025-09-18T02:11:00.771Z] ERROR: (node:51015) [MONGOOSE] Warning: Duplicate schema index on {"email":1} found. This is often due to declaring an index using both "index: true" and "schema.index()". Please remove the duplicate index definition.
(Use `node --trace-warnings ...` to show where the warning was created)
[2025-09-18T02:11:00.774Z] ERROR: ❌ 서버 오류: Error: listen EADDRINUSE: address already in use 0.0.0.0:3000
    at Server.setupListenHandle [as _listen2] (node:net:1939:16)
    at listenInCluster (node:net:1996:12)
    at node:net:2205:7
    at process.processTicksAndRejections (node:internal/process/task_queues:90:21) {
  code: 'EADDRINUSE',
  errno: -48,
  syscall: 'listen',
  address: '0.0.0.0',
  port: 3000
}
[2025-09-18T02:11:05.930Z] ERROR: (node:51082) [MONGOOSE] Warning: Duplicate schema index on {"email":1} found. This is often due to declaring an index using both "index: true" and "schema.index()". Please remove the duplicate index definition.
(Use `node --trace-warnings ...` to show where the warning was created)
[2025-09-18T02:11:05.933Z] ERROR: ❌ 서버 오류: Error: listen EADDRINUSE: address already in use 0.0.0.0:3000
    at Server.setupListenHandle [as _listen2] (node:net:1939:16)
    at listenInCluster (node:net:1996:12)
    at node:net:2205:7
    at process.processTicksAndRejections (node:internal/process/task_queues:90:21) {
  code: 'EADDRINUSE',
  errno: -48,
  syscall: 'listen',
  address: '0.0.0.0',
  port: 3000
}
[2025-09-18T02:11:11.085Z] ERROR: (node:51157) [MONGOOSE] Warning: Duplicate schema index on {"email":1} found. This is often due to declaring an index using both "index: true" and "schema.index()". Please remove the duplicate index definition.
(Use `node --trace-warnings ...` to show where the warning was created)
[2025-09-18T02:11:11.087Z] ERROR: ❌ 서버 오류: Error: listen EADDRINUSE: address already in use 0.0.0.0:3000
    at Server.setupListenHandle [as _listen2] (node:net:1939:16)
    at listenInCluster (node:net:1996:12)
    at node:net:2205:7
    at process.processTicksAndRejections (node:internal/process/task_queues:90:21) {
  code: 'EADDRINUSE',
  errno: -48,
  syscall: 'listen',
  address: '0.0.0.0',
  port: 3000
}
[2025-09-18T02:11:16.263Z] ERROR: (node:51230) [MONGOOSE] Warning: Duplicate schema index on {"email":1} found. This is often due to declaring an index using both "index: true" and "schema.index()". Please remove the duplicate index definition.
(Use `node --trace-warnings ...` to show where the warning was created)
[2025-09-18T02:11:16.265Z] ERROR: ❌ 서버 오류: Error: listen EADDRINUSE: address already in use 0.0.0.0:3000
    at Server.setupListenHandle [as _listen2] (node:net:1939:16)
    at listenInCluster (node:net:1996:12)
    at node:net:2205:7
    at process.processTicksAndRejections (node:internal/process/task_queues:90:21) {
  code: 'EADDRINUSE',
  errno: -48,
  syscall: 'listen',
  address: '0.0.0.0',
  port: 3000
}
[2025-09-18T02:11:21.423Z] ERROR: (node:51297) [MONGOOSE] Warning: Duplicate schema index on {"email":1} found. This is often due to declaring an index using both "index: true" and "schema.index()". Please remove the duplicate index definition.
(Use `node --trace-warnings ...` to show where the warning was created)
[2025-09-18T02:11:21.426Z] ERROR: ❌ 서버 오류: Error: listen EADDRINUSE: address already in use 0.0.0.0:3000
    at Server.setupListenHandle [as _listen2] (node:net:1939:16)
    at listenInCluster (node:net:1996:12)
    at node:net:2205:7
    at process.processTicksAndRejections (node:internal/process/task_queues:90:21) {
  code: 'EADDRINUSE',
  errno: -48,
  syscall: 'listen',
  address: '0.0.0.0',
  port: 3000
}
[2025-09-18T02:11:26.581Z] ERROR: (node:51376) [MONGOOSE] Warning: Duplicate schema index on {"email":1} found. This is often due to declaring an index using both "index: true" and "schema.index()". Please remove the duplicate index definition.
(Use `node --trace-warnings ...` to show where the warning was created)
[2025-09-18T02:11:26.584Z] ERROR: ❌ 서버 오류: Error: listen EADDRINUSE: address already in use 0.0.0.0:3000
    at Server.setupListenHandle [as _listen2] (node:net:1939:16)
    at listenInCluster (node:net:1996:12)
    at node:net:2205:7
    at process.processTicksAndRejections (node:internal/process/task_queues:90:21) {
  code: 'EADDRINUSE',
  errno: -48,
  syscall: 'listen',
  address: '0.0.0.0',
  port: 3000
}
[2025-09-18T02:11:31.737Z] ERROR: (node:51445) [MONGOOSE] Warning: Duplicate schema index on {"email":1} found. This is often due to declaring an index using both "index: true" and "schema.index()". Please remove the duplicate index definition.
(Use `node --trace-warnings ...` to show where the warning was created)
[2025-09-18T02:11:31.739Z] ERROR: ❌ 서버 오류: Error: listen EADDRINUSE: address already in use 0.0.0.0:3000
    at Server.setupListenHandle [as _listen2] (node:net:1939:16)
    at listenInCluster (node:net:1996:12)
    at node:net:2205:7
    at process.processTicksAndRejections (node:internal/process/task_queues:90:21) {
  code: 'EADDRINUSE',
  errno: -48,
  syscall: 'listen',
  address: '0.0.0.0',
  port: 3000
}
[2025-09-18T02:11:36.897Z] ERROR: (node:51515) [MONGOOSE] Warning: Duplicate schema index on {"email":1} found. This is often due to declaring an index using both "index: true" and "schema.index()". Please remove the duplicate index definition.
(Use `node --trace-warnings ...` to show where the warning was created)
[2025-09-18T02:11:36.900Z] ERROR: ❌ 서버 오류: Error: listen EADDRINUSE: address already in use 0.0.0.0:3000
    at Server.setupListenHandle [as _listen2] (node:net:1939:16)
    at listenInCluster (node:net:1996:12)
    at node:net:2205:7
    at process.processTicksAndRejections (node:internal/process/task_queues:90:21) {
  code: 'EADDRINUSE',
  errno: -48,
  syscall: 'listen',
  address: '0.0.0.0',
  port: 3000
}
[2025-09-18T02:11:42.053Z] ERROR: (node:51590) [MONGOOSE] Warning: Duplicate schema index on {"email":1} found. This is often due to declaring an index using both "index: true" and "schema.index()". Please remove the duplicate index definition.
(Use `node --trace-warnings ...` to show where the warning was created)
[2025-09-18T02:11:42.056Z] ERROR: ❌ 서버 오류: Error: listen EADDRINUSE: address already in use 0.0.0.0:3000
    at Server.setupListenHandle [as _listen2] (node:net:1939:16)
    at listenInCluster (node:net:1996:12)
    at node:net:2205:7
    at process.processTicksAndRejections (node:internal/process/task_queues:90:21) {
  code: 'EADDRINUSE',
  errno: -48,
  syscall: 'listen',
  address: '0.0.0.0',
  port: 3000
}
[2025-09-18T02:11:47.213Z] ERROR: (node:51658) [MONGOOSE] Warning: Duplicate schema index on {"email":1} found. This is often due to declaring an index using both "index: true" and "schema.index()". Please remove the duplicate index definition.
(Use `node --trace-warnings ...` to show where the warning was created)
[2025-09-18T02:11:47.215Z] ERROR: ❌ 서버 오류: Error: listen EADDRINUSE: address already in use 0.0.0.0:3000
    at Server.setupListenHandle [as _listen2] (node:net:1939:16)
    at listenInCluster (node:net:1996:12)
    at node:net:2205:7
    at process.processTicksAndRejections (node:internal/process/task_queues:90:21) {
  code: 'EADDRINUSE',
  errno: -48,
  syscall: 'listen',
  address: '0.0.0.0',
  port: 3000
}
[2025-09-18T02:11:52.368Z] ERROR: (node:51736) [MONGOOSE] Warning: Duplicate schema index on {"email":1} found. This is often due to declaring an index using both "index: true" and "schema.index()". Please remove the duplicate index definition.
(Use `node --trace-warnings ...` to show where the warning was created)
[2025-09-18T02:11:52.370Z] ERROR: ❌ 서버 오류: Error: listen EADDRINUSE: address already in use 0.0.0.0:3000
    at Server.setupListenHandle [as _listen2] (node:net:1939:16)
    at listenInCluster (node:net:1996:12)
    at node:net:2205:7
    at process.processTicksAndRejections (node:internal/process/task_queues:90:21) {
  code: 'EADDRINUSE',
  errno: -48,
  syscall: 'listen',
  address: '0.0.0.0',
  port: 3000
}
[2025-09-18T02:11:57.528Z] ERROR: (node:51803) [MONGOOSE] Warning: Duplicate schema index on {"email":1} found. This is often due to declaring an index using both "index: true" and "schema.index()". Please remove the duplicate index definition.
(Use `node --trace-warnings ...` to show where the warning was created)
[2025-09-18T02:11:57.530Z] ERROR: ❌ 서버 오류: Error: listen EADDRINUSE: address already in use 0.0.0.0:3000
    at Server.setupListenHandle [as _listen2] (node:net:1939:16)
    at listenInCluster (node:net:1996:12)
    at node:net:2205:7
    at process.processTicksAndRejections (node:internal/process/task_queues:90:21) {
  code: 'EADDRINUSE',
  errno: -48,
  syscall: 'listen',
  address: '0.0.0.0',
  port: 3000
}
[2025-09-18T02:12:02.685Z] ERROR: (node:51870) [MONGOOSE] Warning: Duplicate schema index on {"email":1} found. This is often due to declaring an index using both "index: true" and "schema.index()". Please remove the duplicate index definition.
(Use `node --trace-warnings ...` to show where the warning was created)
[2025-09-18T02:12:02.688Z] ERROR: ❌ 서버 오류: Error: listen EADDRINUSE: address already in use 0.0.0.0:3000
    at Server.setupListenHandle [as _listen2] (node:net:1939:16)
    at listenInCluster (node:net:1996:12)
    at node:net:2205:7
    at process.processTicksAndRejections (node:internal/process/task_queues:90:21) {
  code: 'EADDRINUSE',
  errno: -48,
  syscall: 'listen',
  address: '0.0.0.0',
  port: 3000
}
[2025-09-18T02:12:07.843Z] ERROR: (node:51946) [MONGOOSE] Warning: Duplicate schema index on {"email":1} found. This is often due to declaring an index using both "index: true" and "schema.index()". Please remove the duplicate index definition.
(Use `node --trace-warnings ...` to show where the warning was created)
[2025-09-18T02:12:07.846Z] ERROR: ❌ 서버 오류: Error: listen EADDRINUSE: address already in use 0.0.0.0:3000
    at Server.setupListenHandle [as _listen2] (node:net:1939:16)
    at listenInCluster (node:net:1996:12)
    at node:net:2205:7
    at process.processTicksAndRejections (node:internal/process/task_queues:90:21) {
  code: 'EADDRINUSE',
  errno: -48,
  syscall: 'listen',
  address: '0.0.0.0',
  port: 3000
}
[2025-09-18T02:12:13.004Z] ERROR: (node:52016) [MONGOOSE] Warning: Duplicate schema index on {"email":1} found. This is often due to declaring an index using both "index: true" and "schema.index()". Please remove the duplicate index definition.
(Use `node --trace-warnings ...` to show where the warning was created)
[2025-09-18T02:12:13.006Z] ERROR: ❌ 서버 오류: Error: listen EADDRINUSE: address already in use 0.0.0.0:3000
    at Server.setupListenHandle [as _listen2] (node:net:1939:16)
    at listenInCluster (node:net:1996:12)
    at node:net:2205:7
    at process.processTicksAndRejections (node:internal/process/task_queues:90:21) {
  code: 'EADDRINUSE',
  errno: -48,
  syscall: 'listen',
  address: '0.0.0.0',
  port: 3000
}
[2025-09-18T02:12:18.164Z] ERROR: (node:52085) [MONGOOSE] Warning: Duplicate schema index on {"email":1} found. This is often due to declaring an index using both "index: true" and "schema.index()". Please remove the duplicate index definition.
(Use `node --trace-warnings ...` to show where the warning was created)
[2025-09-18T02:12:18.167Z] ERROR: ❌ 서버 오류: Error: listen EADDRINUSE: address already in use 0.0.0.0:3000
    at Server.setupListenHandle [as _listen2] (node:net:1939:16)
    at listenInCluster (node:net:1996:12)
    at node:net:2205:7
    at process.processTicksAndRejections (node:internal/process/task_queues:90:21) {
  code: 'EADDRINUSE',
  errno: -48,
  syscall: 'listen',
  address: '0.0.0.0',
  port: 3000
}
[2025-09-18T02:12:23.323Z] ERROR: (node:52162) [MONGOOSE] Warning: Duplicate schema index on {"email":1} found. This is often due to declaring an index using both "index: true" and "schema.index()". Please remove the duplicate index definition.
(Use `node --trace-warnings ...` to show where the warning was created)
[2025-09-18T02:12:23.326Z] ERROR: ❌ 서버 오류: Error: listen EADDRINUSE: address already in use 0.0.0.0:3000
    at Server.setupListenHandle [as _listen2] (node:net:1939:16)
    at listenInCluster (node:net:1996:12)
    at node:net:2205:7
    at process.processTicksAndRejections (node:internal/process/task_queues:90:21) {
  code: 'EADDRINUSE',
  errno: -48,
  syscall: 'listen',
  address: '0.0.0.0',
  port: 3000
}
[2025-09-18T02:12:28.483Z] ERROR: (node:52230) [MONGOOSE] Warning: Duplicate schema index on {"email":1} found. This is often due to declaring an index using both "index: true" and "schema.index()". Please remove the duplicate index definition.
(Use `node --trace-warnings ...` to show where the warning was created)
[2025-09-18T02:12:28.486Z] ERROR: ❌ 서버 오류: Error: listen EADDRINUSE: address already in use 0.0.0.0:3000
    at Server.setupListenHandle [as _listen2] (node:net:1939:16)
    at listenInCluster (node:net:1996:12)
    at node:net:2205:7
    at process.processTicksAndRejections (node:internal/process/task_queues:90:21) {
  code: 'EADDRINUSE',
  errno: -48,
  syscall: 'listen',
  address: '0.0.0.0',
  port: 3000
}
[2025-09-18T02:12:33.644Z] ERROR: (node:52309) [MONGOOSE] Warning: Duplicate schema index on {"email":1} found. This is often due to declaring an index using both "index: true" and "schema.index()". Please remove the duplicate index definition.
(Use `node --trace-warnings ...` to show where the warning was created)
[2025-09-18T02:12:33.647Z] ERROR: ❌ 서버 오류: Error: listen EADDRINUSE: address already in use 0.0.0.0:3000
    at Server.setupListenHandle [as _listen2] (node:net:1939:16)
    at listenInCluster (node:net:1996:12)
    at node:net:2205:7
    at process.processTicksAndRejections (node:internal/process/task_queues:90:21) {
  code: 'EADDRINUSE',
  errno: -48,
  syscall: 'listen',
  address: '0.0.0.0',
  port: 3000
}
[2025-09-18T02:12:38.803Z] ERROR: (node:52377) [MONGOOSE] Warning: Duplicate schema index on {"email":1} found. This is often due to declaring an index using both "index: true" and "schema.index()". Please remove the duplicate index definition.
(Use `node --trace-warnings ...` to show where the warning was created)
[2025-09-18T02:12:38.805Z] ERROR: ❌ 서버 오류: Error: listen EADDRINUSE: address already in use 0.0.0.0:3000
    at Server.setupListenHandle [as _listen2] (node:net:1939:16)
    at listenInCluster (node:net:1996:12)
    at node:net:2205:7
    at process.processTicksAndRejections (node:internal/process/task_queues:90:21) {
  code: 'EADDRINUSE',
  errno: -48,
  syscall: 'listen',
  address: '0.0.0.0',
  port: 3000
}
[2025-09-18T02:12:43.962Z] ERROR: (node:52445) [MONGOOSE] Warning: Duplicate schema index on {"email":1} found. This is often due to declaring an index using both "index: true" and "schema.index()". Please remove the duplicate index definition.
(Use `node --trace-warnings ...` to show where the warning was created)
[2025-09-18T02:12:43.964Z] ERROR: ❌ 서버 오류: Error: listen EADDRINUSE: address already in use 0.0.0.0:3000
    at Server.setupListenHandle [as _listen2] (node:net:1939:16)
    at listenInCluster (node:net:1996:12)
    at node:net:2205:7
    at process.processTicksAndRejections (node:internal/process/task_queues:90:21) {
  code: 'EADDRINUSE',
  errno: -48,
  syscall: 'listen',
  address: '0.0.0.0',
  port: 3000
}
[2025-09-18T02:12:49.127Z] ERROR: (node:52523) [MONGOOSE] Warning: Duplicate schema index on {"email":1} found. This is often due to declaring an index using both "index: true" and "schema.index()". Please remove the duplicate index definition.
(Use `node --trace-warnings ...` to show where the warning was created)
[2025-09-18T02:12:49.130Z] ERROR: ❌ 서버 오류: Error: listen EADDRINUSE: address already in use 0.0.0.0:3000
    at Server.setupListenHandle [as _listen2] (node:net:1939:16)
    at listenInCluster (node:net:1996:12)
    at node:net:2205:7
    at process.processTicksAndRejections (node:internal/process/task_queues:90:21) {
  code: 'EADDRINUSE',
  errno: -48,
  syscall: 'listen',
  address: '0.0.0.0',
  port: 3000
}
[2025-09-18T02:12:54.289Z] ERROR: (node:52605) [MONGOOSE] Warning: Duplicate schema index on {"email":1} found. This is often due to declaring an index using both "index: true" and "schema.index()". Please remove the duplicate index definition.
(Use `node --trace-warnings ...` to show where the warning was created)
[2025-09-18T02:12:54.291Z] ERROR: ❌ 서버 오류: Error: listen EADDRINUSE: address already in use 0.0.0.0:3000
    at Server.setupListenHandle [as _listen2] (node:net:1939:16)
    at listenInCluster (node:net:1996:12)
    at node:net:2205:7
    at process.processTicksAndRejections (node:internal/process/task_queues:90:21) {
  code: 'EADDRINUSE',
  errno: -48,
  syscall: 'listen',
  address: '0.0.0.0',
  port: 3000
}
[2025-09-18T02:12:59.444Z] ERROR: (node:52681) [MONGOOSE] Warning: Duplicate schema index on {"email":1} found. This is often due to declaring an index using both "index: true" and "schema.index()". Please remove the duplicate index definition.
(Use `node --trace-warnings ...` to show where the warning was created)
[2025-09-18T02:12:59.447Z] ERROR: ❌ 서버 오류: Error: listen EADDRINUSE: address already in use 0.0.0.0:3000
    at Server.setupListenHandle [as _listen2] (node:net:1939:16)
    at listenInCluster (node:net:1996:12)
    at node:net:2205:7
    at process.processTicksAndRejections (node:internal/process/task_queues:90:21) {
  code: 'EADDRINUSE',
  errno: -48,
  syscall: 'listen',
  address: '0.0.0.0',
  port: 3000
}
[2025-09-18T02:13:04.606Z] ERROR: (node:52748) [MONGOOSE] Warning: Duplicate schema index on {"email":1} found. This is often due to declaring an index using both "index: true" and "schema.index()". Please remove the duplicate index definition.
(Use `node --trace-warnings ...` to show where the warning was created)
[2025-09-18T02:13:04.609Z] ERROR: ❌ 서버 오류: Error: listen EADDRINUSE: address already in use 0.0.0.0:3000
    at Server.setupListenHandle [as _listen2] (node:net:1939:16)
    at listenInCluster (node:net:1996:12)
    at node:net:2205:7
    at process.processTicksAndRejections (node:internal/process/task_queues:90:21) {
  code: 'EADDRINUSE',
  errno: -48,
  syscall: 'listen',
  address: '0.0.0.0',
  port: 3000
}
[2025-09-18T02:13:09.759Z] ERROR: (node:52818) [MONGOOSE] Warning: Duplicate schema index on {"email":1} found. This is often due to declaring an index using both "index: true" and "schema.index()". Please remove the duplicate index definition.
(Use `node --trace-warnings ...` to show where the warning was created)
[2025-09-18T02:13:09.762Z] ERROR: ❌ 서버 오류: Error: listen EADDRINUSE: address already in use 0.0.0.0:3000
    at Server.setupListenHandle [as _listen2] (node:net:1939:16)
    at listenInCluster (node:net:1996:12)
    at node:net:2205:7
    at process.processTicksAndRejections (node:internal/process/task_queues:90:21) {
  code: 'EADDRINUSE',
  errno: -48,
  syscall: 'listen',
  address: '0.0.0.0',
  port: 3000
}
[2025-09-18T02:13:14.922Z] ERROR: (node:52895) [MONGOOSE] Warning: Duplicate schema index on {"email":1} found. This is often due to declaring an index using both "index: true" and "schema.index()". Please remove the duplicate index definition.
(Use `node --trace-warnings ...` to show where the warning was created)
[2025-09-18T02:13:14.924Z] ERROR: ❌ 서버 오류: Error: listen EADDRINUSE: address already in use 0.0.0.0:3000
    at Server.setupListenHandle [as _listen2] (node:net:1939:16)
    at listenInCluster (node:net:1996:12)
    at node:net:2205:7
    at process.processTicksAndRejections (node:internal/process/task_queues:90:21) {
  code: 'EADDRINUSE',
  errno: -48,
  syscall: 'listen',
  address: '0.0.0.0',
  port: 3000
}
[2025-09-18T02:13:20.078Z] ERROR: (node:52963) [MONGOOSE] Warning: Duplicate schema index on {"email":1} found. This is often due to declaring an index using both "index: true" and "schema.index()". Please remove the duplicate index definition.
(Use `node --trace-warnings ...` to show where the warning was created)
[2025-09-18T02:13:20.081Z] ERROR: ❌ 서버 오류: Error: listen EADDRINUSE: address already in use 0.0.0.0:3000
    at Server.setupListenHandle [as _listen2] (node:net:1939:16)
    at listenInCluster (node:net:1996:12)
    at node:net:2205:7
    at process.processTicksAndRejections (node:internal/process/task_queues:90:21) {
  code: 'EADDRINUSE',
  errno: -48,
  syscall: 'listen',
  address: '0.0.0.0',
  port: 3000
}
[2025-09-18T02:13:25.242Z] ERROR: (node:53030) [MONGOOSE] Warning: Duplicate schema index on {"email":1} found. This is often due to declaring an index using both "index: true" and "schema.index()". Please remove the duplicate index definition.
(Use `node --trace-warnings ...` to show where the warning was created)
[2025-09-18T02:13:25.244Z] ERROR: ❌ 서버 오류: Error: listen EADDRINUSE: address already in use 0.0.0.0:3000
    at Server.setupListenHandle [as _listen2] (node:net:1939:16)
    at listenInCluster (node:net:1996:12)
    at node:net:2205:7
    at process.processTicksAndRejections (node:internal/process/task_queues:90:21) {
  code: 'EADDRINUSE',
  errno: -48,
  syscall: 'listen',
  address: '0.0.0.0',
  port: 3000
}
[2025-09-18T02:13:30.396Z] ERROR: (node:53108) [MONGOOSE] Warning: Duplicate schema index on {"email":1} found. This is often due to declaring an index using both "index: true" and "schema.index()". Please remove the duplicate index definition.
(Use `node --trace-warnings ...` to show where the warning was created)
[2025-09-18T02:13:30.400Z] ERROR: ❌ 서버 오류: Error: listen EADDRINUSE: address already in use 0.0.0.0:3000
    at Server.setupListenHandle [as _listen2] (node:net:1939:16)
    at listenInCluster (node:net:1996:12)
    at node:net:2205:7
    at process.processTicksAndRejections (node:internal/process/task_queues:90:21) {
  code: 'EADDRINUSE',
  errno: -48,
  syscall: 'listen',
  address: '0.0.0.0',
  port: 3000
}
[2025-09-18T02:13:35.557Z] ERROR: (node:53176) [MONGOOSE] Warning: Duplicate schema index on {"email":1} found. This is often due to declaring an index using both "index: true" and "schema.index()". Please remove the duplicate index definition.
(Use `node --trace-warnings ...` to show where the warning was created)
[2025-09-18T02:13:35.560Z] ERROR: ❌ 서버 오류: Error: listen EADDRINUSE: address already in use 0.0.0.0:3000
    at Server.setupListenHandle [as _listen2] (node:net:1939:16)
    at listenInCluster (node:net:1996:12)
    at node:net:2205:7
    at process.processTicksAndRejections (node:internal/process/task_queues:90:21) {
  code: 'EADDRINUSE',
  errno: -48,
  syscall: 'listen',
  address: '0.0.0.0',
  port: 3000
}
[2025-09-18T02:13:40.712Z] ERROR: (node:53253) [MONGOOSE] Warning: Duplicate schema index on {"email":1} found. This is often due to declaring an index using both "index: true" and "schema.index()". Please remove the duplicate index definition.
(Use `node --trace-warnings ...` to show where the warning was created)
[2025-09-18T02:13:40.715Z] ERROR: ❌ 서버 오류: Error: listen EADDRINUSE: address already in use 0.0.0.0:3000
    at Server.setupListenHandle [as _listen2] (node:net:1939:16)
    at listenInCluster (node:net:1996:12)
    at node:net:2205:7
    at process.processTicksAndRejections (node:internal/process/task_queues:90:21) {
  code: 'EADDRINUSE',
  errno: -48,
  syscall: 'listen',
  address: '0.0.0.0',
  port: 3000
}
[2025-09-18T02:13:45.874Z] ERROR: (node:53320) [MONGOOSE] Warning: Duplicate schema index on {"email":1} found. This is often due to declaring an index using both "index: true" and "schema.index()". Please remove the duplicate index definition.
(Use `node --trace-warnings ...` to show where the warning was created)
[2025-09-18T02:13:45.877Z] ERROR: ❌ 서버 오류: Error: listen EADDRINUSE: address already in use 0.0.0.0:3000
    at Server.setupListenHandle [as _listen2] (node:net:1939:16)
    at listenInCluster (node:net:1996:12)
    at node:net:2205:7
    at process.processTicksAndRejections (node:internal/process/task_queues:90:21) {
  code: 'EADDRINUSE',
  errno: -48,
  syscall: 'listen',
  address: '0.0.0.0',
  port: 3000
}
[2025-09-18T02:13:51.028Z] ERROR: (node:53390) [MONGOOSE] Warning: Duplicate schema index on {"email":1} found. This is often due to declaring an index using both "index: true" and "schema.index()". Please remove the duplicate index definition.
(Use `node --trace-warnings ...` to show where the warning was created)
[2025-09-18T02:13:51.031Z] ERROR: ❌ 서버 오류: Error: listen EADDRINUSE: address already in use 0.0.0.0:3000
    at Server.setupListenHandle [as _listen2] (node:net:1939:16)
    at listenInCluster (node:net:1996:12)
    at node:net:2205:7
    at process.processTicksAndRejections (node:internal/process/task_queues:90:21) {
  code: 'EADDRINUSE',
  errno: -48,
  syscall: 'listen',
  address: '0.0.0.0',
  port: 3000
}
[2025-09-18T02:13:56.191Z] ERROR: (node:53466) [MONGOOSE] Warning: Duplicate schema index on {"email":1} found. This is often due to declaring an index using both "index: true" and "schema.index()". Please remove the duplicate index definition.
(Use `node --trace-warnings ...` to show where the warning was created)
[2025-09-18T02:13:56.195Z] ERROR: ❌ 서버 오류: Error: listen EADDRINUSE: address already in use 0.0.0.0:3000
    at Server.setupListenHandle [as _listen2] (node:net:1939:16)
    at listenInCluster (node:net:1996:12)
    at node:net:2205:7
    at process.processTicksAndRejections (node:internal/process/task_queues:90:21) {
  code: 'EADDRINUSE',
  errno: -48,
  syscall: 'listen',
  address: '0.0.0.0',
  port: 3000
}
[2025-09-18T02:14:01.341Z] ERROR: (node:53533) [MONGOOSE] Warning: Duplicate schema index on {"email":1} found. This is often due to declaring an index using both "index: true" and "schema.index()". Please remove the duplicate index definition.
(Use `node --trace-warnings ...` to show where the warning was created)
[2025-09-18T02:14:01.345Z] ERROR: ❌ 서버 오류: Error: listen EADDRINUSE: address already in use 0.0.0.0:3000
    at Server.setupListenHandle [as _listen2] (node:net:1939:16)
    at listenInCluster (node:net:1996:12)
    at node:net:2205:7
    at process.processTicksAndRejections (node:internal/process/task_queues:90:21) {
  code: 'EADDRINUSE',
  errno: -48,
  syscall: 'listen',
  address: '0.0.0.0',
  port: 3000
}
[2025-09-18T02:14:06.503Z] ERROR: (node:53601) [MONGOOSE] Warning: Duplicate schema index on {"email":1} found. This is often due to declaring an index using both "index: true" and "schema.index()". Please remove the duplicate index definition.
(Use `node --trace-warnings ...` to show where the warning was created)
[2025-09-18T02:14:06.507Z] ERROR: ❌ 서버 오류: Error: listen EADDRINUSE: address already in use 0.0.0.0:3000
    at Server.setupListenHandle [as _listen2] (node:net:1939:16)
    at listenInCluster (node:net:1996:12)
    at node:net:2205:7
    at process.processTicksAndRejections (node:internal/process/task_queues:90:21) {
  code: 'EADDRINUSE',
  errno: -48,
  syscall: 'listen',
  address: '0.0.0.0',
  port: 3000
}
[2025-09-18T02:14:11.665Z] ERROR: (node:53680) [MONGOOSE] Warning: Duplicate schema index on {"email":1} found. This is often due to declaring an index using both "index: true" and "schema.index()". Please remove the duplicate index definition.
(Use `node --trace-warnings ...` to show where the warning was created)
[2025-09-18T02:14:11.668Z] ERROR: ❌ 서버 오류: Error: listen EADDRINUSE: address already in use 0.0.0.0:3000
    at Server.setupListenHandle [as _listen2] (node:net:1939:16)
    at listenInCluster (node:net:1996:12)
    at node:net:2205:7
    at process.processTicksAndRejections (node:internal/process/task_queues:90:21) {
  code: 'EADDRINUSE',
  errno: -48,
  syscall: 'listen',
  address: '0.0.0.0',
  port: 3000
}
[2025-09-18T02:14:16.822Z] ERROR: (node:53749) [MONGOOSE] Warning: Duplicate schema index on {"email":1} found. This is often due to declaring an index using both "index: true" and "schema.index()". Please remove the duplicate index definition.
(Use `node --trace-warnings ...` to show where the warning was created)
[2025-12-11T08:43:58.572Z] ERROR: 🚨 높은 시스템 메모리 사용량: 48687MB / 49152MB (99.1%)
⚠️ 가비지 컬렉션을 사용할 수 없습니다. --expose-gc 플래그를 사용하세요.
[2025-12-11T08:44:28.573Z] ERROR: 🚨 높은 시스템 메모리 사용량: 48842MB / 49152MB (99.4%)
⚠️ 가비지 컬렉션을 사용할 수 없습니다. --expose-gc 플래그를 사용하세요.
[2025-12-11T08:44:58.574Z] ERROR: 🚨 높은 시스템 메모리 사용량: 48696MB / 49152MB (99.1%)
⚠️ 가비지 컬렉션을 사용할 수 없습니다. --expose-gc 플래그를 사용하세요.
[2025-12-11T08:45:28.575Z] ERROR: 🚨 높은 시스템 메모리 사용량: 48200MB / 49152MB (98.1%)
⚠️ 가비지 컬렉션을 사용할 수 없습니다. --expose-gc 플래그를 사용하세요.
[2025-12-11T08:45:58.575Z] ERROR: 🚨 높은 시스템 메모리 사용량: 48160MB / 49152MB (98.0%)
⚠️ 가비지 컬렉션을 사용할 수 없습니다. --expose-gc 플래그를 사용하세요.
[2025-12-11T08:46:28.575Z] ERROR: 🚨 높은 시스템 메모리 사용량: 48135MB / 49152MB (97.9%)
⚠️ 가비지 컬렉션을 사용할 수 없습니다. --expose-gc 플래그를 사용하세요.
[2025-12-11T08:46:58.577Z] ERROR: 🚨 높은 시스템 메모리 사용량: 48079MB / 49152MB (97.8%)
⚠️ 가비지 컬렉션을 사용할 수 없습니다. --expose-gc 플래그를 사용하세요.
[2025-12-11T08:47:28.576Z] ERROR: 🚨 높은 시스템 메모리 사용량: 48120MB / 49152MB (97.9%)
⚠️ 가비지 컬렉션을 사용할 수 없습니다. --expose-gc 플래그를 사용하세요.
[2025-12-11T08:47:58.577Z] ERROR: 🚨 높은 시스템 메모리 사용량: 48770MB / 49152MB (99.2%)
⚠️ 가비지 컬렉션을 사용할 수 없습니다. --expose-gc 플래그를 사용하세요.
[2025-12-11T08:48:28.576Z] ERROR: 🚨 높은 시스템 메모리 사용량: 48893MB / 49152MB (99.5%)
⚠️ 가비지 컬렉션을 사용할 수 없습니다. --expose-gc 플래그를 사용하세요.
[2025-12-11T08:48:58.580Z] ERROR: 🚨 높은 시스템 메모리 사용량: 48832MB / 49152MB (99.3%)
⚠️ 가비지 컬렉션을 사용할 수 없습니다. --expose-gc 플래그를 사용하세요.
[2025-12-11T08:49:28.579Z] ERROR: 🚨 높은 시스템 메모리 사용량: 48721MB / 49152MB (99.1%)
⚠️ 가비지 컬렉션을 사용할 수 없습니다. --expose-gc 플래그를 사용하세요.
[2025-12-11T08:49:58.579Z] ERROR: 🚨 높은 시스템 메모리 사용량: 49029MB / 49152MB (99.8%)
⚠️ 가비지 컬렉션을 사용할 수 없습니다. --expose-gc 플래그를 사용하세요.
[2025-12-11T08:50:28.579Z] ERROR: 🚨 높은 시스템 메모리 사용량: 48949MB / 49152MB (99.6%)
⚠️ 가비지 컬렉션을 사용할 수 없습니다. --expose-gc 플래그를 사용하세요.
[2025-12-11T08:50:58.580Z] ERROR: 🚨 높은 시스템 메모리 사용량: 48774MB / 49152MB (99.2%)
⚠️ 가비지 컬렉션을 사용할 수 없습니다. --expose-gc 플래그를 사용하세요.
[2025-12-11T08:51:28.579Z] ERROR: 🚨 높은 시스템 메모리 사용량: 48257MB / 49152MB (98.2%)
⚠️ 가비지 컬렉션을 사용할 수 없습니다. --expose-gc 플래그를 사용하세요.
[2025-12-11T08:51:58.582Z] ERROR: 🚨 높은 시스템 메모리 사용량: 48187MB / 49152MB (98.0%)
⚠️ 가비지 컬렉션을 사용할 수 없습니다. --expose-gc 플래그를 사용하세요.
[2025-12-11T08:52:28.581Z] ERROR: 🚨 높은 시스템 메모리 사용량: 48228MB / 49152MB (98.1%)
⚠️ 가비지 컬렉션을 사용할 수 없습니다. --expose-gc 플래그를 사용하세요.
[2025-12-11T08:52:58.584Z] ERROR: 🚨 높은 시스템 메모리 사용량: 48397MB / 49152MB (98.5%)
⚠️ 가비지 컬렉션을 사용할 수 없습니다. --expose-gc 플래그를 사용하세요.
[2025-12-11T08:53:28.584Z] ERROR: 🚨 높은 시스템 메모리 사용량: 48249MB / 49152MB (98.2%)
⚠️ 가비지 컬렉션을 사용할 수 없습니다. --expose-gc 플래그를 사용하세요.
[2025-12-11T08:53:58.586Z] ERROR: 🚨 높은 시스템 메모리 사용량: 48214MB / 49152MB (98.1%)
⚠️ 가비지 컬렉션을 사용할 수 없습니다. --expose-gc 플래그를 사용하세요.
[2025-12-11T08:54:28.588Z] ERROR: 🚨 높은 시스템 메모리 사용량: 48290MB / 49152MB (98.2%)
⚠️ 가비지 컬렉션을 사용할 수 없습니다. --expose-gc 플래그를 사용하세요.
[2025-12-11T08:54:58.588Z] ERROR: 🚨 높은 시스템 메모리 사용량: 48834MB / 49152MB (99.4%)
⚠️ 가비지 컬렉션을 사용할 수 없습니다. --expose-gc 플래그를 사용하세요.
[2025-12-11T08:55:28.586Z] ERROR: 🚨 높은 시스템 메모리 사용량: 48215MB / 49152MB (98.1%)
⚠️ 가비지 컬렉션을 사용할 수 없습니다. --expose-gc 플래그를 사용하세요.
[2025-12-11T08:55:58.587Z] ERROR: 🚨 높은 시스템 메모리 사용량: 48226MB / 49152MB (98.1%)
⚠️ 가비지 컬렉션을 사용할 수 없습니다. --expose-gc 플래그를 사용하세요.
[2025-12-11T08:56:28.588Z] ERROR: 🚨 높은 시스템 메모리 사용량: 48400MB / 49152MB (98.5%)
⚠️ 가비지 컬렉션을 사용할 수 없습니다. --expose-gc 플래그를 사용하세요.
[2025-12-11T08:56:58.590Z] ERROR: 🚨 높은 시스템 메모리 사용량: 48324MB / 49152MB (98.3%)
⚠️ 가비지 컬렉션을 사용할 수 없습니다. --expose-gc 플래그를 사용하세요.
[2025-12-11T08:57:28.592Z] ERROR: 🚨 높은 시스템 메모리 사용량: 48339MB / 49152MB (98.3%)
⚠️ 가비지 컬렉션을 사용할 수 없습니다. --expose-gc 플래그를 사용하세요.
[2025-12-11T08:57:58.590Z] ERROR: 🚨 높은 시스템 메모리 사용량: 48393MB / 49152MB (98.5%)
⚠️ 가비지 컬렉션을 사용할 수 없습니다. --expose-gc 플래그를 사용하세요.
[2025-12-11T08:58:28.594Z] ERROR: 🚨 높은 시스템 메모리 사용량: 48432MB / 49152MB (98.5%)
⚠️ 가비지 컬렉션을 사용할 수 없습니다. --expose-gc 플래그를 사용하세요.
[2025-12-11T08:58:58.591Z] ERROR: 🚨 높은 시스템 메모리 사용량: 48379MB / 49152MB (98.4%)
⚠️ 가비지 컬렉션을 사용할 수 없습니다. --expose-gc 플래그를 사용하세요.
[2025-12-11T08:59:28.591Z] ERROR: 🚨 높은 시스템 메모리 사용량: 48381MB / 49152MB (98.4%)
⚠️ 가비지 컬렉션을 사용할 수 없습니다. --expose-gc 플래그를 사용하세요.
[2025-12-11T08:59:58.592Z] ERROR: 🚨 높은 시스템 메모리 사용량: 48985MB / 49152MB (99.7%)
⚠️ 가비지 컬렉션을 사용할 수 없습니다. --expose-gc 플래그를 사용하세요.
[2025-12-11T09:00:28.592Z] ERROR: 🚨 높은 시스템 메모리 사용량: 48923MB / 49152MB (99.5%)
⚠️ 가비지 컬렉션을 사용할 수 없습니다. --expose-gc 플래그를 사용하세요.
[2025-12-11T09:00:58.596Z] ERROR: 🚨 높은 시스템 메모리 사용량: 48395MB / 49152MB (98.5%)
⚠️ 가비지 컬렉션을 사용할 수 없습니다. --expose-gc 플래그를 사용하세요.
[2025-12-11T09:01:28.596Z] ERROR: 🚨 높은 시스템 메모리 사용량: 48408MB / 49152MB (98.5%)
⚠️ 가비지 컬렉션을 사용할 수 없습니다. --expose-gc 플래그를 사용하세요.
[2025-12-11T09:01:58.596Z] ERROR: 🚨 높은 시스템 메모리 사용량: 48428MB / 49152MB (98.5%)
⚠️ 가비지 컬렉션을 사용할 수 없습니다. --expose-gc 플래그를 사용하세요.
[2025-12-11T09:02:28.596Z] ERROR: 🚨 높은 시스템 메모리 사용량: 48405MB / 49152MB (98.5%)
⚠️ 가비지 컬렉션을 사용할 수 없습니다. --expose-gc 플래그를 사용하세요.
[2025-12-11T09:02:58.598Z] ERROR: 🚨 높은 시스템 메모리 사용량: 48417MB / 49152MB (98.5%)
⚠️ 가비지 컬렉션을 사용할 수 없습니다. --expose-gc 플래그를 사용하세요.
[2025-12-11T09:03:28.599Z] ERROR: 🚨 높은 시스템 메모리 사용량: 48428MB / 49152MB (98.5%)
⚠️ 가비지 컬렉션을 사용할 수 없습니다. --expose-gc 플래그를 사용하세요.
[2025-12-11T09:03:58.599Z] ERROR: 🚨 높은 시스템 메모리 사용량: 48415MB / 49152MB (98.5%)
⚠️ 가비지 컬렉션을 사용할 수 없습니다. --expose-gc 플래그를 사용하세요.
[2025-12-11T09:04:28.600Z] ERROR: 🚨 높은 시스템 메모리 사용량: 48480MB / 49152MB (98.6%)
⚠️ 가비지 컬렉션을 사용할 수 없습니다. --expose-gc 플래그를 사용하세요.
[2025-12-11T09:04:58.602Z] ERROR: 🚨 높은 시스템 메모리 사용량: 48477MB / 49152MB (98.6%)
⚠️ 가비지 컬렉션을 사용할 수 없습니다. --expose-gc 플래그를 사용하세요.
[2025-12-11T09:05:28.602Z] ERROR: 🚨 높은 시스템 메모리 사용량: 48873MB / 49152MB (99.4%)
⚠️ 가비지 컬렉션을 사용할 수 없습니다. --expose-gc 플래그를 사용하세요.
[2025-12-11T09:05:58.604Z] ERROR: 🚨 높은 시스템 메모리 사용량: 48367MB / 49152MB (98.4%)
⚠️ 가비지 컬렉션을 사용할 수 없습니다. --expose-gc 플래그를 사용하세요.
[2025-12-11T09:06:28.603Z] ERROR: 🚨 높은 시스템 메모리 사용량: 48419MB / 49152MB (98.5%)
⚠️ 가비지 컬렉션을 사용할 수 없습니다. --expose-gc 플래그를 사용하세요.
[2025-12-11T09:06:58.605Z] ERROR: 🚨 높은 시스템 메모리 사용량: 48379MB / 49152MB (98.4%)
⚠️ 가비지 컬렉션을 사용할 수 없습니다. --expose-gc 플래그를 사용하세요.
[2025-12-11T09:07:28.604Z] ERROR: 🚨 높은 시스템 메모리 사용량: 48427MB / 49152MB (98.5%)
⚠️ 가비지 컬렉션을 사용할 수 없습니다. --expose-gc 플래그를 사용하세요.
[2025-12-11T09:07:58.606Z] ERROR: 🚨 높은 시스템 메모리 사용량: 48432MB / 49152MB (98.5%)
⚠️ 가비지 컬렉션을 사용할 수 없습니다. --expose-gc 플래그를 사용하세요.
[2025-12-11T09:08:28.605Z] ERROR: 🚨 높은 시스템 메모리 사용량: 48375MB / 49152MB (98.4%)
⚠️ 가비지 컬렉션을 사용할 수 없습니다. --expose-gc 플래그를 사용하세요.
[2025-12-11T09:08:58.607Z] ERROR: 🚨 높은 시스템 메모리 사용량: 48364MB / 49152MB (98.4%)
⚠️ 가비지 컬렉션을 사용할 수 없습니다. --expose-gc 플래그를 사용하세요.
[2025-12-11T09:09:28.606Z] ERROR: 🚨 높은 시스템 메모리 사용량: 48393MB / 49152MB (98.5%)
⚠️ 가비지 컬렉션을 사용할 수 없습니다. --expose-gc 플래그를 사용하세요.
[2025-12-11T09:09:58.609Z] ERROR: 🚨 높은 시스템 메모리 사용량: 48373MB / 49152MB (98.4%)
⚠️ 가비지 컬렉션을 사용할 수 없습니다. --expose-gc 플래그를 사용하세요.
[2025-12-11T09:10:28.610Z] ERROR: 🚨 높은 시스템 메모리 사용량: 49044MB / 49152MB (99.8%)
⚠️ 가비지 컬렉션을 사용할 수 없습니다. --expose-gc 플래그를 사용하세요.
[2025-12-11T09:10:58.614Z] ERROR: 🚨 높은 시스템 메모리 사용량: 48316MB / 49152MB (98.3%)
⚠️ 가비지 컬렉션을 사용할 수 없습니다. --expose-gc 플래그를 사용하세요.
[2025-12-11T09:11:28.615Z] ERROR: 🚨 높은 시스템 메모리 사용량: 48239MB / 49152MB (98.1%)
⚠️ 가비지 컬렉션을 사용할 수 없습니다. --expose-gc 플래그를 사용하세요.
[2025-12-11T09:11:58.609Z] ERROR: 🚨 높은 시스템 메모리 사용량: 48222MB / 49152MB (98.1%)
⚠️ 가비지 컬렉션을 사용할 수 없습니다. --expose-gc 플래그를 사용하세요.
[2025-12-11T09:12:28.600Z] ERROR: 🚨 높은 시스템 메모리 사용량: 48214MB / 49152MB (98.1%)
⚠️ 가비지 컬렉션을 사용할 수 없습니다. --expose-gc 플래그를 사용하세요.
[2025-12-11T09:12:58.603Z] ERROR: 🚨 높은 시스템 메모리 사용량: 48217MB / 49152MB (98.1%)
⚠️ 가비지 컬렉션을 사용할 수 없습니다. --expose-gc 플래그를 사용하세요.
[2025-12-11T09:13:28.603Z] ERROR: 🚨 높은 시스템 메모리 사용량: 48201MB / 49152MB (98.1%)
⚠️ 가비지 컬렉션을 사용할 수 없습니다. --expose-gc 플래그를 사용하세요.
[2025-12-11T09:13:58.605Z] ERROR: 🚨 높은 시스템 메모리 사용량: 48221MB / 49152MB (98.1%)
⚠️ 가비지 컬렉션을 사용할 수 없습니다. --expose-gc 플래그를 사용하세요.
[2025-12-11T09:14:28.605Z] ERROR: 🚨 높은 시스템 메모리 사용량: 48693MB / 49152MB (99.1%)
⚠️ 가비지 컬렉션을 사용할 수 없습니다. --expose-gc 플래그를 사용하세요.
[2025-12-11T09:14:58.607Z] ERROR: 🚨 높은 시스템 메모리 사용량: 48680MB / 49152MB (99.0%)
⚠️ 가비지 컬렉션을 사용할 수 없습니다. --expose-gc 플래그를 사용하세요.
[2025-12-11T09:24:43.247Z] ERROR: 🚨 높은 시스템 메모리 사용량: 49012MB / 49152MB (99.7%)
⚠️ 가비지 컬렉션을 사용할 수 없습니다. --expose-gc 플래그를 사용하세요.
[2025-12-11T09:25:13.240Z] ERROR: 🚨 높은 시스템 메모리 사용량: 48027MB / 49152MB (97.7%)
⚠️ 가비지 컬렉션을 사용할 수 없습니다. --expose-gc 플래그를 사용하세요.
[2025-12-11T09:41:53.652Z] ERROR: 🚨 높은 시스템 메모리 사용량: 48085MB / 49152MB (97.8%)
⚠️ 가비지 컬렉션을 사용할 수 없습니다. --expose-gc 플래그를 사용하세요.
[2025-12-11T09:42:23.655Z] ERROR: 🚨 높은 시스템 메모리 사용량: 48344MB / 49152MB (98.4%)
⚠️ 가비지 컬렉션을 사용할 수 없습니다. --expose-gc 플래그를 사용하세요.
[2025-12-11T09:58:34.213Z] ERROR: 🚨 높은 시스템 메모리 사용량: 47945MB / 49152MB (97.5%)
⚠️ 가비지 컬렉션을 사용할 수 없습니다. --expose-gc 플래그를 사용하세요.
[2025-12-11T09:59:04.204Z] ERROR: 🚨 높은 시스템 메모리 사용량: 47928MB / 49152MB (97.5%)
⚠️ 가비지 컬렉션을 사용할 수 없습니다. --expose-gc 플래그를 사용하세요.
[2025-12-11T10:14:40.134Z] ERROR: 🚨 높은 시스템 메모리 사용량: 48335MB / 49152MB (98.3%)
⚠️ 가비지 컬렉션을 사용할 수 없습니다. --expose-gc 플래그를 사용하세요.
[2025-12-11T10:15:10.138Z] ERROR: 🚨 높은 시스템 메모리 사용량: 47715MB / 49152MB (97.1%)
⚠️ 가비지 컬렉션을 사용할 수 없습니다. --expose-gc 플래그를 사용하세요.
[2025-12-11T10:30:53.128Z] ERROR: 🚨 높은 시스템 메모리 사용량: 47877MB / 49152MB (97.4%)
⚠️ 가비지 컬렉션을 사용할 수 없습니다. --expose-gc 플래그를 사용하세요.
[2025-12-11T10:31:23.119Z] ERROR: 🚨 높은 시스템 메모리 사용량: 48384MB / 49152MB (98.4%)
⚠️ 가비지 컬렉션을 사용할 수 없습니다. --expose-gc 플래그를 사용하세요.
[2025-12-11T10:31:53.117Z] ERROR: 🚨 높은 시스템 메모리 사용량: 47870MB / 49152MB (97.4%)
⚠️ 가비지 컬렉션을 사용할 수 없습니다. --expose-gc 플래그를 사용하세요.
[2025-12-11T10:32:23.119Z] ERROR: 🚨 높은 시스템 메모리 사용량: 47869MB / 49152MB (97.4%)
⚠️ 가비지 컬렉션을 사용할 수 없습니다. --expose-gc 플래그를 사용하세요.
[2025-12-11T10:32:53.119Z] ERROR: 🚨 높은 시스템 메모리 사용량: 47838MB / 49152MB (97.3%)
⚠️ 가비지 컬렉션을 사용할 수 없습니다. --expose-gc 플래그를 사용하세요.
[2025-12-11T10:33:23.119Z] ERROR: 🚨 높은 시스템 메모리 사용량: 47839MB / 49152MB (97.3%)
⚠️ 가비지 컬렉션을 사용할 수 없습니다. --expose-gc 플래그를 사용하세요.
[2025-12-11T10:33:53.120Z] ERROR: 🚨 높은 시스템 메모리 사용량: 47859MB / 49152MB (97.4%)
⚠️ 가비지 컬렉션을 사용할 수 없습니다. --expose-gc 플래그를 사용하세요.
[2025-12-11T10:34:23.121Z] ERROR: 🚨 높은 시스템 메모리 사용량: 47770MB / 49152MB (97.2%)
⚠️ 가비지 컬렉션을 사용할 수 없습니다. --expose-gc 플래그를 사용하세요.
[2025-12-11T10:34:53.121Z] ERROR: 🚨 높은 시스템 메모리 사용량: 48283MB / 49152MB (98.2%)
⚠️ 가비지 컬렉션을 사용할 수 없습니다. --expose-gc 플래그를 사용하세요.
[2025-12-11T10:35:23.122Z] ERROR: 🚨 높은 시스템 메모리 사용량: 48234MB / 49152MB (98.1%)
⚠️ 가비지 컬렉션을 사용할 수 없습니다. --expose-gc 플래그를 사용하세요.
[2025-12-11T10:35:53.121Z] ERROR: 🚨 높은 시스템 메모리 사용량: 48365MB / 49152MB (98.4%)
⚠️ 가비지 컬렉션을 사용할 수 없습니다. --expose-gc 플래그를 사용하세요.
[2025-12-11T10:36:23.122Z] ERROR: 🚨 높은 시스템 메모리 사용량: 48887MB / 49152MB (99.5%)
⚠️ 가비지 컬렉션을 사용할 수 없습니다. --expose-gc 플래그를 사용하세요.
[2025-12-11T10:36:53.121Z] ERROR: 🚨 높은 시스템 메모리 사용량: 48450MB / 49152MB (98.6%)
⚠️ 가비지 컬렉션을 사용할 수 없습니다. --expose-gc 플래그를 사용하세요.
[2025-12-11T10:37:23.123Z] ERROR: 🚨 높은 시스템 메모리 사용량: 48398MB / 49152MB (98.5%)
⚠️ 가비지 컬렉션을 사용할 수 없습니다. --expose-gc 플래그를 사용하세요.
[2025-12-11T10:37:53.124Z] ERROR: 🚨 높은 시스템 메모리 사용량: 48305MB / 49152MB (98.3%)
⚠️ 가비지 컬렉션을 사용할 수 없습니다. --expose-gc 플래그를 사용하세요.
[2025-12-11T10:38:23.124Z] ERROR: 🚨 높은 시스템 메모리 사용량: 48339MB / 49152MB (98.3%)
⚠️ 가비지 컬렉션을 사용할 수 없습니다. --expose-gc 플래그를 사용하세요.
[2025-12-11T10:38:53.123Z] ERROR: 🚨 높은 시스템 메모리 사용량: 48345MB / 49152MB (98.4%)
⚠️ 가비지 컬렉션을 사용할 수 없습니다. --expose-gc 플래그를 사용하세요.
[2025-12-11T10:39:23.126Z] ERROR: 🚨 높은 시스템 메모리 사용량: 48294MB / 49152MB (98.3%)
⚠️ 가비지 컬렉션을 사용할 수 없습니다. --expose-gc 플래그를 사용하세요.
[2025-12-11T10:39:53.126Z] ERROR: 🚨 높은 시스템 메모리 사용량: 48511MB / 49152MB (98.7%)
⚠️ 가비지 컬렉션을 사용할 수 없습니다. --expose-gc 플래그를 사용하세요.
[2025-12-11T10:40:23.127Z] ERROR: 🚨 높은 시스템 메모리 사용량: 48803MB / 49152MB (99.3%)
⚠️ 가비지 컬렉션을 사용할 수 없습니다. --expose-gc 플래그를 사용하세요.
[2025-12-11T10:40:53.126Z] ERROR: 🚨 높은 시스템 메모리 사용량: 48854MB / 49152MB (99.4%)
⚠️ 가비지 컬렉션을 사용할 수 없습니다. --expose-gc 플래그를 사용하세요.
[2025-12-11T10:41:23.129Z] ERROR: 🚨 높은 시스템 메모리 사용량: 49080MB / 49152MB (99.9%)
⚠️ 가비지 컬렉션을 사용할 수 없습니다. --expose-gc 플래그를 사용하세요.
[2025-12-11T10:41:53.130Z] ERROR: 🚨 높은 시스템 메모리 사용량: 48569MB / 49152MB (98.8%)
⚠️ 가비지 컬렉션을 사용할 수 없습니다. --expose-gc 플래그를 사용하세요.
[2025-12-11T10:42:23.133Z] ERROR: 🚨 높은 시스템 메모리 사용량: 48483MB / 49152MB (98.6%)
⚠️ 가비지 컬렉션을 사용할 수 없습니다. --expose-gc 플래그를 사용하세요.
[2025-12-11T10:42:53.132Z] ERROR: 🚨 높은 시스템 메모리 사용량: 48504MB / 49152MB (98.7%)
⚠️ 가비지 컬렉션을 사용할 수 없습니다. --expose-gc 플래그를 사용하세요.
[2025-12-11T10:43:23.136Z] ERROR: 🚨 높은 시스템 메모리 사용량: 48440MB / 49152MB (98.6%)
⚠️ 가비지 컬렉션을 사용할 수 없습니다. --expose-gc 플래그를 사용하세요.
[2025-12-11T10:43:53.135Z] ERROR: 🚨 높은 시스템 메모리 사용량: 48479MB / 49152MB (98.6%)
⚠️ 가비지 컬렉션을 사용할 수 없습니다. --expose-gc 플래그를 사용하세요.
[2025-12-11T10:44:23.137Z] ERROR: 🚨 높은 시스템 메모리 사용량: 48436MB / 49152MB (98.5%)
⚠️ 가비지 컬렉션을 사용할 수 없습니다. --expose-gc 플래그를 사용하세요.
[2025-12-11T10:44:53.138Z] ERROR: 🚨 높은 시스템 메모리 사용량: 48450MB / 49152MB (98.6%)
⚠️ 가비지 컬렉션을 사용할 수 없습니다. --expose-gc 플래그를 사용하세요.
[2025-12-11T10:45:23.141Z] ERROR: 🚨 높은 시스템 메모리 사용량: 48978MB / 49152MB (99.6%)
⚠️ 가비지 컬렉션을 사용할 수 없습니다. --expose-gc 플래그를 사용하세요.
[2025-12-11T10:45:53.141Z] ERROR: 🚨 높은 시스템 메모리 사용량: 48997MB / 49152MB (99.7%)
⚠️ 가비지 컬렉션을 사용할 수 없습니다. --expose-gc 플래그를 사용하세요.
[2025-12-11T10:46:23.141Z] ERROR: 🚨 높은 시스템 메모리 사용량: 48927MB / 49152MB (99.5%)
⚠️ 가비지 컬렉션을 사용할 수 없습니다. --expose-gc 플래그를 사용하세요.
[2025-12-11T10:46:53.143Z] ERROR: 🚨 높은 시스템 메모리 사용량: 49081MB / 49152MB (99.9%)
⚠️ 가비지 컬렉션을 사용할 수 없습니다. --expose-gc 플래그를 사용하세요.
[2025-12-11T10:47:23.143Z] ERROR: 🚨 높은 시스템 메모리 사용량: 48480MB / 49152MB (98.6%)
⚠️ 가비지 컬렉션을 사용할 수 없습니다. --expose-gc 플래그를 사용하세요.
[2025-12-11T10:47:53.142Z] ERROR: 🚨 높은 시스템 메모리 사용량: 48408MB / 49152MB (98.5%)
⚠️ 가비지 컬렉션을 사용할 수 없습니다. --expose-gc 플래그를 사용하세요.
[2025-12-11T10:48:23.145Z] ERROR: 🚨 높은 시스템 메모리 사용량: 48355MB / 49152MB (98.4%)
⚠️ 가비지 컬렉션을 사용할 수 없습니다. --expose-gc 플래그를 사용하세요.
[2025-12-11T10:48:53.145Z] ERROR: 🚨 높은 시스템 메모리 사용량: 48340MB / 49152MB (98.3%)
⚠️ 가비지 컬렉션을 사용할 수 없습니다. --expose-gc 플래그를 사용하세요.
[2025-12-11T10:49:23.147Z] ERROR: 🚨 높은 시스템 메모리 사용량: 48292MB / 49152MB (98.3%)
⚠️ 가비지 컬렉션을 사용할 수 없습니다. --expose-gc 플래그를 사용하세요.
[2025-12-11T10:49:53.149Z] ERROR: 🚨 높은 시스템 메모리 사용량: 48478MB / 49152MB (98.6%)
⚠️ 가비지 컬렉션을 사용할 수 없습니다. --expose-gc 플래그를 사용하세요.
[2025-12-11T10:50:23.150Z] ERROR: 🚨 높은 시스템 메모리 사용량: 48782MB / 49152MB (99.2%)
⚠️ 가비지 컬렉션을 사용할 수 없습니다. --expose-gc 플래그를 사용하세요.
[2025-12-11T10:50:53.150Z] ERROR: 🚨 높은 시스템 메모리 사용량: 48885MB / 49152MB (99.5%)
⚠️ 가비지 컬렉션을 사용할 수 없습니다. --expose-gc 플래그를 사용하세요.
[2025-12-11T10:51:23.151Z] ERROR: 🚨 높은 시스템 메모리 사용량: 48761MB / 49152MB (99.2%)
⚠️ 가비지 컬렉션을 사용할 수 없습니다. --expose-gc 플래그를 사용하세요.
[2025-12-11T10:51:53.151Z] ERROR: 🚨 높은 시스템 메모리 사용량: 49011MB / 49152MB (99.7%)
⚠️ 가비지 컬렉션을 사용할 수 없습니다. --expose-gc 플래그를 사용하세요.
[2025-12-11T10:52:23.153Z] ERROR: 🚨 높은 시스템 메모리 사용량: 48420MB / 49152MB (98.5%)
⚠️ 가비지 컬렉션을 사용할 수 없습니다. --expose-gc 플래그를 사용하세요.
[2025-12-11T10:52:53.153Z] ERROR: 🚨 높은 시스템 메모리 사용량: 48398MB / 49152MB (98.5%)
⚠️ 가비지 컬렉션을 사용할 수 없습니다. --expose-gc 플래그를 사용하세요.
[2025-12-11T10:53:23.154Z] ERROR: 🚨 높은 시스템 메모리 사용량: 48335MB / 49152MB (98.3%)
⚠️ 가비지 컬렉션을 사용할 수 없습니다. --expose-gc 플래그를 사용하세요.
[2025-12-11T10:53:53.157Z] ERROR: 🚨 높은 시스템 메모리 사용량: 48347MB / 49152MB (98.4%)
⚠️ 가비지 컬렉션을 사용할 수 없습니다. --expose-gc 플래그를 사용하세요.
[2025-12-11T10:54:23.153Z] ERROR: 🚨 높은 시스템 메모리 사용량: 48314MB / 49152MB (98.3%)
⚠️ 가비지 컬렉션을 사용할 수 없습니다. --expose-gc 플래그를 사용하세요.
[2025-12-11T10:54:53.142Z] ERROR: 🚨 높은 시스템 메모리 사용량: 48372MB / 49152MB (98.4%)
⚠️ 가비지 컬렉션을 사용할 수 없습니다. --expose-gc 플래그를 사용하세요.
[2025-12-11T10:55:23.143Z] ERROR: 🚨 높은 시스템 메모리 사용량: 48876MB / 49152MB (99.4%)
⚠️ 가비지 컬렉션을 사용할 수 없습니다. --expose-gc 플래그를 사용하세요.
[2025-12-11T10:55:53.144Z] ERROR: 🚨 높은 시스템 메모리 사용량: 48785MB / 49152MB (99.3%)
⚠️ 가비지 컬렉션을 사용할 수 없습니다. --expose-gc 플래그를 사용하세요.
[2025-12-11T10:56:23.144Z] ERROR: 🚨 높은 시스템 메모리 사용량: 48895MB / 49152MB (99.5%)
⚠️ 가비지 컬렉션을 사용할 수 없습니다. --expose-gc 플래그를 사용하세요.
[2025-12-11T10:56:53.146Z] ERROR: 🚨 높은 시스템 메모리 사용량: 49031MB / 49152MB (99.8%)
⚠️ 가비지 컬렉션을 사용할 수 없습니다. --expose-gc 플래그를 사용하세요.
[2025-12-11T10:57:23.146Z] ERROR: 🚨 높은 시스템 메모리 사용량: 48511MB / 49152MB (98.7%)
⚠️ 가비지 컬렉션을 사용할 수 없습니다. --expose-gc 플래그를 사용하세요.
[2025-12-11T10:57:53.148Z] ERROR: 🚨 높은 시스템 메모리 사용량: 48484MB / 49152MB (98.6%)
⚠️ 가비지 컬렉션을 사용할 수 없습니다. --expose-gc 플래그를 사용하세요.
[2025-12-11T10:58:23.147Z] ERROR: 🚨 높은 시스템 메모리 사용량: 48530MB / 49152MB (98.7%)
⚠️ 가비지 컬렉션을 사용할 수 없습니다. --expose-gc 플래그를 사용하세요.
[2025-12-11T10:58:53.149Z] ERROR: 🚨 높은 시스템 메모리 사용량: 48338MB / 49152MB (98.3%)
⚠️ 가비지 컬렉션을 사용할 수 없습니다. --expose-gc 플래그를 사용하세요.
[2025-12-11T10:59:23.149Z] ERROR: 🚨 높은 시스템 메모리 사용량: 48445MB / 49152MB (98.6%)
⚠️ 가비지 컬렉션을 사용할 수 없습니다. --expose-gc 플래그를 사용하세요.
[2025-12-11T10:59:53.152Z] ERROR: 🚨 높은 시스템 메모리 사용량: 48387MB / 49152MB (98.4%)
⚠️ 가비지 컬렉션을 사용할 수 없습니다. --expose-gc 플래그를 사용하세요.
[2025-12-11T11:00:23.153Z] ERROR: 🚨 높은 시스템 메모리 사용량: 48882MB / 49152MB (99.5%)
⚠️ 가비지 컬렉션을 사용할 수 없습니다. --expose-gc 플래그를 사용하세요.
[2025-12-11T11:00:53.154Z] ERROR: 🚨 높은 시스템 메모리 사용량: 48883MB / 49152MB (99.5%)
⚠️ 가비지 컬렉션을 사용할 수 없습니다. --expose-gc 플래그를 사용하세요.
[2025-12-11T11:01:23.157Z] ERROR: 🚨 높은 시스템 메모리 사용량: 48931MB / 49152MB (99.6%)
⚠️ 가비지 컬렉션을 사용할 수 없습니다. --expose-gc 플래그를 사용하세요.
[2025-12-11T11:01:53.157Z] ERROR: 🚨 높은 시스템 메모리 사용량: 48952MB / 49152MB (99.6%)
⚠️ 가비지 컬렉션을 사용할 수 없습니다. --expose-gc 플래그를 사용하세요.
[2025-12-11T11:02:23.158Z] ERROR: 🚨 높은 시스템 메모리 사용량: 48958MB / 49152MB (99.6%)
⚠️ 가비지 컬렉션을 사용할 수 없습니다. --expose-gc 플래그를 사용하세요.
[2025-12-11T11:02:53.160Z] ERROR: 🚨 높은 시스템 메모리 사용량: 48487MB / 49152MB (98.6%)
⚠️ 가비지 컬렉션을 사용할 수 없습니다. --expose-gc 플래그를 사용하세요.
[2025-12-11T11:03:23.163Z] ERROR: 🚨 높은 시스템 메모리 사용량: 48460MB / 49152MB (98.6%)
⚠️ 가비지 컬렉션을 사용할 수 없습니다. --expose-gc 플래그를 사용하세요.
[2025-12-11T11:03:53.162Z] ERROR: 🚨 높은 시스템 메모리 사용량: 48336MB / 49152MB (98.3%)
⚠️ 가비지 컬렉션을 사용할 수 없습니다. --expose-gc 플래그를 사용하세요.
[2025-12-11T11:04:23.165Z] ERROR: 🚨 높은 시스템 메모리 사용량: 48482MB / 49152MB (98.6%)
⚠️ 가비지 컬렉션을 사용할 수 없습니다. --expose-gc 플래그를 사용하세요.
[2025-12-11T11:04:53.165Z] ERROR: 🚨 높은 시스템 메모리 사용량: 48352MB / 49152MB (98.4%)
⚠️ 가비지 컬렉션을 사용할 수 없습니다. --expose-gc 플래그를 사용하세요.
[2025-12-11T11:05:23.166Z] ERROR: 🚨 높은 시스템 메모리 사용량: 48865MB / 49152MB (99.4%)
⚠️ 가비지 컬렉션을 사용할 수 없습니다. --expose-gc 플래그를 사용하세요.
[2025-12-11T11:05:53.167Z] ERROR: 🚨 높은 시스템 메모리 사용량: 48835MB / 49152MB (99.4%)
⚠️ 가비지 컬렉션을 사용할 수 없습니다. --expose-gc 플래그를 사용하세요.
[2025-12-11T11:06:23.171Z] ERROR: 🚨 높은 시스템 메모리 사용량: 48955MB / 49152MB (99.6%)
⚠️ 가비지 컬렉션을 사용할 수 없습니다. --expose-gc 플래그를 사용하세요.
[2025-12-11T11:06:53.169Z] ERROR: 🚨 높은 시스템 메모리 사용량: 48891MB / 49152MB (99.5%)
⚠️ 가비지 컬렉션을 사용할 수 없습니다. --expose-gc 플래그를 사용하세요.
[2025-12-11T11:07:23.172Z] ERROR: 🚨 높은 시스템 메모리 사용량: 48982MB / 49152MB (99.7%)
⚠️ 가비지 컬렉션을 사용할 수 없습니다. --expose-gc 플래그를 사용하세요.
[2025-12-11T11:07:53.172Z] ERROR: 🚨 높은 시스템 메모리 사용량: 48444MB / 49152MB (98.6%)
⚠️ 가비지 컬렉션을 사용할 수 없습니다. --expose-gc 플래그를 사용하세요.
[2025-12-11T11:08:23.173Z] ERROR: 🚨 높은 시스템 메모리 사용량: 48570MB / 49152MB (98.8%)
⚠️ 가비지 컬렉션을 사용할 수 없습니다. --expose-gc 플래그를 사용하세요.
[2025-12-11T11:08:53.174Z] ERROR: 🚨 높은 시스템 메모리 사용량: 48412MB / 49152MB (98.5%)
⚠️ 가비지 컬렉션을 사용할 수 없습니다. --expose-gc 플래그를 사용하세요.
[2025-12-11T11:09:23.176Z] ERROR: 🚨 높은 시스템 메모리 사용량: 48493MB / 49152MB (98.7%)
⚠️ 가비지 컬렉션을 사용할 수 없습니다. --expose-gc 플래그를 사용하세요.
[2025-12-11T11:09:53.177Z] ERROR: 🚨 높은 시스템 메모리 사용량: 48348MB / 49152MB (98.4%)
⚠️ 가비지 컬렉션을 사용할 수 없습니다. --expose-gc 플래그를 사용하세요.
[2025-12-11T11:10:23.179Z] ERROR: 🚨 높은 시스템 메모리 사용량: 48601MB / 49152MB (98.9%)
⚠️ 가비지 컬렉션을 사용할 수 없습니다. --expose-gc 플래그를 사용하세요.
[2025-12-11T11:10:53.181Z] ERROR: 🚨 높은 시스템 메모리 사용량: 48897MB / 49152MB (99.5%)
⚠️ 가비지 컬렉션을 사용할 수 없습니다. --expose-gc 플래그를 사용하세요.
[2025-12-11T11:11:23.182Z] ERROR: 🚨 높은 시스템 메모리 사용량: 48965MB / 49152MB (99.6%)
⚠️ 가비지 컬렉션을 사용할 수 없습니다. --expose-gc 플래그를 사용하세요.
[2025-12-11T11:11:53.184Z] ERROR: 🚨 높은 시스템 메모리 사용량: 48947MB / 49152MB (99.6%)
⚠️ 가비지 컬렉션을 사용할 수 없습니다. --expose-gc 플래그를 사용하세요.
[2025-12-11T11:12:23.185Z] ERROR: 🚨 높은 시스템 메모리 사용량: 48985MB / 49152MB (99.7%)
⚠️ 가비지 컬렉션을 사용할 수 없습니다. --expose-gc 플래그를 사용하세요.
[2025-12-11T11:12:53.188Z] ERROR: 🚨 높은 시스템 메모리 사용량: 48403MB / 49152MB (98.5%)
⚠️ 가비지 컬렉션을 사용할 수 없습니다. --expose-gc 플래그를 사용하세요.
[2025-12-11T11:13:23.189Z] ERROR: 🚨 높은 시스템 메모리 사용량: 48602MB / 49152MB (98.9%)
⚠️ 가비지 컬렉션을 사용할 수 없습니다. --expose-gc 플래그를 사용하세요.
[2025-12-11T11:13:53.191Z] ERROR: 🚨 높은 시스템 메모리 사용량: 48367MB / 49152MB (98.4%)
⚠️ 가비지 컬렉션을 사용할 수 없습니다. --expose-gc 플래그를 사용하세요.
[2025-12-11T11:14:23.193Z] ERROR: 🚨 높은 시스템 메모리 사용량: 48331MB / 49152MB (98.3%)
⚠️ 가비지 컬렉션을 사용할 수 없습니다. --expose-gc 플래그를 사용하세요.
[2025-12-11T11:14:53.246Z] ERROR: 🚨 높은 시스템 메모리 사용량: 48311MB / 49152MB (98.3%)
⚠️ 가비지 컬렉션을 사용할 수 없습니다. --expose-gc 플래그를 사용하세요.
[2025-12-11T11:15:23.248Z] ERROR: 🚨 높은 시스템 메모리 사용량: 48371MB / 49152MB (98.4%)
⚠️ 가비지 컬렉션을 사용할 수 없습니다. --expose-gc 플래그를 사용하세요.
[2025-12-11T11:15:53.249Z] ERROR: 🚨 높은 시스템 메모리 사용량: 48795MB / 49152MB (99.3%)
⚠️ 가비지 컬렉션을 사용할 수 없습니다. --expose-gc 플래그를 사용하세요.
[2025-12-11T11:16:23.251Z] ERROR: 🚨 높은 시스템 메모리 사용량: 48984MB / 49152MB (99.7%)
⚠️ 가비지 컬렉션을 사용할 수 없습니다. --expose-gc 플래그를 사용하세요.
[2025-12-11T11:16:53.254Z] ERROR: 🚨 높은 시스템 메모리 사용량: 48813MB / 49152MB (99.3%)
⚠️ 가비지 컬렉션을 사용할 수 없습니다. --expose-gc 플래그를 사용하세요.
[2025-12-11T11:17:23.255Z] ERROR: 🚨 높은 시스템 메모리 사용량: 48994MB / 49152MB (99.7%)
⚠️ 가비지 컬렉션을 사용할 수 없습니다. --expose-gc 플래그를 사용하세요.
[2025-12-11T11:17:53.258Z] ERROR: 🚨 높은 시스템 메모리 사용량: 48966MB / 49152MB (99.6%)
⚠️ 가비지 컬렉션을 사용할 수 없습니다. --expose-gc 플래그를 사용하세요.
[2025-12-11T11:18:23.258Z] ERROR: 🚨 높은 시스템 메모리 사용량: 48483MB / 49152MB (98.6%)
⚠️ 가비지 컬렉션을 사용할 수 없습니다. --expose-gc 플래그를 사용하세요.
[2025-12-11T11:18:53.260Z] ERROR: 🚨 높은 시스템 메모리 사용량: 48438MB / 49152MB (98.5%)
⚠️ 가비지 컬렉션을 사용할 수 없습니다. --expose-gc 플래그를 사용하세요.
[2025-12-11T11:19:23.262Z] ERROR: 🚨 높은 시스템 메모리 사용량: 48595MB / 49152MB (98.9%)
⚠️ 가비지 컬렉션을 사용할 수 없습니다. --expose-gc 플래그를 사용하세요.
[2025-12-11T11:19:53.263Z] ERROR: 🚨 높은 시스템 메모리 사용량: 48285MB / 49152MB (98.2%)
⚠️ 가비지 컬렉션을 사용할 수 없습니다. --expose-gc 플래그를 사용하세요.
[2025-12-11T11:20:23.265Z] ERROR: 🚨 높은 시스템 메모리 사용량: 48407MB / 49152MB (98.5%)
⚠️ 가비지 컬렉션을 사용할 수 없습니다. --expose-gc 플래그를 사용하세요.
[2025-12-11T11:20:53.267Z] ERROR: 🚨 높은 시스템 메모리 사용량: 48758MB / 49152MB (99.2%)
⚠️ 가비지 컬렉션을 사용할 수 없습니다. --expose-gc 플래그를 사용하세요.
[2025-12-11T11:21:23.269Z] ERROR: 🚨 높은 시스템 메모리 사용량: 48883MB / 49152MB (99.5%)
⚠️ 가비지 컬렉션을 사용할 수 없습니다. --expose-gc 플래그를 사용하세요.
[2025-12-11T11:21:53.273Z] ERROR: 🚨 높은 시스템 메모리 사용량: 48785MB / 49152MB (99.3%)
⚠️ 가비지 컬렉션을 사용할 수 없습니다. --expose-gc 플래그를 사용하세요.
[2025-12-11T11:22:23.274Z] ERROR: 🚨 높은 시스템 메모리 사용량: 49023MB / 49152MB (99.7%)
⚠️ 가비지 컬렉션을 사용할 수 없습니다. --expose-gc 플래그를 사용하세요.
[2025-12-11T11:22:53.276Z] ERROR: 🚨 높은 시스템 메모리 사용량: 48947MB / 49152MB (99.6%)
⚠️ 가비지 컬렉션을 사용할 수 없습니다. --expose-gc 플래그를 사용하세요.
[2025-12-11T11:23:23.276Z] ERROR: 🚨 높은 시스템 메모리 사용량: 48505MB / 49152MB (98.7%)
⚠️ 가비지 컬렉션을 사용할 수 없습니다. --expose-gc 플래그를 사용하세요.
[2025-12-11T11:23:53.279Z] ERROR: 🚨 높은 시스템 메모리 사용량: 48474MB / 49152MB (98.6%)
⚠️ 가비지 컬렉션을 사용할 수 없습니다. --expose-gc 플래그를 사용하세요.
[2025-12-11T11:24:23.281Z] ERROR: 🚨 높은 시스템 메모리 사용량: 48396MB / 49152MB (98.5%)
⚠️ 가비지 컬렉션을 사용할 수 없습니다. --expose-gc 플래그를 사용하세요.
[2025-12-11T11:24:53.283Z] ERROR: 🚨 높은 시스템 메모리 사용량: 48465MB / 49152MB (98.6%)
⚠️ 가비지 컬렉션을 사용할 수 없습니다. --expose-gc 플래그를 사용하세요.
[2025-12-11T11:25:23.285Z] ERROR: 🚨 높은 시스템 메모리 사용량: 48553MB / 49152MB (98.8%)
⚠️ 가비지 컬렉션을 사용할 수 없습니다. --expose-gc 플래그를 사용하세요.
[2025-12-11T11:25:53.286Z] ERROR: 🚨 높은 시스템 메모리 사용량: 48812MB / 49152MB (99.3%)
⚠️ 가비지 컬렉션을 사용할 수 없습니다. --expose-gc 플래그를 사용하세요.
[2025-12-11T11:26:23.290Z] ERROR: 🚨 높은 시스템 메모리 사용량: 48809MB / 49152MB (99.3%)
⚠️ 가비지 컬렉션을 사용할 수 없습니다. --expose-gc 플래그를 사용하세요.
[2025-12-11T11:26:53.292Z] ERROR: 🚨 높은 시스템 메모리 사용량: 48811MB / 49152MB (99.3%)
⚠️ 가비지 컬렉션을 사용할 수 없습니다. --expose-gc 플래그를 사용하세요.
[2025-12-11T11:27:23.294Z] ERROR: 🚨 높은 시스템 메모리 사용량: 48862MB / 49152MB (99.4%)
⚠️ 가비지 컬렉션을 사용할 수 없습니다. --expose-gc 플래그를 사용하세요.
[2025-12-11T11:27:53.295Z] ERROR: 🚨 높은 시스템 메모리 사용량: 49010MB / 49152MB (99.7%)
⚠️ 가비지 컬렉션을 사용할 수 없습니다. --expose-gc 플래그를 사용하세요.
[2025-12-11T11:28:23.299Z] ERROR: 🚨 높은 시스템 메모리 사용량: 48632MB / 49152MB (98.9%)
⚠️ 가비지 컬렉션을 사용할 수 없습니다. --expose-gc 플래그를 사용하세요.
[2025-12-11T11:28:53.299Z] ERROR: 🚨 높은 시스템 메모리 사용량: 48434MB / 49152MB (98.5%)
⚠️ 가비지 컬렉션을 사용할 수 없습니다. --expose-gc 플래그를 사용하세요.
[2025-12-11T11:29:23.300Z] ERROR: 🚨 높은 시스템 메모리 사용량: 48399MB / 49152MB (98.5%)
⚠️ 가비지 컬렉션을 사용할 수 없습니다. --expose-gc 플래그를 사용하세요.
[2025-12-11T11:29:53.300Z] ERROR: 🚨 높은 시스템 메모리 사용량: 48401MB / 49152MB (98.5%)
⚠️ 가비지 컬렉션을 사용할 수 없습니다. --expose-gc 플래그를 사용하세요.
[2025-12-11T11:30:23.301Z] ERROR: 🚨 높은 시스템 메모리 사용량: 48380MB / 49152MB (98.4%)
⚠️ 가비지 컬렉션을 사용할 수 없습니다. --expose-gc 플래그를 사용하세요.
[2025-12-11T11:30:53.303Z] ERROR: 🚨 높은 시스템 메모리 사용량: 48925MB / 49152MB (99.5%)
⚠️ 가비지 컬렉션을 사용할 수 없습니다. --expose-gc 플래그를 사용하세요.
[2025-12-11T11:31:23.306Z] ERROR: 🚨 높은 시스템 메모리 사용량: 49026MB / 49152MB (99.7%)
⚠️ 가비지 컬렉션을 사용할 수 없습니다. --expose-gc 플래그를 사용하세요.
[2025-12-11T11:31:53.308Z] ERROR: 🚨 높은 시스템 메모리 사용량: 48920MB / 49152MB (99.5%)
⚠️ 가비지 컬렉션을 사용할 수 없습니다. --expose-gc 플래그를 사용하세요.
[2025-12-11T11:32:23.310Z] ERROR: 🚨 높은 시스템 메모리 사용량: 48917MB / 49152MB (99.5%)
⚠️ 가비지 컬렉션을 사용할 수 없습니다. --expose-gc 플래그를 사용하세요.
[2025-12-11T11:47:59.607Z] ERROR: 🚨 높은 시스템 메모리 사용량: 48915MB / 49152MB (99.5%)
⚠️ 가비지 컬렉션을 사용할 수 없습니다. --expose-gc 플래그를 사용하세요.
[2025-12-11T11:48:29.589Z] ERROR: 🚨 높은 시스템 메모리 사용량: 48937MB / 49152MB (99.6%)
⚠️ 가비지 컬렉션을 사용할 수 없습니다. --expose-gc 플래그를 사용하세요.
[2025-12-11T11:48:59.587Z] ERROR: 🚨 높은 시스템 메모리 사용량: 48401MB / 49152MB (98.5%)
⚠️ 가비지 컬렉션을 사용할 수 없습니다. --expose-gc 플래그를 사용하세요.
[2025-12-11T11:49:29.586Z] ERROR: 🚨 높은 시스템 메모리 사용량: 48324MB / 49152MB (98.3%)
⚠️ 가비지 컬렉션을 사용할 수 없습니다. --expose-gc 플래그를 사용하세요.
[2025-12-11T11:49:59.586Z] ERROR: 🚨 높은 시스템 메모리 사용량: 48383MB / 49152MB (98.4%)
⚠️ 가비지 컬렉션을 사용할 수 없습니다. --expose-gc 플래그를 사용하세요.
[2025-12-11T11:50:29.587Z] ERROR: 🚨 높은 시스템 메모리 사용량: 48259MB / 49152MB (98.2%)
⚠️ 가비지 컬렉션을 사용할 수 없습니다. --expose-gc 플래그를 사용하세요.
[2025-12-11T11:50:59.589Z] ERROR: 🚨 높은 시스템 메모리 사용량: 48381MB / 49152MB (98.4%)
⚠️ 가비지 컬렉션을 사용할 수 없습니다. --expose-gc 플래그를 사용하세요.
[2025-12-11T11:51:29.589Z] ERROR: 🚨 높은 시스템 메모리 사용량: 48871MB / 49152MB (99.4%)
⚠️ 가비지 컬렉션을 사용할 수 없습니다. --expose-gc 플래그를 사용하세요.
[2025-12-11T11:51:59.590Z] ERROR: 🚨 높은 시스템 메모리 사용량: 48867MB / 49152MB (99.4%)
⚠️ 가비지 컬렉션을 사용할 수 없습니다. --expose-gc 플래그를 사용하세요.
[2025-12-11T11:52:29.589Z] ERROR: 🚨 높은 시스템 메모리 사용량: 48871MB / 49152MB (99.4%)
⚠️ 가비지 컬렉션을 사용할 수 없습니다. --expose-gc 플래그를 사용하세요.
[2025-12-11T11:52:59.589Z] ERROR: 🚨 높은 시스템 메모리 사용량: 48871MB / 49152MB (99.4%)
⚠️ 가비지 컬렉션을 사용할 수 없습니다. --expose-gc 플래그를 사용하세요.
[2025-12-11T11:53:29.591Z] ERROR: 🚨 높은 시스템 메모리 사용량: 48975MB / 49152MB (99.6%)
⚠️ 가비지 컬렉션을 사용할 수 없습니다. --expose-gc 플래그를 사용하세요.
[2025-12-11T11:53:59.591Z] ERROR: 🚨 높은 시스템 메모리 사용량: 48497MB / 49152MB (98.7%)
⚠️ 가비지 컬렉션을 사용할 수 없습니다. --expose-gc 플래그를 사용하세요.
[2025-12-11T11:54:29.594Z] ERROR: 🚨 높은 시스템 메모리 사용량: 48515MB / 49152MB (98.7%)
⚠️ 가비지 컬렉션을 사용할 수 없습니다. --expose-gc 플래그를 사용하세요.
[2025-12-11T11:54:59.593Z] ERROR: 🚨 높은 시스템 메모리 사용량: 48333MB / 49152MB (98.3%)
⚠️ 가비지 컬렉션을 사용할 수 없습니다. --expose-gc 플래그를 사용하세요.
[2025-12-11T11:55:29.594Z] ERROR: 🚨 높은 시스템 메모리 사용량: 48532MB / 49152MB (98.7%)
⚠️ 가비지 컬렉션을 사용할 수 없습니다. --expose-gc 플래그를 사용하세요.
[2025-12-11T11:55:59.593Z] ERROR: 🚨 높은 시스템 메모리 사용량: 48631MB / 49152MB (98.9%)
⚠️ 가비지 컬렉션을 사용할 수 없습니다. --expose-gc 플래그를 사용하세요.
[2025-12-11T11:56:29.596Z] ERROR: 🚨 높은 시스템 메모리 사용량: 49088MB / 49152MB (99.9%)
⚠️ 가비지 컬렉션을 사용할 수 없습니다. --expose-gc 플래그를 사용하세요.
[2025-12-11T11:56:59.595Z] ERROR: 🚨 높은 시스템 메모리 사용량: 48943MB / 49152MB (99.6%)
⚠️ 가비지 컬렉션을 사용할 수 없습니다. --expose-gc 플래그를 사용하세요.
[2025-12-11T11:57:29.597Z] ERROR: 🚨 높은 시스템 메모리 사용량: 48939MB / 49152MB (99.6%)
⚠️ 가비지 컬렉션을 사용할 수 없습니다. --expose-gc 플래그를 사용하세요.
[2025-12-11T11:57:59.596Z] ERROR: 🚨 높은 시스템 메모리 사용량: 48883MB / 49152MB (99.5%)
⚠️ 가비지 컬렉션을 사용할 수 없습니다. --expose-gc 플래그를 사용하세요.
[2025-12-11T11:58:29.596Z] ERROR: 🚨 높은 시스템 메모리 사용량: 48976MB / 49152MB (99.6%)
⚠️ 가비지 컬렉션을 사용할 수 없습니다. --expose-gc 플래그를 사용하세요.
[2025-12-11T11:58:59.595Z] ERROR: 🚨 높은 시스템 메모리 사용량: 48401MB / 49152MB (98.5%)
⚠️ 가비지 컬렉션을 사용할 수 없습니다. --expose-gc 플래그를 사용하세요.
[2025-12-11T11:59:29.598Z] ERROR: 🚨 높은 시스템 메모리 사용량: 48411MB / 49152MB (98.5%)
⚠️ 가비지 컬렉션을 사용할 수 없습니다. --expose-gc 플래그를 사용하세요.
[2025-12-11T11:59:59.597Z] ERROR: 🚨 높은 시스템 메모리 사용량: 48394MB / 49152MB (98.5%)
⚠️ 가비지 컬렉션을 사용할 수 없습니다. --expose-gc 플래그를 사용하세요.
[2025-12-11T12:00:29.599Z] ERROR: 🚨 높은 시스템 메모리 사용량: 48477MB / 49152MB (98.6%)
⚠️ 가비지 컬렉션을 사용할 수 없습니다. --expose-gc 플래그를 사용하세요.
[2025-12-11T12:00:59.598Z] ERROR: 🚨 높은 시스템 메모리 사용량: 48349MB / 49152MB (98.4%)
⚠️ 가비지 컬렉션을 사용할 수 없습니다. --expose-gc 플래그를 사용하세요.
[2025-12-11T12:01:29.599Z] ERROR: 🚨 높은 시스템 메모리 사용량: 48669MB / 49152MB (99.0%)
⚠️ 가비지 컬렉션을 사용할 수 없습니다. --expose-gc 플래그를 사용하세요.
[2025-12-11T12:01:59.600Z] ERROR: 🚨 높은 시스템 메모리 사용량: 48864MB / 49152MB (99.4%)
⚠️ 가비지 컬렉션을 사용할 수 없습니다. --expose-gc 플래그를 사용하세요.
[2025-12-11T12:02:29.603Z] ERROR: 🚨 높은 시스템 메모리 사용량: 48942MB / 49152MB (99.6%)
⚠️ 가비지 컬렉션을 사용할 수 없습니다. --expose-gc 플래그를 사용하세요.
[2025-12-11T12:02:59.603Z] ERROR: 🚨 높은 시스템 메모리 사용량: 48858MB / 49152MB (99.4%)
⚠️ 가비지 컬렉션을 사용할 수 없습니다. --expose-gc 플래그를 사용하세요.
[2025-12-11T12:03:29.605Z] ERROR: 🚨 높은 시스템 메모리 사용량: 49016MB / 49152MB (99.7%)
⚠️ 가비지 컬렉션을 사용할 수 없습니다. --expose-gc 플래그를 사용하세요.
[2025-12-11T12:03:59.604Z] ERROR: 🚨 높은 시스템 메모리 사용량: 49026MB / 49152MB (99.7%)
⚠️ 가비지 컬렉션을 사용할 수 없습니다. --expose-gc 플래그를 사용하세요.
[2025-12-11T12:04:29.605Z] ERROR: 🚨 높은 시스템 메모리 사용량: 48488MB / 49152MB (98.6%)
⚠️ 가비지 컬렉션을 사용할 수 없습니다. --expose-gc 플래그를 사용하세요.
[2025-12-11T12:04:59.604Z] ERROR: 🚨 높은 시스템 메모리 사용량: 48536MB / 49152MB (98.7%)
⚠️ 가비지 컬렉션을 사용할 수 없습니다. --expose-gc 플래그를 사용하세요.
[2025-12-11T12:05:29.607Z] ERROR: 🚨 높은 시스템 메모리 사용량: 48517MB / 49152MB (98.7%)
⚠️ 가비지 컬렉션을 사용할 수 없습니다. --expose-gc 플래그를 사용하세요.
[2025-12-11T12:05:59.606Z] ERROR: 🚨 높은 시스템 메모리 사용량: 48466MB / 49152MB (98.6%)
⚠️ 가비지 컬렉션을 사용할 수 없습니다. --expose-gc 플래그를 사용하세요.
[2025-12-11T12:06:29.609Z] ERROR: 🚨 높은 시스템 메모리 사용량: 48479MB / 49152MB (98.6%)
⚠️ 가비지 컬렉션을 사용할 수 없습니다. --expose-gc 플래그를 사용하세요.
[2025-12-11T12:06:59.608Z] ERROR: 🚨 높은 시스템 메모리 사용량: 48953MB / 49152MB (99.6%)
⚠️ 가비지 컬렉션을 사용할 수 없습니다. --expose-gc 플래그를 사용하세요.
[2025-12-11T12:07:29.609Z] ERROR: 🚨 높은 시스템 메모리 사용량: 48936MB / 49152MB (99.6%)
⚠️ 가비지 컬렉션을 사용할 수 없습니다. --expose-gc 플래그를 사용하세요.
[2025-12-11T12:07:59.608Z] ERROR: 🚨 높은 시스템 메모리 사용량: 48881MB / 49152MB (99.4%)
⚠️ 가비지 컬렉션을 사용할 수 없습니다. --expose-gc 플래그를 사용하세요.
[2025-12-11T12:08:29.610Z] ERROR: 🚨 높은 시스템 메모리 사용량: 48968MB / 49152MB (99.6%)
⚠️ 가비지 컬렉션을 사용할 수 없습니다. --expose-gc 플래그를 사용하세요.
[2025-12-11T12:08:59.609Z] ERROR: 🚨 높은 시스템 메모리 사용량: 48949MB / 49152MB (99.6%)
⚠️ 가비지 컬렉션을 사용할 수 없습니다. --expose-gc 플래그를 사용하세요.
[2025-12-11T12:09:29.610Z] ERROR: 🚨 높은 시스템 메모리 사용량: 48614MB / 49152MB (98.9%)
⚠️ 가비지 컬렉션을 사용할 수 없습니다. --expose-gc 플래그를 사용하세요.
[2025-12-11T12:09:59.611Z] ERROR: 🚨 높은 시스템 메모리 사용량: 48489MB / 49152MB (98.7%)
⚠️ 가비지 컬렉션을 사용할 수 없습니다. --expose-gc 플래그를 사용하세요.
[2025-12-11T12:10:29.613Z] ERROR: 🚨 높은 시스템 메모리 사용량: 48492MB / 49152MB (98.7%)
⚠️ 가비지 컬렉션을 사용할 수 없습니다. --expose-gc 플래그를 사용하세요.
[2025-12-11T12:10:59.611Z] ERROR: 🚨 높은 시스템 메모리 사용량: 48467MB / 49152MB (98.6%)
⚠️ 가비지 컬렉션을 사용할 수 없습니다. --expose-gc 플래그를 사용하세요.
[2025-12-11T12:11:29.614Z] ERROR: 🚨 높은 시스템 메모리 사용량: 48515MB / 49152MB (98.7%)
⚠️ 가비지 컬렉션을 사용할 수 없습니다. --expose-gc 플래그를 사용하세요.
[2025-12-11T12:11:59.614Z] ERROR: 🚨 높은 시스템 메모리 사용량: 49004MB / 49152MB (99.7%)
⚠️ 가비지 컬렉션을 사용할 수 없습니다. --expose-gc 플래그를 사용하세요.
[2025-12-11T12:12:29.617Z] ERROR: 🚨 높은 시스템 메모리 사용량: 48964MB / 49152MB (99.6%)
⚠️ 가비지 컬렉션을 사용할 수 없습니다. --expose-gc 플래그를 사용하세요.
[2025-12-11T12:12:59.616Z] ERROR: 🚨 높은 시스템 메모리 사용량: 48842MB / 49152MB (99.4%)
⚠️ 가비지 컬렉션을 사용할 수 없습니다. --expose-gc 플래그를 사용하세요.
[2025-12-11T12:13:29.619Z] ERROR: 🚨 높은 시스템 메모리 사용량: 48920MB / 49152MB (99.5%)
⚠️ 가비지 컬렉션을 사용할 수 없습니다. --expose-gc 플래그를 사용하세요.
[2025-12-11T12:13:59.617Z] ERROR: 🚨 높은 시스템 메모리 사용량: 48977MB / 49152MB (99.6%)
⚠️ 가비지 컬렉션을 사용할 수 없습니다. --expose-gc 플래그를 사용하세요.
[2025-12-11T12:14:29.620Z] ERROR: 🚨 높은 시스템 메모리 사용량: 48546MB / 49152MB (98.8%)
⚠️ 가비지 컬렉션을 사용할 수 없습니다. --expose-gc 플래그를 사용하세요.
[2025-12-11T12:14:59.618Z] ERROR: 🚨 높은 시스템 메모리 사용량: 48560MB / 49152MB (98.8%)
⚠️ 가비지 컬렉션을 사용할 수 없습니다. --expose-gc 플래그를 사용하세요.
[2025-12-11T12:15:29.621Z] ERROR: 🚨 높은 시스템 메모리 사용량: 48559MB / 49152MB (98.8%)
⚠️ 가비지 컬렉션을 사용할 수 없습니다. --expose-gc 플래그를 사용하세요.
[2025-12-11T12:15:59.619Z] ERROR: 🚨 높은 시스템 메모리 사용량: 48399MB / 49152MB (98.5%)
⚠️ 가비지 컬렉션을 사용할 수 없습니다. --expose-gc 플래그를 사용하세요.
[2025-12-11T12:16:29.621Z] ERROR: 🚨 높은 시스템 메모리 사용량: 48501MB / 49152MB (98.7%)
⚠️ 가비지 컬렉션을 사용할 수 없습니다. --expose-gc 플래그를 사용하세요.
[2025-12-11T12:16:59.621Z] ERROR: 🚨 높은 시스템 메모리 사용량: 48856MB / 49152MB (99.4%)
⚠️ 가비지 컬렉션을 사용할 수 없습니다. --expose-gc 플래그를 사용하세요.
[2025-12-11T12:17:29.623Z] ERROR: 🚨 높은 시스템 메모리 사용량: 48990MB / 49152MB (99.7%)
⚠️ 가비지 컬렉션을 사용할 수 없습니다. --expose-gc 플래그를 사용하세요.
[2025-12-11T12:17:59.622Z] ERROR: 🚨 높은 시스템 메모리 사용량: 49002MB / 49152MB (99.7%)
⚠️ 가비지 컬렉션을 사용할 수 없습니다. --expose-gc 플래그를 사용하세요.
[2025-12-11T12:18:29.625Z] ERROR: 🚨 높은 시스템 메모리 사용량: 48689MB / 49152MB (99.1%)
⚠️ 가비지 컬렉션을 사용할 수 없습니다. --expose-gc 플래그를 사용하세요.
[2025-12-11T12:18:59.623Z] ERROR: 🚨 높은 시스템 메모리 사용량: 49035MB / 49152MB (99.8%)
⚠️ 가비지 컬렉션을 사용할 수 없습니다. --expose-gc 플래그를 사용하세요.
[2025-12-11T12:19:29.624Z] ERROR: 🚨 높은 시스템 메모리 사용량: 49030MB / 49152MB (99.8%)
⚠️ 가비지 컬렉션을 사용할 수 없습니다. --expose-gc 플래그를 사용하세요.
[2025-12-11T12:19:59.623Z] ERROR: 🚨 높은 시스템 메모리 사용량: 48400MB / 49152MB (98.5%)
⚠️ 가비지 컬렉션을 사용할 수 없습니다. --expose-gc 플래그를 사용하세요.
[2025-12-11T12:20:29.626Z] ERROR: 🚨 높은 시스템 메모리 사용량: 48548MB / 49152MB (98.8%)
⚠️ 가비지 컬렉션을 사용할 수 없습니다. --expose-gc 플래그를 사용하세요.
[2025-12-11T12:20:59.627Z] ERROR: 🚨 높은 시스템 메모리 사용량: 48498MB / 49152MB (98.7%)
⚠️ 가비지 컬렉션을 사용할 수 없습니다. --expose-gc 플래그를 사용하세요.
[2025-12-11T12:21:29.628Z] ERROR: 🚨 높은 시스템 메모리 사용량: 48542MB / 49152MB (98.8%)
⚠️ 가비지 컬렉션을 사용할 수 없습니다. --expose-gc 플래그를 사용하세요.
[2025-12-11T12:21:59.629Z] ERROR: 🚨 높은 시스템 메모리 사용량: 48585MB / 49152MB (98.8%)
⚠️ 가비지 컬렉션을 사용할 수 없습니다. --expose-gc 플래그를 사용하세요.
[2025-12-11T12:22:29.630Z] ERROR: 🚨 높은 시스템 메모리 사용량: 48993MB / 49152MB (99.7%)
⚠️ 가비지 컬렉션을 사용할 수 없습니다. --expose-gc 플래그를 사용하세요.
[2025-12-11T12:22:59.630Z] ERROR: 🚨 높은 시스템 메모리 사용량: 48903MB / 49152MB (99.5%)
⚠️ 가비지 컬렉션을 사용할 수 없습니다. --expose-gc 플래그를 사용하세요.
[2025-12-11T12:23:29.635Z] ERROR: 🚨 높은 시스템 메모리 사용량: 48969MB / 49152MB (99.6%)
⚠️ 가비지 컬렉션을 사용할 수 없습니다. --expose-gc 플래그를 사용하세요.
[2025-12-11T12:23:59.631Z] ERROR: 🚨 높은 시스템 메모리 사용량: 48858MB / 49152MB (99.4%)
⚠️ 가비지 컬렉션을 사용할 수 없습니다. --expose-gc 플래그를 사용하세요.
[2025-12-11T12:24:29.634Z] ERROR: 🚨 높은 시스템 메모리 사용량: 49024MB / 49152MB (99.7%)
⚠️ 가비지 컬렉션을 사용할 수 없습니다. --expose-gc 플래그를 사용하세요.
[2025-12-11T12:24:59.633Z] ERROR: 🚨 높은 시스템 메모리 사용량: 48397MB / 49152MB (98.5%)
⚠️ 가비지 컬렉션을 사용할 수 없습니다. --expose-gc 플래그를 사용하세요.
[2025-12-11T12:25:29.633Z] ERROR: 🚨 높은 시스템 메모리 사용량: 48643MB / 49152MB (99.0%)
⚠️ 가비지 컬렉션을 사용할 수 없습니다. --expose-gc 플래그를 사용하세요.
[2025-12-11T12:25:59.633Z] ERROR: 🚨 높은 시스템 메모리 사용량: 48586MB / 49152MB (98.8%)
⚠️ 가비지 컬렉션을 사용할 수 없습니다. --expose-gc 플래그를 사용하세요.
[2025-12-11T12:26:29.636Z] ERROR: 🚨 높은 시스템 메모리 사용량: 48588MB / 49152MB (98.9%)
⚠️ 가비지 컬렉션을 사용할 수 없습니다. --expose-gc 플래그를 사용하세요.
[2025-12-11T12:26:59.636Z] ERROR: 🚨 높은 시스템 메모리 사용량: 48454MB / 49152MB (98.6%)
⚠️ 가비지 컬렉션을 사용할 수 없습니다. --expose-gc 플래그를 사용하세요.
[2025-12-11T12:27:29.638Z] ERROR: 🚨 높은 시스템 메모리 사용량: 48978MB / 49152MB (99.6%)
⚠️ 가비지 컬렉션을 사용할 수 없습니다. --expose-gc 플래그를 사용하세요.
[2025-12-11T12:27:59.639Z] ERROR: 🚨 높은 시스템 메모리 사용량: 48889MB / 49152MB (99.5%)
⚠️ 가비지 컬렉션을 사용할 수 없습니다. --expose-gc 플래그를 사용하세요.
[2025-12-11T12:28:29.639Z] ERROR: 🚨 높은 시스템 메모리 사용량: 48910MB / 49152MB (99.5%)
⚠️ 가비지 컬렉션을 사용할 수 없습니다. --expose-gc 플래그를 사용하세요.
[2025-12-11T12:28:59.640Z] ERROR: 🚨 높은 시스템 메모리 사용량: 48870MB / 49152MB (99.4%)
⚠️ 가비지 컬렉션을 사용할 수 없습니다. --expose-gc 플래그를 사용하세요.
[2025-12-11T12:29:29.643Z] ERROR: 🚨 높은 시스템 메모리 사용량: 49046MB / 49152MB (99.8%)
⚠️ 가비지 컬렉션을 사용할 수 없습니다. --expose-gc 플래그를 사용하세요.
[2025-12-11T12:29:59.642Z] ERROR: 🚨 높은 시스템 메모리 사용량: 48381MB / 49152MB (98.4%)
⚠️ 가비지 컬렉션을 사용할 수 없습니다. --expose-gc 플래그를 사용하세요.
[2025-12-11T12:30:29.646Z] ERROR: 🚨 높은 시스템 메모리 사용량: 48452MB / 49152MB (98.6%)
⚠️ 가비지 컬렉션을 사용할 수 없습니다. --expose-gc 플래그를 사용하세요.
[2025-12-11T12:30:59.647Z] ERROR: 🚨 높은 시스템 메모리 사용량: 48562MB / 49152MB (98.8%)
⚠️ 가비지 컬렉션을 사용할 수 없습니다. --expose-gc 플래그를 사용하세요.
[2025-12-11T12:31:29.646Z] ERROR: 🚨 높은 시스템 메모리 사용량: 48599MB / 49152MB (98.9%)
⚠️ 가비지 컬렉션을 사용할 수 없습니다. --expose-gc 플래그를 사용하세요.
[2025-12-11T12:31:59.648Z] ERROR: 🚨 높은 시스템 메모리 사용량: 48448MB / 49152MB (98.6%)
⚠️ 가비지 컬렉션을 사용할 수 없습니다. --expose-gc 플래그를 사용하세요.
[2025-12-11T12:32:29.649Z] ERROR: 🚨 높은 시스템 메모리 사용량: 48991MB / 49152MB (99.7%)
⚠️ 가비지 컬렉션을 사용할 수 없습니다. --expose-gc 플래그를 사용하세요.
[2025-12-11T12:32:59.649Z] ERROR: 🚨 높은 시스템 메모리 사용량: 48897MB / 49152MB (99.5%)
⚠️ 가비지 컬렉션을 사용할 수 없습니다. --expose-gc 플래그를 사용하세요.
[2025-12-11T12:33:29.652Z] ERROR: 🚨 높은 시스템 메모리 사용량: 48969MB / 49152MB (99.6%)
⚠️ 가비지 컬렉션을 사용할 수 없습니다. --expose-gc 플래그를 사용하세요.
[2025-12-11T12:33:59.653Z] ERROR: 🚨 높은 시스템 메모리 사용량: 48896MB / 49152MB (99.5%)
⚠️ 가비지 컬렉션을 사용할 수 없습니다. --expose-gc 플래그를 사용하세요.
[2025-12-11T12:34:29.654Z] ERROR: 🚨 높은 시스템 메모리 사용량: 49050MB / 49152MB (99.8%)
⚠️ 가비지 컬렉션을 사용할 수 없습니다. --expose-gc 플래그를 사용하세요.
[2025-12-11T12:34:59.655Z] ERROR: 🚨 높은 시스템 메모리 사용량: 48906MB / 49152MB (99.5%)
⚠️ 가비지 컬렉션을 사용할 수 없습니다. --expose-gc 플래그를 사용하세요.
[2025-12-11T12:35:29.655Z] ERROR: 🚨 높은 시스템 메모리 사용량: 48293MB / 49152MB (98.3%)
⚠️ 가비지 컬렉션을 사용할 수 없습니다. --expose-gc 플래그를 사용하세요.
[2025-12-11T12:35:59.654Z] ERROR: 🚨 높은 시스템 메모리 사용량: 48315MB / 49152MB (98.3%)
⚠️ 가비지 컬렉션을 사용할 수 없습니다. --expose-gc 플래그를 사용하세요.
[2025-12-11T12:36:29.655Z] ERROR: 🚨 높은 시스템 메모리 사용량: 48428MB / 49152MB (98.5%)
⚠️ 가비지 컬렉션을 사용할 수 없습니다. --expose-gc 플래그를 사용하세요.
[2025-12-11T12:36:59.655Z] ERROR: 🚨 높은 시스템 메모리 사용량: 48381MB / 49152MB (98.4%)
⚠️ 가비지 컬렉션을 사용할 수 없습니다. --expose-gc 플래그를 사용하세요.
[2025-12-11T12:37:29.656Z] ERROR: 🚨 높은 시스템 메모리 사용량: 48715MB / 49152MB (99.1%)
⚠️ 가비지 컬렉션을 사용할 수 없습니다. --expose-gc 플래그를 사용하세요.
[2025-12-11T12:37:59.657Z] ERROR: 🚨 높은 시스템 메모리 사용량: 48747MB / 49152MB (99.2%)
⚠️ 가비지 컬렉션을 사용할 수 없습니다. --expose-gc 플래그를 사용하세요.
[2025-12-11T12:38:29.658Z] ERROR: 🚨 높은 시스템 메모리 사용량: 48792MB / 49152MB (99.3%)
⚠️ 가비지 컬렉션을 사용할 수 없습니다. --expose-gc 플래그를 사용하세요.
[2025-12-11T12:38:59.660Z] ERROR: 🚨 높은 시스템 메모리 사용량: 48789MB / 49152MB (99.3%)
⚠️ 가비지 컬렉션을 사용할 수 없습니다. --expose-gc 플래그를 사용하세요.
[2025-12-11T12:39:29.661Z] ERROR: 🚨 높은 시스템 메모리 사용량: 48838MB / 49152MB (99.4%)
⚠️ 가비지 컬렉션을 사용할 수 없습니다. --expose-gc 플래그를 사용하세요.
[2025-12-11T12:39:59.661Z] ERROR: 🚨 높은 시스템 메모리 사용량: 49063MB / 49152MB (99.8%)
⚠️ 가비지 컬렉션을 사용할 수 없습니다. --expose-gc 플래그를 사용하세요.
[2025-12-11T12:40:29.664Z] ERROR: 🚨 높은 시스템 메모리 사용량: 48390MB / 49152MB (98.5%)
⚠️ 가비지 컬렉션을 사용할 수 없습니다. --expose-gc 플래그를 사용하세요.
[2025-12-11T12:40:59.665Z] ERROR: 🚨 높은 시스템 메모리 사용량: 48390MB / 49152MB (98.4%)
⚠️ 가비지 컬렉션을 사용할 수 없습니다. --expose-gc 플래그를 사용하세요.
[2025-12-11T12:41:29.671Z] ERROR: 🚨 높은 시스템 메모리 사용량: 48492MB / 49152MB (98.7%)
⚠️ 가비지 컬렉션을 사용할 수 없습니다. --expose-gc 플래그를 사용하세요.
[2025-12-11T12:41:59.675Z] ERROR: 🚨 높은 시스템 메모리 사용량: 48467MB / 49152MB (98.6%)
⚠️ 가비지 컬렉션을 사용할 수 없습니다. --expose-gc 플래그를 사용하세요.
[2025-12-11T12:42:29.675Z] ERROR: 🚨 높은 시스템 메모리 사용량: 48477MB / 49152MB (98.6%)
⚠️ 가비지 컬렉션을 사용할 수 없습니다. --expose-gc 플래그를 사용하세요.
[2025-12-11T12:42:59.677Z] ERROR: 🚨 높은 시스템 메모리 사용량: 48853MB / 49152MB (99.4%)
⚠️ 가비지 컬렉션을 사용할 수 없습니다. --expose-gc 플래그를 사용하세요.
[2025-12-11T12:43:29.676Z] ERROR: 🚨 높은 시스템 메모리 사용량: 48882MB / 49152MB (99.5%)
⚠️ 가비지 컬렉션을 사용할 수 없습니다. --expose-gc 플래그를 사용하세요.
[2025-12-11T12:43:59.678Z] ERROR: 🚨 높은 시스템 메모리 사용량: 48817MB / 49152MB (99.3%)
⚠️ 가비지 컬렉션을 사용할 수 없습니다. --expose-gc 플래그를 사용하세요.
[2025-12-11T12:44:29.680Z] ERROR: 🚨 높은 시스템 메모리 사용량: 48817MB / 49152MB (99.3%)
⚠️ 가비지 컬렉션을 사용할 수 없습니다. --expose-gc 플래그를 사용하세요.
[2025-12-11T12:44:59.681Z] ERROR: 🚨 높은 시스템 메모리 사용량: 49017MB / 49152MB (99.7%)
⚠️ 가비지 컬렉션을 사용할 수 없습니다. --expose-gc 플래그를 사용하세요.
[2025-12-11T12:45:29.683Z] ERROR: 🚨 높은 시스템 메모리 사용량: 48442MB / 49152MB (98.6%)
⚠️ 가비지 컬렉션을 사용할 수 없습니다. --expose-gc 플래그를 사용하세요.
[2025-12-11T12:45:59.689Z] ERROR: 🚨 높은 시스템 메모리 사용량: 48509MB / 49152MB (98.7%)
⚠️ 가비지 컬렉션을 사용할 수 없습니다. --expose-gc 플래그를 사용하세요.
[2025-12-11T12:46:29.685Z] ERROR: 🚨 높은 시스템 메모리 사용량: 48568MB / 49152MB (98.8%)
⚠️ 가비지 컬렉션을 사용할 수 없습니다. --expose-gc 플래그를 사용하세요.
[2025-12-11T12:46:59.685Z] ERROR: 🚨 높은 시스템 메모리 사용량: 48592MB / 49152MB (98.9%)
⚠️ 가비지 컬렉션을 사용할 수 없습니다. --expose-gc 플래그를 사용하세요.
[2025-12-11T12:47:29.688Z] ERROR: 🚨 높은 시스템 메모리 사용량: 48542MB / 49152MB (98.8%)
⚠️ 가비지 컬렉션을 사용할 수 없습니다. --expose-gc 플래그를 사용하세요.
[2025-12-11T12:47:59.689Z] ERROR: 🚨 높은 시스템 메모리 사용량: 48975MB / 49152MB (99.6%)
⚠️ 가비지 컬렉션을 사용할 수 없습니다. --expose-gc 플래그를 사용하세요.
[2025-12-11T12:48:29.689Z] ERROR: 🚨 높은 시스템 메모리 사용량: 48968MB / 49152MB (99.6%)
⚠️ 가비지 컬렉션을 사용할 수 없습니다. --expose-gc 플래그를 사용하세요.
[2025-12-11T13:04:53.437Z] ERROR: 🚨 높은 시스템 메모리 사용량: 48927MB / 49152MB (99.5%)
⚠️ 가비지 컬렉션을 사용할 수 없습니다. --expose-gc 플래그를 사용하세요.
[2025-12-11T13:05:23.442Z] ERROR: 🚨 높은 시스템 메모리 사용량: 48938MB / 49152MB (99.6%)
⚠️ 가비지 컬렉션을 사용할 수 없습니다. --expose-gc 플래그를 사용하세요.
[2025-12-11T13:21:17.376Z] ERROR: 🚨 높은 시스템 메모리 사용량: 49046MB / 49152MB (99.8%)
⚠️ 가비지 컬렉션을 사용할 수 없습니다. --expose-gc 플래그를 사용하세요.
[2025-12-11T13:21:47.367Z] ERROR: 🚨 높은 시스템 메모리 사용량: 48386MB / 49152MB (98.4%)
⚠️ 가비지 컬렉션을 사용할 수 없습니다. --expose-gc 플래그를 사용하세요.
[2025-12-11T13:37:04.344Z] ERROR: 🚨 높은 시스템 메모리 사용량: 48981MB / 49152MB (99.7%)
⚠️ 가비지 컬렉션을 사용할 수 없습니다. --expose-gc 플래그를 사용하세요.
[2025-12-11T13:37:34.344Z] ERROR: 🚨 높은 시스템 메모리 사용량: 48512MB / 49152MB (98.7%)
⚠️ 가비지 컬렉션을 사용할 수 없습니다. --expose-gc 플래그를 사용하세요.
[2025-12-11T13:53:07.051Z] ERROR: 🚨 높은 시스템 메모리 사용량: 48882MB / 49152MB (99.5%)
⚠️ 가비지 컬렉션을 사용할 수 없습니다. --expose-gc 플래그를 사용하세요.
[2025-12-11T13:53:37.080Z] ERROR: 🚨 높은 시스템 메모리 사용량: 48860MB / 49152MB (99.4%)
⚠️ 가비지 컬렉션을 사용할 수 없습니다. --expose-gc 플래그를 사용하세요.
[2025-12-11T13:54:07.086Z] ERROR: 🚨 높은 시스템 메모리 사용량: 48545MB / 49152MB (98.8%)
⚠️ 가비지 컬렉션을 사용할 수 없습니다. --expose-gc 플래그를 사용하세요.
[2025-12-11T13:54:37.089Z] ERROR: 🚨 높은 시스템 메모리 사용량: 48932MB / 49152MB (99.6%)
⚠️ 가비지 컬렉션을 사용할 수 없습니다. --expose-gc 플래그를 사용하세요.
[2025-12-11T13:55:07.088Z] ERROR: 🚨 높은 시스템 메모리 사용량: 48885MB / 49152MB (99.5%)
⚠️ 가비지 컬렉션을 사용할 수 없습니다. --expose-gc 플래그를 사용하세요.
[2025-12-11T13:55:37.091Z] ERROR: 🚨 높은 시스템 메모리 사용량: 48869MB / 49152MB (99.4%)
⚠️ 가비지 컬렉션을 사용할 수 없습니다. --expose-gc 플래그를 사용하세요.
[2025-12-11T13:56:07.091Z] ERROR: 🚨 높은 시스템 메모리 사용량: 48754MB / 49152MB (99.2%)
⚠️ 가비지 컬렉션을 사용할 수 없습니다. --expose-gc 플래그를 사용하세요.
[2025-12-11T13:56:37.093Z] ERROR: 🚨 높은 시스템 메모리 사용량: 48820MB / 49152MB (99.3%)
⚠️ 가비지 컬렉션을 사용할 수 없습니다. --expose-gc 플래그를 사용하세요.
[2025-12-11T13:57:07.093Z] ERROR: 🚨 높은 시스템 메모리 사용량: 48906MB / 49152MB (99.5%)
⚠️ 가비지 컬렉션을 사용할 수 없습니다. --expose-gc 플래그를 사용하세요.
[2025-12-11T13:57:37.097Z] ERROR: 🚨 높은 시스템 메모리 사용량: 48950MB / 49152MB (99.6%)
⚠️ 가비지 컬렉션을 사용할 수 없습니다. --expose-gc 플래그를 사용하세요.
[2025-12-11T14:13:02.379Z] ERROR: 🚨 높은 시스템 메모리 사용량: 48848MB / 49152MB (99.4%)
⚠️ 가비지 컬렉션을 사용할 수 없습니다. --expose-gc 플래그를 사용하세요.
[2025-12-11T14:13:32.379Z] ERROR: 🚨 높은 시스템 메모리 사용량: 48497MB / 49152MB (98.7%)
⚠️ 가비지 컬렉션을 사용할 수 없습니다. --expose-gc 플래그를 사용하세요.
[2025-12-11T14:14:02.380Z] ERROR: 🚨 높은 시스템 메모리 사용량: 48386MB / 49152MB (98.4%)
⚠️ 가비지 컬렉션을 사용할 수 없습니다. --expose-gc 플래그를 사용하세요.
[2025-12-11T14:14:32.382Z] ERROR: 🚨 높은 시스템 메모리 사용량: 48402MB / 49152MB (98.5%)
⚠️ 가비지 컬렉션을 사용할 수 없습니다. --expose-gc 플래그를 사용하세요.
[2025-12-11T14:15:02.383Z] ERROR: 🚨 높은 시스템 메모리 사용량: 48519MB / 49152MB (98.7%)
⚠️ 가비지 컬렉션을 사용할 수 없습니다. --expose-gc 플래그를 사용하세요.
[2025-12-11T14:15:32.386Z] ERROR: 🚨 높은 시스템 메모리 사용량: 48445MB / 49152MB (98.6%)
⚠️ 가비지 컬렉션을 사용할 수 없습니다. --expose-gc 플래그를 사용하세요.
[2025-12-11T14:16:02.385Z] ERROR: 🚨 높은 시스템 메모리 사용량: 48526MB / 49152MB (98.7%)
⚠️ 가비지 컬렉션을 사용할 수 없습니다. --expose-gc 플래그를 사용하세요.
[2025-12-11T14:16:32.388Z] ERROR: 🚨 높은 시스템 메모리 사용량: 48399MB / 49152MB (98.5%)
⚠️ 가비지 컬렉션을 사용할 수 없습니다. --expose-gc 플래그를 사용하세요.
[2025-12-11T14:17:02.387Z] ERROR: 🚨 높은 시스템 메모리 사용량: 48498MB / 49152MB (98.7%)
⚠️ 가비지 컬렉션을 사용할 수 없습니다. --expose-gc 플래그를 사용하세요.
[2025-12-11T14:17:32.388Z] ERROR: 🚨 높은 시스템 메모리 사용량: 48367MB / 49152MB (98.4%)
⚠️ 가비지 컬렉션을 사용할 수 없습니다. --expose-gc 플래그를 사용하세요.
[2025-12-11T14:18:02.388Z] ERROR: 🚨 높은 시스템 메모리 사용량: 48517MB / 49152MB (98.7%)
⚠️ 가비지 컬렉션을 사용할 수 없습니다. --expose-gc 플래그를 사용하세요.
[2025-12-11T14:18:32.399Z] ERROR: 🚨 높은 시스템 메모리 사용량: 48926MB / 49152MB (99.5%)
⚠️ 가비지 컬렉션을 사용할 수 없습니다. --expose-gc 플래그를 사용하세요.
[2025-12-11T14:19:02.399Z] ERROR: 🚨 높은 시스템 메모리 사용량: 48562MB / 49152MB (98.8%)
[2025-12-11T14:19:02.400Z] ERROR: ⚠️ 가비지 컬렉션을 사용할 수 없습니다. --expose-gc 플래그를 사용하세요.
[2025-12-11T14:19:32.400Z] ERROR: 🚨 높은 시스템 메모리 사용량: 48414MB / 49152MB (98.5%)
⚠️ 가비지 컬렉션을 사용할 수 없습니다. --expose-gc 플래그를 사용하세요.
[2025-12-11T14:20:02.403Z] ERROR: 🚨 높은 시스템 메모리 사용량: 48487MB / 49152MB (98.6%)
⚠️ 가비지 컬렉션을 사용할 수 없습니다. --expose-gc 플래그를 사용하세요.
[2025-12-11T14:20:32.405Z] ERROR: 🚨 높은 시스템 메모리 사용량: 48417MB / 49152MB (98.5%)
⚠️ 가비지 컬렉션을 사용할 수 없습니다. --expose-gc 플래그를 사용하세요.
[2025-12-11T14:21:02.406Z] ERROR: 🚨 높은 시스템 메모리 사용량: 48420MB / 49152MB (98.5%)
⚠️ 가비지 컬렉션을 사용할 수 없습니다. --expose-gc 플래그를 사용하세요.
[2025-12-11T14:21:32.407Z] ERROR: 🚨 높은 시스템 메모리 사용량: 48426MB / 49152MB (98.5%)
⚠️ 가비지 컬렉션을 사용할 수 없습니다. --expose-gc 플래그를 사용하세요.
[2025-12-11T14:22:02.409Z] ERROR: 🚨 높은 시스템 메모리 사용량: 48381MB / 49152MB (98.4%)
⚠️ 가비지 컬렉션을 사용할 수 없습니다. --expose-gc 플래그를 사용하세요.
[2025-12-11T14:22:32.414Z] ERROR: 🚨 높은 시스템 메모리 사용량: 48351MB / 49152MB (98.4%)
⚠️ 가비지 컬렉션을 사용할 수 없습니다. --expose-gc 플래그를 사용하세요.
[2025-12-11T14:23:02.412Z] ERROR: 🚨 높은 시스템 메모리 사용량: 48401MB / 49152MB (98.5%)
⚠️ 가비지 컬렉션을 사용할 수 없습니다. --expose-gc 플래그를 사용하세요.
[2025-12-11T14:23:32.414Z] ERROR: 🚨 높은 시스템 메모리 사용량: 48926MB / 49152MB (99.5%)
⚠️ 가비지 컬렉션을 사용할 수 없습니다. --expose-gc 플래그를 사용하세요.
[2025-12-11T14:24:02.417Z] ERROR: 🚨 높은 시스템 메모리 사용량: 48560MB / 49152MB (98.8%)
⚠️ 가비지 컬렉션을 사용할 수 없습니다. --expose-gc 플래그를 사용하세요.
[2025-12-11T14:24:32.419Z] ERROR: 🚨 높은 시스템 메모리 사용량: 48549MB / 49152MB (98.8%)
⚠️ 가비지 컬렉션을 사용할 수 없습니다. --expose-gc 플래그를 사용하세요.
[2025-12-11T14:25:02.420Z] ERROR: 🚨 높은 시스템 메모리 사용량: 48427MB / 49152MB (98.5%)
⚠️ 가비지 컬렉션을 사용할 수 없습니다. --expose-gc 플래그를 사용하세요.
[2025-12-11T14:25:32.421Z] ERROR: 🚨 높은 시스템 메모리 사용량: 48463MB / 49152MB (98.6%)
⚠️ 가비지 컬렉션을 사용할 수 없습니다. --expose-gc 플래그를 사용하세요.
[2025-12-11T14:26:02.423Z] ERROR: 🚨 높은 시스템 메모리 사용량: 48413MB / 49152MB (98.5%)
⚠️ 가비지 컬렉션을 사용할 수 없습니다. --expose-gc 플래그를 사용하세요.
[2025-12-11T14:26:32.425Z] ERROR: 🚨 높은 시스템 메모리 사용량: 48507MB / 49152MB (98.7%)
[2025-12-11T14:26:32.425Z] ERROR: ⚠️ 가비지 컬렉션을 사용할 수 없습니다. --expose-gc 플래그를 사용하세요.
[2025-12-11T14:27:02.427Z] ERROR: 🚨 높은 시스템 메모리 사용량: 48477MB / 49152MB (98.6%)
[2025-12-11T14:27:02.428Z] ERROR: ⚠️ 가비지 컬렉션을 사용할 수 없습니다. --expose-gc 플래그를 사용하세요.
[2025-12-11T14:27:32.430Z] ERROR: 🚨 높은 시스템 메모리 사용량: 48457MB / 49152MB (98.6%)
⚠️ 가비지 컬렉션을 사용할 수 없습니다. --expose-gc 플래그를 사용하세요.
[2025-12-11T14:28:02.432Z] ERROR: 🚨 높은 시스템 메모리 사용량: 48449MB / 49152MB (98.6%)
[2025-12-11T14:28:02.432Z] ERROR: ⚠️ 가비지 컬렉션을 사용할 수 없습니다. --expose-gc 플래그를 사용하세요.
[2025-12-11T14:28:32.432Z] ERROR: 🚨 높은 시스템 메모리 사용량: 48973MB / 49152MB (99.6%)
[2025-12-11T14:28:32.433Z] ERROR: ⚠️ 가비지 컬렉션을 사용할 수 없습니다. --expose-gc 플래그를 사용하세요.
[2025-12-11T14:29:02.435Z] ERROR: 🚨 높은 시스템 메모리 사용량: 48931MB / 49152MB (99.6%)
[2025-12-11T14:29:02.436Z] ERROR: ⚠️ 가비지 컬렉션을 사용할 수 없습니다. --expose-gc 플래그를 사용하세요.
[2025-12-11T14:29:32.437Z] ERROR: 🚨 높은 시스템 메모리 사용량: 48453MB / 49152MB (98.6%)
⚠️ 가비지 컬렉션을 사용할 수 없습니다. --expose-gc 플래그를 사용하세요.
[2025-12-11T14:30:02.439Z] ERROR: 🚨 높은 시스템 메모리 사용량: 48406MB / 49152MB (98.5%)
⚠️ 가비지 컬렉션을 사용할 수 없습니다. --expose-gc 플래그를 사용하세요.
[2025-12-11T14:30:32.443Z] ERROR: 🚨 높은 시스템 메모리 사용량: 48335MB / 49152MB (98.3%)
⚠️ 가비지 컬렉션을 사용할 수 없습니다. --expose-gc 플래그를 사용하세요.
[2025-12-11T14:31:02.444Z] ERROR: 🚨 높은 시스템 메모리 사용량: 48294MB / 49152MB (98.3%)
⚠️ 가비지 컬렉션을 사용할 수 없습니다. --expose-gc 플래그를 사용하세요.
[2025-12-11T14:31:32.445Z] ERROR: 🚨 높은 시스템 메모리 사용량: 48353MB / 49152MB (98.4%)
⚠️ 가비지 컬렉션을 사용할 수 없습니다. --expose-gc 플래그를 사용하세요.
[2025-12-11T14:32:02.444Z] ERROR: 🚨 높은 시스템 메모리 사용량: 48295MB / 49152MB (98.3%)
⚠️ 가비지 컬렉션을 사용할 수 없습니다. --expose-gc 플래그를 사용하세요.
[2025-12-11T14:32:32.447Z] ERROR: 🚨 높은 시스템 메모리 사용량: 48397MB / 49152MB (98.5%)
⚠️ 가비지 컬렉션을 사용할 수 없습니다. --expose-gc 플래그를 사용하세요.
[2025-12-11T14:33:02.450Z] ERROR: 🚨 높은 시스템 메모리 사용량: 48292MB / 49152MB (98.3%)
⚠️ 가비지 컬렉션을 사용할 수 없습니다. --expose-gc 플래그를 사용하세요.
[2025-12-11T14:33:32.451Z] ERROR: 🚨 높은 시스템 메모리 사용량: 48775MB / 49152MB (99.2%)
⚠️ 가비지 컬렉션을 사용할 수 없습니다. --expose-gc 플래그를 사용하세요.
[2025-12-11T14:34:02.455Z] ERROR: 🚨 높은 시스템 메모리 사용량: 48850MB / 49152MB (99.4%)
⚠️ 가비지 컬렉션을 사용할 수 없습니다. --expose-gc 플래그를 사용하세요.
[2025-12-11T14:34:32.457Z] ERROR: 🚨 높은 시스템 메모리 사용량: 48391MB / 49152MB (98.5%)
⚠️ 가비지 컬렉션을 사용할 수 없습니다. --expose-gc 플래그를 사용하세요.
[2025-12-11T14:35:02.459Z] ERROR: 🚨 높은 시스템 메모리 사용량: 48463MB / 49152MB (98.6%)
⚠️ 가비지 컬렉션을 사용할 수 없습니다. --expose-gc 플래그를 사용하세요.
[2025-12-11T14:35:32.461Z] ERROR: 🚨 높은 시스템 메모리 사용량: 47061MB / 49152MB (95.7%)
⚠️ 가비지 컬렉션을 사용할 수 없습니다. --expose-gc 플래그를 사용하세요.
[2025-12-11T14:36:02.464Z] ERROR: 🚨 높은 시스템 메모리 사용량: 46901MB / 49152MB (95.4%)
⚠️ 가비지 컬렉션을 사용할 수 없습니다. --expose-gc 플래그를 사용하세요.
[2025-12-11T14:36:32.465Z] ERROR: 🚨 높은 시스템 메모리 사용량: 46917MB / 49152MB (95.5%)
⚠️ 가비지 컬렉션을 사용할 수 없습니다. --expose-gc 플래그를 사용하세요.
[2025-12-11T14:37:02.466Z] ERROR: 🚨 높은 시스템 메모리 사용량: 46927MB / 49152MB (95.5%)
⚠️ 가비지 컬렉션을 사용할 수 없습니다. --expose-gc 플래그를 사용하세요.
[2025-12-11T14:37:32.470Z] ERROR: 🚨 높은 시스템 메모리 사용량: 47009MB / 49152MB (95.6%)
⚠️ 가비지 컬렉션을 사용할 수 없습니다. --expose-gc 플래그를 사용하세요.
[2025-12-11T14:38:02.471Z] ERROR: 🚨 높은 시스템 메모리 사용량: 46942MB / 49152MB (95.5%)
⚠️ 가비지 컬렉션을 사용할 수 없습니다. --expose-gc 플래그를 사용하세요.
[2025-12-11T14:38:32.474Z] ERROR: 🚨 높은 시스템 메모리 사용량: 47474MB / 49152MB (96.6%)
⚠️ 가비지 컬렉션을 사용할 수 없습니다. --expose-gc 플래그를 사용하세요.
[2025-12-11T14:39:02.474Z] ERROR: 🚨 높은 시스템 메모리 사용량: 48110MB / 49152MB (97.9%)
⚠️ 가비지 컬렉션을 사용할 수 없습니다. --expose-gc 플래그를 사용하세요.
[2025-12-11T14:39:32.477Z] ERROR: 🚨 높은 시스템 메모리 사용량: 47484MB / 49152MB (96.6%)
⚠️ 가비지 컬렉션을 사용할 수 없습니다. --expose-gc 플래그를 사용하세요.
[2025-12-11T14:40:02.479Z] ERROR: 🚨 높은 시스템 메모리 사용량: 47480MB / 49152MB (96.6%)
⚠️ 가비지 컬렉션을 사용할 수 없습니다. --expose-gc 플래그를 사용하세요.
[2025-12-11T14:40:32.480Z] ERROR: 🚨 높은 시스템 메모리 사용량: 47694MB / 49152MB (97.0%)
⚠️ 가비지 컬렉션을 사용할 수 없습니다. --expose-gc 플래그를 사용하세요.
[2025-12-11T14:41:02.483Z] ERROR: 🚨 높은 시스템 메모리 사용량: 47606MB / 49152MB (96.9%)
⚠️ 가비지 컬렉션을 사용할 수 없습니다. --expose-gc 플래그를 사용하세요.
[2025-12-11T14:41:32.484Z] ERROR: 🚨 높은 시스템 메모리 사용량: 47548MB / 49152MB (96.7%)
⚠️ 가비지 컬렉션을 사용할 수 없습니다. --expose-gc 플래그를 사용하세요.
[2025-12-11T14:42:02.486Z] ERROR: 🚨 높은 시스템 메모리 사용량: 47476MB / 49152MB (96.6%)
⚠️ 가비지 컬렉션을 사용할 수 없습니다. --expose-gc 플래그를 사용하세요.
[2025-12-11T14:42:32.488Z] ERROR: 🚨 높은 시스템 메모리 사용량: 47589MB / 49152MB (96.8%)
⚠️ 가비지 컬렉션을 사용할 수 없습니다. --expose-gc 플래그를 사용하세요.
[2025-12-11T14:43:02.490Z] ERROR: 🚨 높은 시스템 메모리 사용량: 47551MB / 49152MB (96.7%)
⚠️ 가비지 컬렉션을 사용할 수 없습니다. --expose-gc 플래그를 사용하세요.
[2025-12-11T14:43:32.490Z] ERROR: 🚨 높은 시스템 메모리 사용량: 48100MB / 49152MB (97.9%)
⚠️ 가비지 컬렉션을 사용할 수 없습니다. --expose-gc 플래그를 사용하세요.
[2025-12-11T14:44:02.494Z] ERROR: 🚨 높은 시스템 메모리 사용량: 48509MB / 49152MB (98.7%)
⚠️ 가비지 컬렉션을 사용할 수 없습니다. --expose-gc 플래그를 사용하세요.
[2025-12-11T14:44:32.493Z] ERROR: 🚨 높은 시스템 메모리 사용량: 48604MB / 49152MB (98.9%)
⚠️ 가비지 컬렉션을 사용할 수 없습니다. --expose-gc 플래그를 사용하세요.
[2025-12-11T14:45:02.496Z] ERROR: 🚨 높은 시스템 메모리 사용량: 48044MB / 49152MB (97.7%)
⚠️ 가비지 컬렉션을 사용할 수 없습니다. --expose-gc 플래그를 사용하세요.
[2025-12-11T14:45:32.499Z] ERROR: 🚨 높은 시스템 메모리 사용량: 48076MB / 49152MB (97.8%)
⚠️ 가비지 컬렉션을 사용할 수 없습니다. --expose-gc 플래그를 사용하세요.
[2025-12-11T14:46:02.500Z] ERROR: 🚨 높은 시스템 메모리 사용량: 47989MB / 49152MB (97.6%)
⚠️ 가비지 컬렉션을 사용할 수 없습니다. --expose-gc 플래그를 사용하세요.
[2025-12-11T14:46:32.501Z] ERROR: 🚨 높은 시스템 메모리 사용량: 48167MB / 49152MB (98.0%)
⚠️ 가비지 컬렉션을 사용할 수 없습니다. --expose-gc 플래그를 사용하세요.
[2025-12-11T14:47:02.506Z] ERROR: 🚨 높은 시스템 메모리 사용량: 48087MB / 49152MB (97.8%)
⚠️ 가비지 컬렉션을 사용할 수 없습니다. --expose-gc 플래그를 사용하세요.
[2025-12-11T14:47:32.508Z] ERROR: 🚨 높은 시스템 메모리 사용량: 48071MB / 49152MB (97.8%)
⚠️ 가비지 컬렉션을 사용할 수 없습니다. --expose-gc 플래그를 사용하세요.
[2025-12-11T14:48:02.509Z] ERROR: 🚨 높은 시스템 메모리 사용량: 48100MB / 49152MB (97.9%)
⚠️ 가비지 컬렉션을 사용할 수 없습니다. --expose-gc 플래그를 사용하세요.
[2025-12-11T14:48:32.511Z] ERROR: 🚨 높은 시스템 메모리 사용량: 48576MB / 49152MB (98.8%)
⚠️ 가비지 컬렉션을 사용할 수 없습니다. --expose-gc 플래그를 사용하세요.
[2025-12-11T14:49:02.513Z] ERROR: 🚨 높은 시스템 메모리 사용량: 48517MB / 49152MB (98.7%)
⚠️ 가비지 컬렉션을 사용할 수 없습니다. --expose-gc 플래그를 사용하세요.
[2025-12-11T14:49:32.514Z] ERROR: 🚨 높은 시스템 메모리 사용량: 49078MB / 49152MB (99.8%)
⚠️ 가비지 컬렉션을 사용할 수 없습니다. --expose-gc 플래그를 사용하세요.
[2025-12-11T14:50:02.515Z] ERROR: 🚨 높은 시스템 메모리 사용량: 48475MB / 49152MB (98.6%)
⚠️ 가비지 컬렉션을 사용할 수 없습니다. --expose-gc 플래그를 사용하세요.
[2025-12-11T14:50:32.433Z] ERROR: 🚨 높은 시스템 메모리 사용량: 48526MB / 49152MB (98.7%)
⚠️ 가비지 컬렉션을 사용할 수 없습니다. --expose-gc 플래그를 사용하세요.
[2025-12-11T14:51:02.433Z] ERROR: 🚨 높은 시스템 메모리 사용량: 48587MB / 49152MB (98.9%)
⚠️ 가비지 컬렉션을 사용할 수 없습니다. --expose-gc 플래그를 사용하세요.
[2025-12-11T14:51:32.434Z] ERROR: 🚨 높은 시스템 메모리 사용량: 48502MB / 49152MB (98.7%)
⚠️ 가비지 컬렉션을 사용할 수 없습니다. --expose-gc 플래그를 사용하세요.
[2025-12-11T14:52:02.436Z] ERROR: 🚨 높은 시스템 메모리 사용량: 48543MB / 49152MB (98.8%)
⚠️ 가비지 컬렉션을 사용할 수 없습니다. --expose-gc 플래그를 사용하세요.
[2025-12-11T14:52:32.435Z] ERROR: 🚨 높은 시스템 메모리 사용량: 48527MB / 49152MB (98.7%)
⚠️ 가비지 컬렉션을 사용할 수 없습니다. --expose-gc 플래그를 사용하세요.
[2025-12-11T14:53:02.437Z] ERROR: 🚨 높은 시스템 메모리 사용량: 48547MB / 49152MB (98.8%)
⚠️ 가비지 컬렉션을 사용할 수 없습니다. --expose-gc 플래그를 사용하세요.
[2025-12-11T14:53:32.436Z] ERROR: 🚨 높은 시스템 메모리 사용량: 48920MB / 49152MB (99.5%)
⚠️ 가비지 컬렉션을 사용할 수 없습니다. --expose-gc 플래그를 사용하세요.
[2025-12-11T14:54:02.436Z] ERROR: 🚨 높은 시스템 메모리 사용량: 48975MB / 49152MB (99.6%)
⚠️ 가비지 컬렉션을 사용할 수 없습니다. --expose-gc 플래그를 사용하세요.
[2025-12-11T14:54:32.438Z] ERROR: 🚨 높은 시스템 메모리 사용량: 49055MB / 49152MB (99.8%)
⚠️ 가비지 컬렉션을 사용할 수 없습니다. --expose-gc 플래그를 사용하세요.
[2025-12-11T14:55:02.437Z] ERROR: 🚨 높은 시스템 메모리 사용량: 48411MB / 49152MB (98.5%)
⚠️ 가비지 컬렉션을 사용할 수 없습니다. --expose-gc 플래그를 사용하세요.
[2025-12-11T14:55:32.440Z] ERROR: 🚨 높은 시스템 메모리 사용량: 48394MB / 49152MB (98.5%)
⚠️ 가비지 컬렉션을 사용할 수 없습니다. --expose-gc 플래그를 사용하세요.
[2025-12-11T14:56:02.441Z] ERROR: 🚨 높은 시스템 메모리 사용량: 48396MB / 49152MB (98.5%)
⚠️ 가비지 컬렉션을 사용할 수 없습니다. --expose-gc 플래그를 사용하세요.
[2025-12-11T14:56:32.443Z] ERROR: 🚨 높은 시스템 메모리 사용량: 48358MB / 49152MB (98.4%)
⚠️ 가비지 컬렉션을 사용할 수 없습니다. --expose-gc 플래그를 사용하세요.
[2025-12-11T14:57:02.443Z] ERROR: 🚨 높은 시스템 메모리 사용량: 48448MB / 49152MB (98.6%)
⚠️ 가비지 컬렉션을 사용할 수 없습니다. --expose-gc 플래그를 사용하세요.
[2025-12-11T14:57:32.445Z] ERROR: 🚨 높은 시스템 메모리 사용량: 48427MB / 49152MB (98.5%)
⚠️ 가비지 컬렉션을 사용할 수 없습니다. --expose-gc 플래그를 사용하세요.
[2025-12-11T14:58:02.446Z] ERROR: 🚨 높은 시스템 메모리 사용량: 48387MB / 49152MB (98.4%)
⚠️ 가비지 컬렉션을 사용할 수 없습니다. --expose-gc 플래그를 사용하세요.
[2025-12-11T14:58:32.447Z] ERROR: 🚨 높은 시스템 메모리 사용량: 48866MB / 49152MB (99.4%)
⚠️ 가비지 컬렉션을 사용할 수 없습니다. --expose-gc 플래그를 사용하세요.
[2025-12-11T14:59:02.448Z] ERROR: 🚨 높은 시스템 메모리 사용량: 48899MB / 49152MB (99.5%)
⚠️ 가비지 컬렉션을 사용할 수 없습니다. --expose-gc 플래그를 사용하세요.
[2025-12-11T14:59:32.450Z] ERROR: 🚨 높은 시스템 메모리 사용량: 48970MB / 49152MB (99.6%)
⚠️ 가비지 컬렉션을 사용할 수 없습니다. --expose-gc 플래그를 사용하세요.
[2025-12-11T15:00:02.450Z] ERROR: 🚨 높은 시스템 메모리 사용량: 49079MB / 49152MB (99.9%)
⚠️ 가비지 컬렉션을 사용할 수 없습니다. --expose-gc 플래그를 사용하세요.
[2025-12-11T15:00:32.452Z] ERROR: 🚨 높은 시스템 메모리 사용량: 48463MB / 49152MB (98.6%)
⚠️ 가비지 컬렉션을 사용할 수 없습니다. --expose-gc 플래그를 사용하세요.
[2025-12-11T15:01:02.455Z] ERROR: 🚨 높은 시스템 메모리 사용량: 48338MB / 49152MB (98.3%)
⚠️ 가비지 컬렉션을 사용할 수 없습니다. --expose-gc 플래그를 사용하세요.
[2025-12-11T15:01:32.453Z] ERROR: 🚨 높은 시스템 메모리 사용량: 48329MB / 49152MB (98.3%)
⚠️ 가비지 컬렉션을 사용할 수 없습니다. --expose-gc 플래그를 사용하세요.
[2025-12-11T15:02:02.456Z] ERROR: 🚨 높은 시스템 메모리 사용량: 48468MB / 49152MB (98.6%)
⚠️ 가비지 컬렉션을 사용할 수 없습니다. --expose-gc 플래그를 사용하세요.
[2025-12-11T15:02:32.455Z] ERROR: 🚨 높은 시스템 메모리 사용량: 48414MB / 49152MB (98.5%)
⚠️ 가비지 컬렉션을 사용할 수 없습니다. --expose-gc 플래그를 사용하세요.
[2025-12-11T15:03:02.454Z] ERROR: 🚨 높은 시스템 메모리 사용량: 48578MB / 49152MB (98.8%)
⚠️ 가비지 컬렉션을 사용할 수 없습니다. --expose-gc 플래그를 사용하세요.
[2025-12-11T15:03:32.455Z] ERROR: 🚨 높은 시스템 메모리 사용량: 48890MB / 49152MB (99.5%)
⚠️ 가비지 컬렉션을 사용할 수 없습니다. --expose-gc 플래그를 사용하세요.
[2025-12-11T15:04:02.454Z] ERROR: 🚨 높은 시스템 메모리 사용량: 48880MB / 49152MB (99.4%)
⚠️ 가비지 컬렉션을 사용할 수 없습니다. --expose-gc 플래그를 사용하세요.
[2025-12-11T15:04:32.455Z] ERROR: 🚨 높은 시스템 메모리 사용량: 48909MB / 49152MB (99.5%)
⚠️ 가비지 컬렉션을 사용할 수 없습니다. --expose-gc 플래그를 사용하세요.
[2025-12-11T15:05:02.457Z] ERROR: 🚨 높은 시스템 메모리 사용량: 48964MB / 49152MB (99.6%)
⚠️ 가비지 컬렉션을 사용할 수 없습니다. --expose-gc 플래그를 사용하세요.
[2025-12-11T15:05:32.458Z] ERROR: 🚨 높은 시스템 메모리 사용량: 48383MB / 49152MB (98.4%)
⚠️ 가비지 컬렉션을 사용할 수 없습니다. --expose-gc 플래그를 사용하세요.
[2025-12-11T15:06:02.457Z] ERROR: 🚨 높은 시스템 메모리 사용량: 48517MB / 49152MB (98.7%)
⚠️ 가비지 컬렉션을 사용할 수 없습니다. --expose-gc 플래그를 사용하세요.
[2025-12-11T15:06:32.458Z] ERROR: 🚨 높은 시스템 메모리 사용량: 48337MB / 49152MB (98.3%)
⚠️ 가비지 컬렉션을 사용할 수 없습니다. --expose-gc 플래그를 사용하세요.
[2025-12-11T15:07:02.458Z] ERROR: 🚨 높은 시스템 메모리 사용량: 48465MB / 49152MB (98.6%)
⚠️ 가비지 컬렉션을 사용할 수 없습니다. --expose-gc 플래그를 사용하세요.
[2025-12-11T15:07:32.457Z] ERROR: 🚨 높은 시스템 메모리 사용량: 48432MB / 49152MB (98.5%)
⚠️ 가비지 컬렉션을 사용할 수 없습니다. --expose-gc 플래그를 사용하세요.
[2025-12-11T15:08:02.459Z] ERROR: 🚨 높은 시스템 메모리 사용량: 48543MB / 49152MB (98.8%)
⚠️ 가비지 컬렉션을 사용할 수 없습니다. --expose-gc 플래그를 사용하세요.
[2025-12-11T15:08:32.459Z] ERROR: 🚨 높은 시스템 메모리 사용량: 48947MB / 49152MB (99.6%)
⚠️ 가비지 컬렉션을 사용할 수 없습니다. --expose-gc 플래그를 사용하세요.
[2025-12-11T15:09:02.461Z] ERROR: 🚨 높은 시스템 메모리 사용량: 49034MB / 49152MB (99.8%)
⚠️ 가비지 컬렉션을 사용할 수 없습니다. --expose-gc 플래그를 사용하세요.
[2025-12-11T15:09:32.461Z] ERROR: 🚨 높은 시스템 메모리 사용량: 48946MB / 49152MB (99.6%)
⚠️ 가비지 컬렉션을 사용할 수 없습니다. --expose-gc 플래그를 사용하세요.
[2025-12-11T15:10:02.463Z] ERROR: 🚨 높은 시스템 메모리 사용량: 48974MB / 49152MB (99.6%)
⚠️ 가비지 컬렉션을 사용할 수 없습니다. --expose-gc 플래그를 사용하세요.
[2025-12-11T15:10:32.465Z] ERROR: 🚨 높은 시스템 메모리 사용량: 48367MB / 49152MB (98.4%)
⚠️ 가비지 컬렉션을 사용할 수 없습니다. --expose-gc 플래그를 사용하세요.
[2025-12-11T15:11:02.466Z] ERROR: 🚨 높은 시스템 메모리 사용량: 48440MB / 49152MB (98.6%)
⚠️ 가비지 컬렉션을 사용할 수 없습니다. --expose-gc 플래그를 사용하세요.
[2025-12-11T15:11:32.465Z] ERROR: 🚨 높은 시스템 메모리 사용량: 48342MB / 49152MB (98.4%)
⚠️ 가비지 컬렉션을 사용할 수 없습니다. --expose-gc 플래그를 사용하세요.
[2025-12-11T15:12:02.466Z] ERROR: 🚨 높은 시스템 메모리 사용량: 48590MB / 49152MB (98.9%)
⚠️ 가비지 컬렉션을 사용할 수 없습니다. --expose-gc 플래그를 사용하세요.
[2025-12-11T15:12:32.468Z] ERROR: 🚨 높은 시스템 메모리 사용량: 48314MB / 49152MB (98.3%)
⚠️ 가비지 컬렉션을 사용할 수 없습니다. --expose-gc 플래그를 사용하세요.
[2025-12-11T15:13:02.469Z] ERROR: 🚨 높은 시스템 메모리 사용량: 48560MB / 49152MB (98.8%)
⚠️ 가비지 컬렉션을 사용할 수 없습니다. --expose-gc 플래그를 사용하세요.
[2025-12-11T15:13:32.471Z] ERROR: 🚨 높은 시스템 메모리 사용량: 48938MB / 49152MB (99.6%)
⚠️ 가비지 컬렉션을 사용할 수 없습니다. --expose-gc 플래그를 사용하세요.
[2025-12-11T15:14:02.472Z] ERROR: 🚨 높은 시스템 메모리 사용량: 48973MB / 49152MB (99.6%)
⚠️ 가비지 컬렉션을 사용할 수 없습니다. --expose-gc 플래그를 사용하세요.
[2025-12-11T15:14:32.472Z] ERROR: 🚨 높은 시스템 메모리 사용량: 48893MB / 49152MB (99.5%)
⚠️ 가비지 컬렉션을 사용할 수 없습니다. --expose-gc 플래그를 사용하세요.
[2025-12-11T15:15:02.476Z] ERROR: 🚨 높은 시스템 메모리 사용량: 49085MB / 49152MB (99.9%)
⚠️ 가비지 컬렉션을 사용할 수 없습니다. --expose-gc 플래그를 사용하세요.
[2025-12-11T15:15:32.476Z] ERROR: 🚨 높은 시스템 메모리 사용량: 48921MB / 49152MB (99.5%)
⚠️ 가비지 컬렉션을 사용할 수 없습니다. --expose-gc 플래그를 사용하세요.
[2025-12-11T15:32:33.084Z] ERROR: 🚨 높은 시스템 메모리 사용량: 48937MB / 49152MB (99.6%)
⚠️ 가비지 컬렉션을 사용할 수 없습니다. --expose-gc 플래그를 사용하세요.
[2025-12-11T15:33:03.091Z] ERROR: 🚨 높은 시스템 메모리 사용량: 48375MB / 49152MB (98.4%)
⚠️ 가비지 컬렉션을 사용할 수 없습니다. --expose-gc 플래그를 사용하세요.
[2025-12-11T15:48:56.832Z] ERROR: 🚨 높은 시스템 메모리 사용량: 48946MB / 49152MB (99.6%)
⚠️ 가비지 컬렉션을 사용할 수 없습니다. --expose-gc 플래그를 사용하세요.
[2025-12-11T15:49:26.836Z] ERROR: 🚨 높은 시스템 메모리 사용량: 48275MB / 49152MB (98.2%)
⚠️ 가비지 컬렉션을 사용할 수 없습니다. --expose-gc 플래그를 사용하세요.
[2025-12-11T15:58:45.827Z] ERROR: 🚨 높은 시스템 메모리 사용량: 48884MB / 49152MB (99.5%)
⚠️ 가비지 컬렉션을 사용할 수 없습니다. --expose-gc 플래그를 사용하세요.
[2025-12-11T15:59:15.829Z] ERROR: 🚨 높은 시스템 메모리 사용량: 49083MB / 49152MB (99.9%)
⚠️ 가비지 컬렉션을 사용할 수 없습니다. --expose-gc 플래그를 사용하세요.
[2025-12-11T15:59:45.829Z] ERROR: 🚨 높은 시스템 메모리 사용량: 49021MB / 49152MB (99.7%)
⚠️ 가비지 컬렉션을 사용할 수 없습니다. --expose-gc 플래그를 사용하세요.
[2025-12-11T16:00:15.831Z] ERROR: 🚨 높은 시스템 메모리 사용량: 49086MB / 49152MB (99.9%)
⚠️ 가비지 컬렉션을 사용할 수 없습니다. --expose-gc 플래그를 사용하세요.
[2025-12-11T16:00:45.828Z] ERROR: 🚨 높은 시스템 메모리 사용량: 48930MB / 49152MB (99.5%)
⚠️ 가비지 컬렉션을 사용할 수 없습니다. --expose-gc 플래그를 사용하세요.
[2025-12-11T16:01:15.832Z] ERROR: 🚨 높은 시스템 메모리 사용량: 49074MB / 49152MB (99.8%)
⚠️ 가비지 컬렉션을 사용할 수 없습니다. --expose-gc 플래그를 사용하세요.
[2025-12-11T16:01:45.830Z] ERROR: 🚨 높은 시스템 메모리 사용량: 48875MB / 49152MB (99.4%)
⚠️ 가비지 컬렉션을 사용할 수 없습니다. --expose-gc 플래그를 사용하세요.
[2025-12-11T16:02:15.831Z] ERROR: 🚨 높은 시스템 메모리 사용량: 48975MB / 49152MB (99.6%)
⚠️ 가비지 컬렉션을 사용할 수 없습니다. --expose-gc 플래그를 사용하세요.
[2025-12-11T16:02:45.833Z] ERROR: 🚨 높은 시스템 메모리 사용량: 48866MB / 49152MB (99.4%)
⚠️ 가비지 컬렉션을 사용할 수 없습니다. --expose-gc 플래그를 사용하세요.
[2025-12-11T16:03:15.833Z] ERROR: 🚨 높은 시스템 메모리 사용량: 48900MB / 49152MB (99.5%)
⚠️ 가비지 컬렉션을 사용할 수 없습니다. --expose-gc 플래그를 사용하세요.
[2025-12-11T16:03:45.833Z] ERROR: 🚨 높은 시스템 메모리 사용량: 48912MB / 49152MB (99.5%)
⚠️ 가비지 컬렉션을 사용할 수 없습니다. --expose-gc 플래그를 사용하세요.
[2025-12-11T16:04:15.835Z] ERROR: 🚨 높은 시스템 메모리 사용량: 49003MB / 49152MB (99.7%)
⚠️ 가비지 컬렉션을 사용할 수 없습니다. --expose-gc 플래그를 사용하세요.
[2025-12-11T16:04:45.835Z] ERROR: 🚨 높은 시스템 메모리 사용량: 48436MB / 49152MB (98.5%)
⚠️ 가비지 컬렉션을 사용할 수 없습니다. --expose-gc 플래그를 사용하세요.
[2025-12-11T16:05:15.836Z] ERROR: 🚨 높은 시스템 메모리 사용량: 48403MB / 49152MB (98.5%)
⚠️ 가비지 컬렉션을 사용할 수 없습니다. --expose-gc 플래그를 사용하세요.
[2025-12-11T16:05:45.836Z] ERROR: 🚨 높은 시스템 메모리 사용량: 48316MB / 49152MB (98.3%)
⚠️ 가비지 컬렉션을 사용할 수 없습니다. --expose-gc 플래그를 사용하세요.
[2025-12-11T16:06:15.836Z] ERROR: 🚨 높은 시스템 메모리 사용량: 48687MB / 49152MB (99.1%)
⚠️ 가비지 컬렉션을 사용할 수 없습니다. --expose-gc 플래그를 사용하세요.
[2025-12-11T16:06:45.839Z] ERROR: 🚨 높은 시스템 메모리 사용량: 48772MB / 49152MB (99.2%)
⚠️ 가비지 컬렉션을 사용할 수 없습니다. --expose-gc 플래그를 사용하세요.
[2025-12-11T16:07:15.839Z] ERROR: 🚨 높은 시스템 메모리 사용량: 48835MB / 49152MB (99.4%)
⚠️ 가비지 컬렉션을 사용할 수 없습니다. --expose-gc 플래그를 사용하세요.
[2025-12-11T16:07:45.840Z] ERROR: 🚨 높은 시스템 메모리 사용량: 48789MB / 49152MB (99.3%)
⚠️ 가비지 컬렉션을 사용할 수 없습니다. --expose-gc 플래그를 사용하세요.
[2025-12-11T16:08:15.840Z] ERROR: 🚨 높은 시스템 메모리 사용량: 48858MB / 49152MB (99.4%)
⚠️ 가비지 컬렉션을 사용할 수 없습니다. --expose-gc 플래그를 사용하세요.
[2025-12-11T16:08:45.842Z] ERROR: 🚨 높은 시스템 메모리 사용량: 48795MB / 49152MB (99.3%)
⚠️ 가비지 컬렉션을 사용할 수 없습니다. --expose-gc 플래그를 사용하세요.
[2025-12-11T16:09:15.842Z] ERROR: 🚨 높은 시스템 메모리 사용량: 49007MB / 49152MB (99.7%)
⚠️ 가비지 컬렉션을 사용할 수 없습니다. --expose-gc 플래그를 사용하세요.
[2025-12-11T16:09:45.844Z] ERROR: 🚨 높은 시스템 메모리 사용량: 48462MB / 49152MB (98.6%)
⚠️ 가비지 컬렉션을 사용할 수 없습니다. --expose-gc 플래그를 사용하세요.
[2025-12-11T16:10:15.847Z] ERROR: 🚨 높은 시스템 메모리 사용량: 48527MB / 49152MB (98.7%)
⚠️ 가비지 컬렉션을 사용할 수 없습니다. --expose-gc 플래그를 사용하세요.
[2025-12-11T16:10:45.850Z] ERROR: 🚨 높은 시스템 메모리 사용량: 48439MB / 49152MB (98.5%)
⚠️ 가비지 컬렉션을 사용할 수 없습니다. --expose-gc 플래그를 사용하세요.
[2025-12-11T16:11:15.849Z] ERROR: 🚨 높은 시스템 메모리 사용량: 48769MB / 49152MB (99.2%)
⚠️ 가비지 컬렉션을 사용할 수 없습니다. --expose-gc 플래그를 사용하세요.
[2025-12-11T16:11:45.848Z] ERROR: 🚨 높은 시스템 메모리 사용량: 48878MB / 49152MB (99.4%)
⚠️ 가비지 컬렉션을 사용할 수 없습니다. --expose-gc 플래그를 사용하세요.
[2025-12-11T16:12:15.850Z] ERROR: 🚨 높은 시스템 메모리 사용량: 48973MB / 49152MB (99.6%)
⚠️ 가비지 컬렉션을 사용할 수 없습니다. --expose-gc 플래그를 사용하세요.
[2025-12-11T16:12:45.849Z] ERROR: 🚨 높은 시스템 메모리 사용량: 48887MB / 49152MB (99.5%)
⚠️ 가비지 컬렉션을 사용할 수 없습니다. --expose-gc 플래그를 사용하세요.
[2025-12-11T16:13:15.851Z] ERROR: 🚨 높은 시스템 메모리 사용량: 48950MB / 49152MB (99.6%)
⚠️ 가비지 컬렉션을 사용할 수 없습니다. --expose-gc 플래그를 사용하세요.
[2025-12-11T16:13:45.852Z] ERROR: 🚨 높은 시스템 메모리 사용량: 48834MB / 49152MB (99.4%)
⚠️ 가비지 컬렉션을 사용할 수 없습니다. --expose-gc 플래그를 사용하세요.
[2025-12-11T16:14:15.854Z] ERROR: 🚨 높은 시스템 메모리 사용량: 49086MB / 49152MB (99.9%)
⚠️ 가비지 컬렉션을 사용할 수 없습니다. --expose-gc 플래그를 사용하세요.
[2025-12-11T16:14:45.852Z] ERROR: 🚨 높은 시스템 메모리 사용량: 48988MB / 49152MB (99.7%)
⚠️ 가비지 컬렉션을 사용할 수 없습니다. --expose-gc 플래그를 사용하세요.
[2025-12-11T16:15:15.855Z] ERROR: 🚨 높은 시스템 메모리 사용량: 48936MB / 49152MB (99.6%)
⚠️ 가비지 컬렉션을 사용할 수 없습니다. --expose-gc 플래그를 사용하세요.
[2025-12-11T16:15:45.854Z] ERROR: 🚨 높은 시스템 메모리 사용량: 48771MB / 49152MB (99.2%)
⚠️ 가비지 컬렉션을 사용할 수 없습니다. --expose-gc 플래그를 사용하세요.
[2025-12-11T16:16:15.858Z] ERROR: 🚨 높은 시스템 메모리 사용량: 48831MB / 49152MB (99.3%)
⚠️ 가비지 컬렉션을 사용할 수 없습니다. --expose-gc 플래그를 사용하세요.
[2025-12-11T16:16:45.857Z] ERROR: 🚨 높은 시스템 메모리 사용량: 48778MB / 49152MB (99.2%)
⚠️ 가비지 컬렉션을 사용할 수 없습니다. --expose-gc 플래그를 사용하세요.
[2025-12-11T16:17:15.859Z] ERROR: 🚨 높은 시스템 메모리 사용량: 48812MB / 49152MB (99.3%)
⚠️ 가비지 컬렉션을 사용할 수 없습니다. --expose-gc 플래그를 사용하세요.
[2025-12-11T16:17:45.860Z] ERROR: 🚨 높은 시스템 메모리 사용량: 48782MB / 49152MB (99.2%)
⚠️ 가비지 컬렉션을 사용할 수 없습니다. --expose-gc 플래그를 사용하세요.
[2025-12-11T16:18:15.862Z] ERROR: 🚨 높은 시스템 메모리 사용량: 48818MB / 49152MB (99.3%)
⚠️ 가비지 컬렉션을 사용할 수 없습니다. --expose-gc 플래그를 사용하세요.
[2025-12-11T16:18:45.863Z] ERROR: 🚨 높은 시스템 메모리 사용량: 48770MB / 49152MB (99.2%)
⚠️ 가비지 컬렉션을 사용할 수 없습니다. --expose-gc 플래그를 사용하세요.
[2025-12-11T16:19:15.865Z] ERROR: 🚨 높은 시스템 메모리 사용량: 48810MB / 49152MB (99.3%)
⚠️ 가비지 컬렉션을 사용할 수 없습니다. --expose-gc 플래그를 사용하세요.
[2025-12-11T16:19:45.865Z] ERROR: 🚨 높은 시스템 메모리 사용량: 48992MB / 49152MB (99.7%)
⚠️ 가비지 컬렉션을 사용할 수 없습니다. --expose-gc 플래그를 사용하세요.
[2025-12-11T16:20:15.868Z] ERROR: 🚨 높은 시스템 메모리 사용량: 49011MB / 49152MB (99.7%)
⚠️ 가비지 컬렉션을 사용할 수 없습니다. --expose-gc 플래그를 사용하세요.
[2025-12-11T16:20:45.868Z] ERROR: 🚨 높은 시스템 메모리 사용량: 48978MB / 49152MB (99.6%)
⚠️ 가비지 컬렉션을 사용할 수 없습니다. --expose-gc 플래그를 사용하세요.
[2025-12-11T16:21:15.869Z] ERROR: 🚨 높은 시스템 메모리 사용량: 48965MB / 49152MB (99.6%)
⚠️ 가비지 컬렉션을 사용할 수 없습니다. --expose-gc 플래그를 사용하세요.
[2025-12-11T16:21:45.870Z] ERROR: 🚨 높은 시스템 메모리 사용량: 48897MB / 49152MB (99.5%)
⚠️ 가비지 컬렉션을 사용할 수 없습니다. --expose-gc 플래그를 사용하세요.
[2025-12-11T16:22:15.871Z] ERROR: 🚨 높은 시스템 메모리 사용량: 48876MB / 49152MB (99.4%)
⚠️ 가비지 컬렉션을 사용할 수 없습니다. --expose-gc 플래그를 사용하세요.
[2025-12-11T16:22:45.872Z] ERROR: 🚨 높은 시스템 메모리 사용량: 48889MB / 49152MB (99.5%)
⚠️ 가비지 컬렉션을 사용할 수 없습니다. --expose-gc 플래그를 사용하세요.
[2025-12-11T16:23:15.873Z] ERROR: 🚨 높은 시스템 메모리 사용량: 48946MB / 49152MB (99.6%)
⚠️ 가비지 컬렉션을 사용할 수 없습니다. --expose-gc 플래그를 사용하세요.
[2025-12-11T16:23:45.874Z] ERROR: 🚨 높은 시스템 메모리 사용량: 48917MB / 49152MB (99.5%)
⚠️ 가비지 컬렉션을 사용할 수 없습니다. --expose-gc 플래그를 사용하세요.
[2025-12-11T16:24:15.877Z] ERROR: 🚨 높은 시스템 메모리 사용량: 48944MB / 49152MB (99.6%)
⚠️ 가비지 컬렉션을 사용할 수 없습니다. --expose-gc 플래그를 사용하세요.
[2025-12-11T16:24:45.876Z] ERROR: 🚨 높은 시스템 메모리 사용량: 48982MB / 49152MB (99.7%)
⚠️ 가비지 컬렉션을 사용할 수 없습니다. --expose-gc 플래그를 사용하세요.
[2025-12-11T16:25:15.879Z] ERROR: 🚨 높은 시스템 메모리 사용량: 48902MB / 49152MB (99.5%)
⚠️ 가비지 컬렉션을 사용할 수 없습니다. --expose-gc 플래그를 사용하세요.
[2025-12-11T16:25:45.875Z] ERROR: 🚨 높은 시스템 메모리 사용량: 49007MB / 49152MB (99.7%)
⚠️ 가비지 컬렉션을 사용할 수 없습니다. --expose-gc 플래그를 사용하세요.
[2025-12-11T16:26:15.875Z] ERROR: 🚨 높은 시스템 메모리 사용량: 48879MB / 49152MB (99.4%)
⚠️ 가비지 컬렉션을 사용할 수 없습니다. --expose-gc 플래그를 사용하세요.
[2025-12-11T16:26:45.877Z] ERROR: 🚨 높은 시스템 메모리 사용량: 48814MB / 49152MB (99.3%)
⚠️ 가비지 컬렉션을 사용할 수 없습니다. --expose-gc 플래그를 사용하세요.
[2025-12-11T16:27:15.879Z] ERROR: 🚨 높은 시스템 메모리 사용량: 48796MB / 49152MB (99.3%)
⚠️ 가비지 컬렉션을 사용할 수 없습니다. --expose-gc 플래그를 사용하세요.
[2025-12-11T16:27:45.878Z] ERROR: 🚨 높은 시스템 메모리 사용량: 48806MB / 49152MB (99.3%)
⚠️ 가비지 컬렉션을 사용할 수 없습니다. --expose-gc 플래그를 사용하세요.
[2025-12-11T16:28:15.879Z] ERROR: 🚨 높은 시스템 메모리 사용량: 48856MB / 49152MB (99.4%)
⚠️ 가비지 컬렉션을 사용할 수 없습니다. --expose-gc 플래그를 사용하세요.
[2025-12-11T16:28:45.881Z] ERROR: 🚨 높은 시스템 메모리 사용량: 48762MB / 49152MB (99.2%)
⚠️ 가비지 컬렉션을 사용할 수 없습니다. --expose-gc 플래그를 사용하세요.
[2025-12-11T16:29:15.883Z] ERROR: 🚨 높은 시스템 메모리 사용량: 48840MB / 49152MB (99.4%)
⚠️ 가비지 컬렉션을 사용할 수 없습니다. --expose-gc 플래그를 사용하세요.
[2025-12-11T16:29:45.883Z] ERROR: 🚨 높은 시스템 메모리 사용량: 49085MB / 49152MB (99.9%)
⚠️ 가비지 컬렉션을 사용할 수 없습니다. --expose-gc 플래그를 사용하세요.
[2025-12-11T16:30:15.885Z] ERROR: 🚨 높은 시스템 메모리 사용량: 49092MB / 49152MB (99.9%)
⚠️ 가비지 컬렉션을 사용할 수 없습니다. --expose-gc 플래그를 사용하세요.
[2025-12-11T16:30:45.882Z] ERROR: 🚨 높은 시스템 메모리 사용량: 48556MB / 49152MB (98.8%)
⚠️ 가비지 컬렉션을 사용할 수 없습니다. --expose-gc 플래그를 사용하세요.
[2025-12-11T16:31:15.886Z] ERROR: 🚨 높은 시스템 메모리 사용량: 48559MB / 49152MB (98.8%)
⚠️ 가비지 컬렉션을 사용할 수 없습니다. --expose-gc 플래그를 사용하세요.
[2025-12-11T16:31:45.886Z] ERROR: 🚨 높은 시스템 메모리 사용량: 48595MB / 49152MB (98.9%)
⚠️ 가비지 컬렉션을 사용할 수 없습니다. --expose-gc 플래그를 사용하세요.
[2025-12-11T16:32:15.888Z] ERROR: 🚨 높은 시스템 메모리 사용량: 48531MB / 49152MB (98.7%)
⚠️ 가비지 컬렉션을 사용할 수 없습니다. --expose-gc 플래그를 사용하세요.
[2025-12-11T16:32:45.887Z] ERROR: 🚨 높은 시스템 메모리 사용량: 48571MB / 49152MB (98.8%)
⚠️ 가비지 컬렉션을 사용할 수 없습니다. --expose-gc 플래그를 사용하세요.
[2025-12-11T16:33:15.887Z] ERROR: 🚨 높은 시스템 메모리 사용량: 48501MB / 49152MB (98.7%)
⚠️ 가비지 컬렉션을 사용할 수 없습니다. --expose-gc 플래그를 사용하세요.
[2025-12-11T16:33:45.886Z] ERROR: 🚨 높은 시스템 메모리 사용량: 48490MB / 49152MB (98.7%)
⚠️ 가비지 컬렉션을 사용할 수 없습니다. --expose-gc 플래그를 사용하세요.
[2025-12-11T16:34:15.889Z] ERROR: 🚨 높은 시스템 메모리 사용량: 48563MB / 49152MB (98.8%)
⚠️ 가비지 컬렉션을 사용할 수 없습니다. --expose-gc 플래그를 사용하세요.
[2025-12-11T16:34:45.889Z] ERROR: 🚨 높은 시스템 메모리 사용량: 48575MB / 49152MB (98.8%)
⚠️ 가비지 컬렉션을 사용할 수 없습니다. --expose-gc 플래그를 사용하세요.
[2025-12-11T16:35:15.890Z] ERROR: 🚨 높은 시스템 메모리 사용량: 49001MB / 49152MB (99.7%)
⚠️ 가비지 컬렉션을 사용할 수 없습니다. --expose-gc 플래그를 사용하세요.
[2025-12-11T16:35:45.892Z] ERROR: 🚨 높은 시스템 메모리 사용량: 48565MB / 49152MB (98.8%)
⚠️ 가비지 컬렉션을 사용할 수 없습니다. --expose-gc 플래그를 사용하세요.
[2025-12-11T16:36:15.890Z] ERROR: 🚨 높은 시스템 메모리 사용량: 48603MB / 49152MB (98.9%)
⚠️ 가비지 컬렉션을 사용할 수 없습니다. --expose-gc 플래그를 사용하세요.
[2025-12-11T16:36:45.893Z] ERROR: 🚨 높은 시스템 메모리 사용량: 48668MB / 49152MB (99.0%)
⚠️ 가비지 컬렉션을 사용할 수 없습니다. --expose-gc 플래그를 사용하세요.
[2025-12-11T16:37:15.895Z] ERROR: 🚨 높은 시스템 메모리 사용량: 48673MB / 49152MB (99.0%)
⚠️ 가비지 컬렉션을 사용할 수 없습니다. --expose-gc 플래그를 사용하세요.
[2025-12-11T16:37:45.896Z] ERROR: 🚨 높은 시스템 메모리 사용량: 48576MB / 49152MB (98.8%)
⚠️ 가비지 컬렉션을 사용할 수 없습니다. --expose-gc 플래그를 사용하세요.
[2025-12-11T16:38:15.898Z] ERROR: 🚨 높은 시스템 메모리 사용량: 48514MB / 49152MB (98.7%)
⚠️ 가비지 컬렉션을 사용할 수 없습니다. --expose-gc 플래그를 사용하세요.
[2025-12-11T16:38:45.899Z] ERROR: 🚨 높은 시스템 메모리 사용량: 48610MB / 49152MB (98.9%)
⚠️ 가비지 컬렉션을 사용할 수 없습니다. --expose-gc 플래그를 사용하세요.
[2025-12-11T16:39:15.900Z] ERROR: 🚨 높은 시스템 메모리 사용량: 48542MB / 49152MB (98.8%)
⚠️ 가비지 컬렉션을 사용할 수 없습니다. --expose-gc 플래그를 사용하세요.
[2025-12-11T16:39:45.902Z] ERROR: 🚨 높은 시스템 메모리 사용량: 48621MB / 49152MB (98.9%)
⚠️ 가비지 컬렉션을 사용할 수 없습니다. --expose-gc 플래그를 사용하세요.
[2025-12-11T16:40:15.900Z] ERROR: 🚨 높은 시스템 메모리 사용량: 49064MB / 49152MB (99.8%)
⚠️ 가비지 컬렉션을 사용할 수 없습니다. --expose-gc 플래그를 사용하세요.
[2025-12-11T16:40:45.905Z] ERROR: 🚨 높은 시스템 메모리 사용량: 48540MB / 49152MB (98.8%)
⚠️ 가비지 컬렉션을 사용할 수 없습니다. --expose-gc 플래그를 사용하세요.
[2025-12-11T16:41:15.903Z] ERROR: 🚨 높은 시스템 메모리 사용량: 48538MB / 49152MB (98.8%)
⚠️ 가비지 컬렉션을 사용할 수 없습니다. --expose-gc 플래그를 사용하세요.
[2025-12-11T16:41:45.904Z] ERROR: 🚨 높은 시스템 메모리 사용량: 48536MB / 49152MB (98.7%)
⚠️ 가비지 컬렉션을 사용할 수 없습니다. --expose-gc 플래그를 사용하세요.
[2025-12-11T16:42:15.906Z] ERROR: 🚨 높은 시스템 메모리 사용량: 48545MB / 49152MB (98.8%)
⚠️ 가비지 컬렉션을 사용할 수 없습니다. --expose-gc 플래그를 사용하세요.
[2025-12-11T16:42:45.907Z] ERROR: 🚨 높은 시스템 메모리 사용량: 48641MB / 49152MB (99.0%)
⚠️ 가비지 컬렉션을 사용할 수 없습니다. --expose-gc 플래그를 사용하세요.
[2025-12-11T16:43:15.906Z] ERROR: 🚨 높은 시스템 메모리 사용량: 48521MB / 49152MB (98.7%)
⚠️ 가비지 컬렉션을 사용할 수 없습니다. --expose-gc 플래그를 사용하세요.
[2025-12-11T16:43:45.908Z] ERROR: 🚨 높은 시스템 메모리 사용량: 48533MB / 49152MB (98.7%)
⚠️ 가비지 컬렉션을 사용할 수 없습니다. --expose-gc 플래그를 사용하세요.
[2025-12-11T16:44:15.911Z] ERROR: 🚨 높은 시스템 메모리 사용량: 48511MB / 49152MB (98.7%)
⚠️ 가비지 컬렉션을 사용할 수 없습니다. --expose-gc 플래그를 사용하세요.
[2025-12-11T16:44:45.911Z] ERROR: 🚨 높은 시스템 메모리 사용량: 48541MB / 49152MB (98.8%)
⚠️ 가비지 컬렉션을 사용할 수 없습니다. --expose-gc 플래그를 사용하세요.
[2025-12-11T16:45:15.911Z] ERROR: 🚨 높은 시스템 메모리 사용량: 48990MB / 49152MB (99.7%)
⚠️ 가비지 컬렉션을 사용할 수 없습니다. --expose-gc 플래그를 사용하세요.
[2025-12-11T16:45:45.912Z] ERROR: 🚨 높은 시스템 메모리 사용량: 49089MB / 49152MB (99.9%)
⚠️ 가비지 컬렉션을 사용할 수 없습니다. --expose-gc 플래그를 사용하세요.
[2025-12-11T16:46:15.912Z] ERROR: 🚨 높은 시스템 메모리 사용량: 48650MB / 49152MB (99.0%)
⚠️ 가비지 컬렉션을 사용할 수 없습니다. --expose-gc 플래그를 사용하세요.
[2025-12-11T16:46:45.913Z] ERROR: 🚨 높은 시스템 메모리 사용량: 48576MB / 49152MB (98.8%)
⚠️ 가비지 컬렉션을 사용할 수 없습니다. --expose-gc 플래그를 사용하세요.
[2025-12-11T16:47:15.916Z] ERROR: 🚨 높은 시스템 메모리 사용량: 48566MB / 49152MB (98.8%)
⚠️ 가비지 컬렉션을 사용할 수 없습니다. --expose-gc 플래그를 사용하세요.
[2025-12-11T16:47:45.916Z] ERROR: 🚨 높은 시스템 메모리 사용량: 48628MB / 49152MB (98.9%)
⚠️ 가비지 컬렉션을 사용할 수 없습니다. --expose-gc 플래그를 사용하세요.
[2025-12-11T16:48:15.916Z] ERROR: 🚨 높은 시스템 메모리 사용량: 48498MB / 49152MB (98.7%)
⚠️ 가비지 컬렉션을 사용할 수 없습니다. --expose-gc 플래그를 사용하세요.
[2025-12-11T16:48:45.915Z] ERROR: 🚨 높은 시스템 메모리 사용량: 48522MB / 49152MB (98.7%)
⚠️ 가비지 컬렉션을 사용할 수 없습니다. --expose-gc 플래그를 사용하세요.
[2025-12-11T16:49:15.922Z] ERROR: 🚨 높은 시스템 메모리 사용량: 48475MB / 49152MB (98.6%)
⚠️ 가비지 컬렉션을 사용할 수 없습니다. --expose-gc 플래그를 사용하세요.
[2025-12-11T16:49:45.918Z] ERROR: 🚨 높은 시스템 메모리 사용량: 48467MB / 49152MB (98.6%)
⚠️ 가비지 컬렉션을 사용할 수 없습니다. --expose-gc 플래그를 사용하세요.
[2025-12-11T16:50:15.919Z] ERROR: 🚨 높은 시스템 메모리 사용량: 48524MB / 49152MB (98.7%)
⚠️ 가비지 컬렉션을 사용할 수 없습니다. --expose-gc 플래그를 사용하세요.
[2025-12-11T16:50:45.919Z] ERROR: 🚨 높은 시스템 메모리 사용량: 48985MB / 49152MB (99.7%)
⚠️ 가비지 컬렉션을 사용할 수 없습니다. --expose-gc 플래그를 사용하세요.
[2025-12-11T16:51:15.920Z] ERROR: 🚨 높은 시스템 메모리 사용량: 48587MB / 49152MB (98.9%)
⚠️ 가비지 컬렉션을 사용할 수 없습니다. --expose-gc 플래그를 사용하세요.
[2025-12-11T16:51:45.920Z] ERROR: 🚨 높은 시스템 메모리 사용량: 48471MB / 49152MB (98.6%)
⚠️ 가비지 컬렉션을 사용할 수 없습니다. --expose-gc 플래그를 사용하세요.
[2025-12-11T16:52:15.921Z] ERROR: 🚨 높은 시스템 메모리 사용량: 48421MB / 49152MB (98.5%)
⚠️ 가비지 컬렉션을 사용할 수 없습니다. --expose-gc 플래그를 사용하세요.
[2025-12-11T16:52:45.923Z] ERROR: 🚨 높은 시스템 메모리 사용량: 48502MB / 49152MB (98.7%)
⚠️ 가비지 컬렉션을 사용할 수 없습니다. --expose-gc 플래그를 사용하세요.
[2025-12-11T16:53:15.923Z] ERROR: 🚨 높은 시스템 메모리 사용량: 48555MB / 49152MB (98.8%)
⚠️ 가비지 컬렉션을 사용할 수 없습니다. --expose-gc 플래그를 사용하세요.
[2025-12-11T16:53:45.925Z] ERROR: 🚨 높은 시스템 메모리 사용량: 48434MB / 49152MB (98.5%)
⚠️ 가비지 컬렉션을 사용할 수 없습니다. --expose-gc 플래그를 사용하세요.
[2025-12-11T16:54:15.924Z] ERROR: 🚨 높은 시스템 메모리 사용량: 48475MB / 49152MB (98.6%)
⚠️ 가비지 컬렉션을 사용할 수 없습니다. --expose-gc 플래그를 사용하세요.
[2025-12-11T16:54:45.927Z] ERROR: 🚨 높은 시스템 메모리 사용량: 48429MB / 49152MB (98.5%)
⚠️ 가비지 컬렉션을 사용할 수 없습니다. --expose-gc 플래그를 사용하세요.
[2025-12-11T16:55:15.928Z] ERROR: 🚨 높은 시스템 메모리 사용량: 48494MB / 49152MB (98.7%)
⚠️ 가비지 컬렉션을 사용할 수 없습니다. --expose-gc 플래그를 사용하세요.
[2025-12-11T16:55:45.929Z] ERROR: 🚨 높은 시스템 메모리 사용량: 48986MB / 49152MB (99.7%)
⚠️ 가비지 컬렉션을 사용할 수 없습니다. --expose-gc 플래그를 사용하세요.
[2025-12-11T16:56:15.930Z] ERROR: 🚨 높은 시스템 메모리 사용량: 48505MB / 49152MB (98.7%)
⚠️ 가비지 컬렉션을 사용할 수 없습니다. --expose-gc 플래그를 사용하세요.
[2025-12-11T16:56:45.932Z] ERROR: 🚨 높은 시스템 메모리 사용량: 48417MB / 49152MB (98.5%)
⚠️ 가비지 컬렉션을 사용할 수 없습니다. --expose-gc 플래그를 사용하세요.
[2025-12-11T16:57:15.932Z] ERROR: 🚨 높은 시스템 메모리 사용량: 48415MB / 49152MB (98.5%)
⚠️ 가비지 컬렉션을 사용할 수 없습니다. --expose-gc 플래그를 사용하세요.
[2025-12-11T16:57:45.934Z] ERROR: 🚨 높은 시스템 메모리 사용량: 48493MB / 49152MB (98.7%)
⚠️ 가비지 컬렉션을 사용할 수 없습니다. --expose-gc 플래그를 사용하세요.
[2025-12-11T16:58:15.934Z] ERROR: 🚨 높은 시스템 메모리 사용량: 48549MB / 49152MB (98.8%)
⚠️ 가비지 컬렉션을 사용할 수 없습니다. --expose-gc 플래그를 사용하세요.
[2025-12-11T16:58:45.936Z] ERROR: 🚨 높은 시스템 메모리 사용량: 48505MB / 49152MB (98.7%)
⚠️ 가비지 컬렉션을 사용할 수 없습니다. --expose-gc 플래그를 사용하세요.
[2025-12-11T16:59:15.937Z] ERROR: 🚨 높은 시스템 메모리 사용량: 48494MB / 49152MB (98.7%)
⚠️ 가비지 컬렉션을 사용할 수 없습니다. --expose-gc 플래그를 사용하세요.
[2025-12-11T16:59:45.936Z] ERROR: 🚨 높은 시스템 메모리 사용량: 48443MB / 49152MB (98.6%)
⚠️ 가비지 컬렉션을 사용할 수 없습니다. --expose-gc 플래그를 사용하세요.
[2025-12-11T17:00:15.936Z] ERROR: 🚨 높은 시스템 메모리 사용량: 48493MB / 49152MB (98.7%)
⚠️ 가비지 컬렉션을 사용할 수 없습니다. --expose-gc 플래그를 사용하세요.
[2025-12-11T17:00:45.938Z] ERROR: 🚨 높은 시스템 메모리 사용량: 49088MB / 49152MB (99.9%)
⚠️ 가비지 컬렉션을 사용할 수 없습니다. --expose-gc 플래그를 사용하세요.
[2025-12-11T17:18:02.938Z] ERROR: 🚨 높은 시스템 메모리 사용량: 48929MB / 49152MB (99.5%)
⚠️ 가비지 컬렉션을 사용할 수 없습니다. --expose-gc 플래그를 사용하세요.
[2025-12-11T17:18:32.938Z] ERROR: 🚨 높은 시스템 메모리 사용량: 48353MB / 49152MB (98.4%)
⚠️ 가비지 컬렉션을 사용할 수 없습니다. --expose-gc 플래그를 사용하세요.
[2025-12-11T17:34:02.916Z] ERROR: 🚨 높은 시스템 메모리 사용량: 48918MB / 49152MB (99.5%)
⚠️ 가비지 컬렉션을 사용할 수 없습니다. --expose-gc 플래그를 사용하세요.
[2025-12-11T17:34:32.915Z] ERROR: 🚨 높은 시스템 메모리 사용량: 48671MB / 49152MB (99.0%)
⚠️ 가비지 컬렉션을 사용할 수 없습니다. --expose-gc 플래그를 사용하세요.
[2025-12-11T17:51:54.694Z] ERROR: 🚨 높은 시스템 메모리 사용량: 48624MB / 49152MB (98.9%)
⚠️ 가비지 컬렉션을 사용할 수 없습니다. --expose-gc 플래그를 사용하세요.
[2025-12-11T17:52:24.691Z] ERROR: 🚨 높은 시스템 메모리 사용량: 48749MB / 49152MB (99.2%)
⚠️ 가비지 컬렉션을 사용할 수 없습니다. --expose-gc 플래그를 사용하세요.
[2025-12-11T18:09:10.652Z] ERROR: 🚨 높은 시스템 메모리 사용량: 48360MB / 49152MB (98.4%)
⚠️ 가비지 컬렉션을 사용할 수 없습니다. --expose-gc 플래그를 사용하세요.
[2025-12-11T18:09:40.628Z] ERROR: 🚨 높은 시스템 메모리 사용량: 48847MB / 49152MB (99.4%)
⚠️ 가비지 컬렉션을 사용할 수 없습니다. --expose-gc 플래그를 사용하세요.
[2025-12-11T18:25:15.585Z] ERROR: 🚨 높은 시스템 메모리 사용량: 48533MB / 49152MB (98.7%)
⚠️ 가비지 컬렉션을 사용할 수 없습니다. --expose-gc 플래그를 사용하세요.
[2025-12-11T18:25:45.585Z] ERROR: 🚨 높은 시스템 메모리 사용량: 48463MB / 49152MB (98.6%)
⚠️ 가비지 컬렉션을 사용할 수 없습니다. --expose-gc 플래그를 사용하세요.
[2025-12-11T18:41:05.547Z] ERROR: 🚨 높은 시스템 메모리 사용량: 48677MB / 49152MB (99.0%)
⚠️ 가비지 컬렉션을 사용할 수 없습니다. --expose-gc 플래그를 사용하세요.
[2025-12-11T18:41:35.547Z] ERROR: 🚨 높은 시스템 메모리 사용량: 48271MB / 49152MB (98.2%)
⚠️ 가비지 컬렉션을 사용할 수 없습니다. --expose-gc 플래그를 사용하세요.
[2025-12-11T18:53:31.012Z] ERROR: 🚨 높은 시스템 메모리 사용량: 48485MB / 49152MB (98.6%)
⚠️ 가비지 컬렉션을 사용할 수 없습니다. --expose-gc 플래그를 사용하세요.
[2025-12-11T18:54:01.014Z] ERROR: 🚨 높은 시스템 메모리 사용량: 49041MB / 49152MB (99.8%)
⚠️ 가비지 컬렉션을 사용할 수 없습니다. --expose-gc 플래그를 사용하세요.
[2025-12-11T18:54:31.015Z] ERROR: 🚨 높은 시스템 메모리 사용량: 48489MB / 49152MB (98.7%)
⚠️ 가비지 컬렉션을 사용할 수 없습니다. --expose-gc 플래그를 사용하세요.
[2025-12-11T18:55:01.015Z] ERROR: 🚨 높은 시스템 메모리 사용량: 48799MB / 49152MB (99.3%)
⚠️ 가비지 컬렉션을 사용할 수 없습니다. --expose-gc 플래그를 사용하세요.
[2025-12-11T18:55:31.016Z] ERROR: 🚨 높은 시스템 메모리 사용량: 48794MB / 49152MB (99.3%)
⚠️ 가비지 컬렉션을 사용할 수 없습니다. --expose-gc 플래그를 사용하세요.
[2025-12-11T18:56:01.017Z] ERROR: 🚨 높은 시스템 메모리 사용량: 48574MB / 49152MB (98.8%)
⚠️ 가비지 컬렉션을 사용할 수 없습니다. --expose-gc 플래그를 사용하세요.
[2025-12-11T18:56:31.018Z] ERROR: 🚨 높은 시스템 메모리 사용량: 48663MB / 49152MB (99.0%)
⚠️ 가비지 컬렉션을 사용할 수 없습니다. --expose-gc 플래그를 사용하세요.
[2025-12-11T18:57:01.020Z] ERROR: 🚨 높은 시스템 메모리 사용량: 48718MB / 49152MB (99.1%)
⚠️ 가비지 컬렉션을 사용할 수 없습니다. --expose-gc 플래그를 사용하세요.
[2025-12-11T18:57:31.021Z] ERROR: 🚨 높은 시스템 메모리 사용량: 48473MB / 49152MB (98.6%)
⚠️ 가비지 컬렉션을 사용할 수 없습니다. --expose-gc 플래그를 사용하세요.
[2025-12-11T19:12:47.898Z] ERROR: 🚨 높은 시스템 메모리 사용량: 48979MB / 49152MB (99.6%)
⚠️ 가비지 컬렉션을 사용할 수 없습니다. --expose-gc 플래그를 사용하세요.
[2025-12-11T19:13:17.891Z] ERROR: 🚨 높은 시스템 메모리 사용량: 48252MB / 49152MB (98.2%)
⚠️ 가비지 컬렉션을 사용할 수 없습니다. --expose-gc 플래그를 사용하세요.
[2025-12-11T19:13:47.891Z] ERROR: 🚨 높은 시스템 메모리 사용량: 47671MB / 49152MB (97.0%)
⚠️ 가비지 컬렉션을 사용할 수 없습니다. --expose-gc 플래그를 사용하세요.
[2025-12-11T19:14:17.891Z] ERROR: 🚨 높은 시스템 메모리 사용량: 47688MB / 49152MB (97.0%)
⚠️ 가비지 컬렉션을 사용할 수 없습니다. --expose-gc 플래그를 사용하세요.
[2025-12-11T19:14:47.891Z] ERROR: 🚨 높은 시스템 메모리 사용량: 47687MB / 49152MB (97.0%)
⚠️ 가비지 컬렉션을 사용할 수 없습니다. --expose-gc 플래그를 사용하세요.
[2025-12-11T19:15:17.893Z] ERROR: 🚨 높은 시스템 메모리 사용량: 47621MB / 49152MB (96.9%)
⚠️ 가비지 컬렉션을 사용할 수 없습니다. --expose-gc 플래그를 사용하세요.
[2025-12-11T19:15:47.893Z] ERROR: 🚨 높은 시스템 메모리 사용량: 47666MB / 49152MB (97.0%)
⚠️ 가비지 컬렉션을 사용할 수 없습니다. --expose-gc 플래그를 사용하세요.
[2025-12-11T19:16:17.896Z] ERROR: 🚨 높은 시스템 메모리 사용량: 47694MB / 49152MB (97.0%)
⚠️ 가비지 컬렉션을 사용할 수 없습니다. --expose-gc 플래그를 사용하세요.
[2025-12-11T19:16:47.895Z] ERROR: 🚨 높은 시스템 메모리 사용량: 47675MB / 49152MB (97.0%)
⚠️ 가비지 컬렉션을 사용할 수 없습니다. --expose-gc 플래그를 사용하세요.
[2025-12-11T19:17:17.896Z] ERROR: 🚨 높은 시스템 메모리 사용량: 47925MB / 49152MB (97.5%)
⚠️ 가비지 컬렉션을 사용할 수 없습니다. --expose-gc 플래그를 사용하세요.
[2025-12-11T19:17:47.895Z] ERROR: 🚨 높은 시스템 메모리 사용량: 48081MB / 49152MB (97.8%)
⚠️ 가비지 컬렉션을 사용할 수 없습니다. --expose-gc 플래그를 사용하세요.
[2025-12-11T19:18:17.896Z] ERROR: 🚨 높은 시스템 메모리 사용량: 48848MB / 49152MB (99.4%)
⚠️ 가비지 컬렉션을 사용할 수 없습니다. --expose-gc 플래그를 사용하세요.
[2025-12-11T19:18:47.896Z] ERROR: 🚨 높은 시스템 메모리 사용량: 48310MB / 49152MB (98.3%)
⚠️ 가비지 컬렉션을 사용할 수 없습니다. --expose-gc 플래그를 사용하세요.
[2025-12-11T19:19:17.898Z] ERROR: 🚨 높은 시스템 메모리 사용량: 48365MB / 49152MB (98.4%)
⚠️ 가비지 컬렉션을 사용할 수 없습니다. --expose-gc 플래그를 사용하세요.
[2025-12-11T19:19:47.900Z] ERROR: 🚨 높은 시스템 메모리 사용량: 48236MB / 49152MB (98.1%)
⚠️ 가비지 컬렉션을 사용할 수 없습니다. --expose-gc 플래그를 사용하세요.
[2025-12-11T19:20:17.900Z] ERROR: 🚨 높은 시스템 메모리 사용량: 48304MB / 49152MB (98.3%)
⚠️ 가비지 컬렉션을 사용할 수 없습니다. --expose-gc 플래그를 사용하세요.
[2025-12-11T19:20:47.900Z] ERROR: 🚨 높은 시스템 메모리 사용량: 48259MB / 49152MB (98.2%)
⚠️ 가비지 컬렉션을 사용할 수 없습니다. --expose-gc 플래그를 사용하세요.
[2025-12-11T19:21:17.902Z] ERROR: 🚨 높은 시스템 메모리 사용량: 48327MB / 49152MB (98.3%)
⚠️ 가비지 컬렉션을 사용할 수 없습니다. --expose-gc 플래그를 사용하세요.
[2025-12-11T19:21:47.903Z] ERROR: 🚨 높은 시스템 메모리 사용량: 48213MB / 49152MB (98.1%)
⚠️ 가비지 컬렉션을 사용할 수 없습니다. --expose-gc 플래그를 사용하세요.
[2025-12-11T19:22:17.904Z] ERROR: 🚨 높은 시스템 메모리 사용량: 48379MB / 49152MB (98.4%)
⚠️ 가비지 컬렉션을 사용할 수 없습니다. --expose-gc 플래그를 사용하세요.
[2025-12-11T19:22:47.904Z] ERROR: 🚨 높은 시스템 메모리 사용량: 48656MB / 49152MB (99.0%)
⚠️ 가비지 컬렉션을 사용할 수 없습니다. --expose-gc 플래그를 사용하세요.
[2025-12-11T19:23:17.906Z] ERROR: 🚨 높은 시스템 메모리 사용량: 48957MB / 49152MB (99.6%)
⚠️ 가비지 컬렉션을 사용할 수 없습니다. --expose-gc 플래그를 사용하세요.
[2025-12-11T19:23:47.907Z] ERROR: 🚨 높은 시스템 메모리 사용량: 48440MB / 49152MB (98.6%)
⚠️ 가비지 컬렉션을 사용할 수 없습니다. --expose-gc 플래그를 사용하세요.
[2025-12-11T19:24:17.910Z] ERROR: 🚨 높은 시스템 메모리 사용량: 48488MB / 49152MB (98.6%)
⚠️ 가비지 컬렉션을 사용할 수 없습니다. --expose-gc 플래그를 사용하세요.
[2025-12-11T19:24:47.910Z] ERROR: 🚨 높은 시스템 메모리 사용량: 48368MB / 49152MB (98.4%)
⚠️ 가비지 컬렉션을 사용할 수 없습니다. --expose-gc 플래그를 사용하세요.
[2025-12-11T19:25:17.911Z] ERROR: 🚨 높은 시스템 메모리 사용량: 48517MB / 49152MB (98.7%)
⚠️ 가비지 컬렉션을 사용할 수 없습니다. --expose-gc 플래그를 사용하세요.
[2025-12-11T19:25:47.912Z] ERROR: 🚨 높은 시스템 메모리 사용량: 48412MB / 49152MB (98.5%)
⚠️ 가비지 컬렉션을 사용할 수 없습니다. --expose-gc 플래그를 사용하세요.
[2025-12-11T19:26:17.915Z] ERROR: 🚨 높은 시스템 메모리 사용량: 48464MB / 49152MB (98.6%)
⚠️ 가비지 컬렉션을 사용할 수 없습니다. --expose-gc 플래그를 사용하세요.
[2025-12-11T19:26:47.916Z] ERROR: 🚨 높은 시스템 메모리 사용량: 48348MB / 49152MB (98.4%)
⚠️ 가비지 컬렉션을 사용할 수 없습니다. --expose-gc 플래그를 사용하세요.
[2025-12-11T19:27:17.917Z] ERROR: 🚨 높은 시스템 메모리 사용량: 48458MB / 49152MB (98.6%)
⚠️ 가비지 컬렉션을 사용할 수 없습니다. --expose-gc 플래그를 사용하세요.
[2025-12-11T19:27:47.918Z] ERROR: 🚨 높은 시스템 메모리 사용량: 48825MB / 49152MB (99.3%)
⚠️ 가비지 컬렉션을 사용할 수 없습니다. --expose-gc 플래그를 사용하세요.
[2025-12-11T19:28:17.919Z] ERROR: 🚨 높은 시스템 메모리 사용량: 49046MB / 49152MB (99.8%)
⚠️ 가비지 컬렉션을 사용할 수 없습니다. --expose-gc 플래그를 사용하세요.
[2025-12-11T19:28:47.921Z] ERROR: 🚨 높은 시스템 메모리 사용량: 48909MB / 49152MB (99.5%)
⚠️ 가비지 컬렉션을 사용할 수 없습니다. --expose-gc 플래그를 사용하세요.
[2025-12-11T19:29:17.922Z] ERROR: 🚨 높은 시스템 메모리 사용량: 48593MB / 49152MB (98.9%)
⚠️ 가비지 컬렉션을 사용할 수 없습니다. --expose-gc 플래그를 사용하세요.
[2025-12-11T19:29:47.926Z] ERROR: 🚨 높은 시스템 메모리 사용량: 48542MB / 49152MB (98.8%)
⚠️ 가비지 컬렉션을 사용할 수 없습니다. --expose-gc 플래그를 사용하세요.
[2025-12-11T19:30:17.925Z] ERROR: 🚨 높은 시스템 메모리 사용량: 48526MB / 49152MB (98.7%)
⚠️ 가비지 컬렉션을 사용할 수 없습니다. --expose-gc 플래그를 사용하세요.
[2025-12-11T19:30:47.925Z] ERROR: 🚨 높은 시스템 메모리 사용량: 48444MB / 49152MB (98.6%)
⚠️ 가비지 컬렉션을 사용할 수 없습니다. --expose-gc 플래그를 사용하세요.
[2025-12-11T19:31:17.928Z] ERROR: 🚨 높은 시스템 메모리 사용량: 48527MB / 49152MB (98.7%)
⚠️ 가비지 컬렉션을 사용할 수 없습니다. --expose-gc 플래그를 사용하세요.
[2025-12-11T19:31:47.929Z] ERROR: 🚨 높은 시스템 메모리 사용량: 48402MB / 49152MB (98.5%)
⚠️ 가비지 컬렉션을 사용할 수 없습니다. --expose-gc 플래그를 사용하세요.
[2025-12-11T19:32:17.931Z] ERROR: 🚨 높은 시스템 메모리 사용량: 48525MB / 49152MB (98.7%)
⚠️ 가비지 컬렉션을 사용할 수 없습니다. --expose-gc 플래그를 사용하세요.
[2025-12-11T19:32:47.931Z] ERROR: 🚨 높은 시스템 메모리 사용량: 48888MB / 49152MB (99.5%)
⚠️ 가비지 컬렉션을 사용할 수 없습니다. --expose-gc 플래그를 사용하세요.
[2025-12-11T19:33:17.939Z] ERROR: 🚨 높은 시스템 메모리 사용량: 48930MB / 49152MB (99.5%)
⚠️ 가비지 컬렉션을 사용할 수 없습니다. --expose-gc 플래그를 사용하세요.
[2025-12-11T19:33:47.933Z] ERROR: 🚨 높은 시스템 메모리 사용량: 48935MB / 49152MB (99.6%)
⚠️ 가비지 컬렉션을 사용할 수 없습니다. --expose-gc 플래그를 사용하세요.
[2025-12-11T19:34:17.934Z] ERROR: 🚨 높은 시스템 메모리 사용량: 48494MB / 49152MB (98.7%)
⚠️ 가비지 컬렉션을 사용할 수 없습니다. --expose-gc 플래그를 사용하세요.
[2025-12-11T19:34:47.936Z] ERROR: 🚨 높은 시스템 메모리 사용량: 48475MB / 49152MB (98.6%)
⚠️ 가비지 컬렉션을 사용할 수 없습니다. --expose-gc 플래그를 사용하세요.
[2025-12-11T19:35:17.938Z] ERROR: 🚨 높은 시스템 메모리 사용량: 48533MB / 49152MB (98.7%)
⚠️ 가비지 컬렉션을 사용할 수 없습니다. --expose-gc 플래그를 사용하세요.
[2025-12-11T19:35:47.939Z] ERROR: 🚨 높은 시스템 메모리 사용량: 48307MB / 49152MB (98.3%)
⚠️ 가비지 컬렉션을 사용할 수 없습니다. --expose-gc 플래그를 사용하세요.
[2025-12-11T19:36:17.942Z] ERROR: 🚨 높은 시스템 메모리 사용량: 48360MB / 49152MB (98.4%)
⚠️ 가비지 컬렉션을 사용할 수 없습니다. --expose-gc 플래그를 사용하세요.
[2025-12-11T19:36:47.942Z] ERROR: 🚨 높은 시스템 메모리 사용량: 48380MB / 49152MB (98.4%)
⚠️ 가비지 컬렉션을 사용할 수 없습니다. --expose-gc 플래그를 사용하세요.
[2025-12-11T19:37:17.945Z] ERROR: 🚨 높은 시스템 메모리 사용량: 48376MB / 49152MB (98.4%)
⚠️ 가비지 컬렉션을 사용할 수 없습니다. --expose-gc 플래그를 사용하세요.
[2025-12-11T19:37:47.947Z] ERROR: 🚨 높은 시스템 메모리 사용량: 48794MB / 49152MB (99.3%)
⚠️ 가비지 컬렉션을 사용할 수 없습니다. --expose-gc 플래그를 사용하세요.
[2025-12-11T19:38:17.948Z] ERROR: 🚨 높은 시스템 메모리 사용량: 48846MB / 49152MB (99.4%)
⚠️ 가비지 컬렉션을 사용할 수 없습니다. --expose-gc 플래그를 사용하세요.
[2025-12-11T19:38:47.951Z] ERROR: 🚨 높은 시스템 메모리 사용량: 48992MB / 49152MB (99.7%)
⚠️ 가비지 컬렉션을 사용할 수 없습니다. --expose-gc 플래그를 사용하세요.
[2025-12-11T19:39:17.953Z] ERROR: 🚨 높은 시스템 메모리 사용량: 48379MB / 49152MB (98.4%)
⚠️ 가비지 컬렉션을 사용할 수 없습니다. --expose-gc 플래그를 사용하세요.
[2025-12-11T19:39:47.955Z] ERROR: 🚨 높은 시스템 메모리 사용량: 48415MB / 49152MB (98.5%)
⚠️ 가비지 컬렉션을 사용할 수 없습니다. --expose-gc 플래그를 사용하세요.
[2025-12-11T19:40:17.956Z] ERROR: 🚨 높은 시스템 메모리 사용량: 48496MB / 49152MB (98.7%)
⚠️ 가비지 컬렉션을 사용할 수 없습니다. --expose-gc 플래그를 사용하세요.
[2025-12-11T19:40:47.957Z] ERROR: 🚨 높은 시스템 메모리 사용량: 48526MB / 49152MB (98.7%)
⚠️ 가비지 컬렉션을 사용할 수 없습니다. --expose-gc 플래그를 사용하세요.
[2025-12-11T19:41:17.957Z] ERROR: 🚨 높은 시스템 메모리 사용량: 48512MB / 49152MB (98.7%)
⚠️ 가비지 컬렉션을 사용할 수 없습니다. --expose-gc 플래그를 사용하세요.
[2025-12-11T19:41:47.959Z] ERROR: 🚨 높은 시스템 메모리 사용량: 48465MB / 49152MB (98.6%)
⚠️ 가비지 컬렉션을 사용할 수 없습니다. --expose-gc 플래그를 사용하세요.
[2025-12-11T19:42:17.960Z] ERROR: 🚨 높은 시스템 메모리 사용량: 48534MB / 49152MB (98.7%)
⚠️ 가비지 컬렉션을 사용할 수 없습니다. --expose-gc 플래그를 사용하세요.
[2025-12-11T19:42:47.961Z] ERROR: 🚨 높은 시스템 메모리 사용량: 48975MB / 49152MB (99.6%)
⚠️ 가비지 컬렉션을 사용할 수 없습니다. --expose-gc 플래그를 사용하세요.
[2025-12-11T19:43:17.963Z] ERROR: 🚨 높은 시스템 메모리 사용량: 48923MB / 49152MB (99.5%)
⚠️ 가비지 컬렉션을 사용할 수 없습니다. --expose-gc 플래그를 사용하세요.
[2025-12-11T19:43:47.965Z] ERROR: 🚨 높은 시스템 메모리 사용량: 49089MB / 49152MB (99.9%)
⚠️ 가비지 컬렉션을 사용할 수 없습니다. --expose-gc 플래그를 사용하세요.
[2025-12-11T19:44:17.968Z] ERROR: 🚨 높은 시스템 메모리 사용량: 48897MB / 49152MB (99.5%)
⚠️ 가비지 컬렉션을 사용할 수 없습니다. --expose-gc 플래그를 사용하세요.
[2025-12-11T19:44:47.970Z] ERROR: 🚨 높은 시스템 메모리 사용량: 48442MB / 49152MB (98.6%)
⚠️ 가비지 컬렉션을 사용할 수 없습니다. --expose-gc 플래그를 사용하세요.
[2025-12-11T19:45:17.971Z] ERROR: 🚨 높은 시스템 메모리 사용량: 48492MB / 49152MB (98.7%)
⚠️ 가비지 컬렉션을 사용할 수 없습니다. --expose-gc 플래그를 사용하세요.
[2025-12-11T19:45:47.973Z] ERROR: 🚨 높은 시스템 메모리 사용량: 48395MB / 49152MB (98.5%)
⚠️ 가비지 컬렉션을 사용할 수 없습니다. --expose-gc 플래그를 사용하세요.
[2025-12-11T19:46:17.974Z] ERROR: 🚨 높은 시스템 메모리 사용량: 48410MB / 49152MB (98.5%)
⚠️ 가비지 컬렉션을 사용할 수 없습니다. --expose-gc 플래그를 사용하세요.
[2025-12-11T19:46:47.976Z] ERROR: 🚨 높은 시스템 메모리 사용량: 48335MB / 49152MB (98.3%)
⚠️ 가비지 컬렉션을 사용할 수 없습니다. --expose-gc 플래그를 사용하세요.
[2025-12-11T19:47:17.977Z] ERROR: 🚨 높은 시스템 메모리 사용량: 48411MB / 49152MB (98.5%)
⚠️ 가비지 컬렉션을 사용할 수 없습니다. --expose-gc 플래그를 사용하세요.
[2025-12-11T19:47:47.980Z] ERROR: 🚨 높은 시스템 메모리 사용량: 48838MB / 49152MB (99.4%)
⚠️ 가비지 컬렉션을 사용할 수 없습니다. --expose-gc 플래그를 사용하세요.
[2025-12-11T19:48:17.980Z] ERROR: 🚨 높은 시스템 메모리 사용량: 48860MB / 49152MB (99.4%)
⚠️ 가비지 컬렉션을 사용할 수 없습니다. --expose-gc 플래그를 사용하세요.
[2025-12-11T19:48:47.983Z] ERROR: 🚨 높은 시스템 메모리 사용량: 48832MB / 49152MB (99.3%)
⚠️ 가비지 컬렉션을 사용할 수 없습니다. --expose-gc 플래그를 사용하세요.
[2025-12-11T19:49:17.986Z] ERROR: 🚨 높은 시스템 메모리 사용량: 48911MB / 49152MB (99.5%)
⚠️ 가비지 컬렉션을 사용할 수 없습니다. --expose-gc 플래그를 사용하세요.
[2025-12-11T19:49:47.986Z] ERROR: 🚨 높은 시스템 메모리 사용량: 48445MB / 49152MB (98.6%)
⚠️ 가비지 컬렉션을 사용할 수 없습니다. --expose-gc 플래그를 사용하세요.
[2025-12-11T19:50:17.988Z] ERROR: 🚨 높은 시스템 메모리 사용량: 48417MB / 49152MB (98.5%)
⚠️ 가비지 컬렉션을 사용할 수 없습니다. --expose-gc 플래그를 사용하세요.
[2025-12-11T19:50:47.988Z] ERROR: 🚨 높은 시스템 메모리 사용량: 48448MB / 49152MB (98.6%)
⚠️ 가비지 컬렉션을 사용할 수 없습니다. --expose-gc 플래그를 사용하세요.
[2025-12-11T19:51:17.989Z] ERROR: 🚨 높은 시스템 메모리 사용량: 48390MB / 49152MB (98.4%)
⚠️ 가비지 컬렉션을 사용할 수 없습니다. --expose-gc 플래그를 사용하세요.
[2025-12-11T19:51:47.991Z] ERROR: 🚨 높은 시스템 메모리 사용량: 48442MB / 49152MB (98.6%)
⚠️ 가비지 컬렉션을 사용할 수 없습니다. --expose-gc 플래그를 사용하세요.
[2025-12-11T19:52:17.990Z] ERROR: 🚨 높은 시스템 메모리 사용량: 48461MB / 49152MB (98.6%)
⚠️ 가비지 컬렉션을 사용할 수 없습니다. --expose-gc 플래그를 사용하세요.
[2025-12-11T19:52:47.990Z] ERROR: 🚨 높은 시스템 메모리 사용량: 48922MB / 49152MB (99.5%)
⚠️ 가비지 컬렉션을 사용할 수 없습니다. --expose-gc 플래그를 사용하세요.
[2025-12-11T19:53:17.992Z] ERROR: 🚨 높은 시스템 메모리 사용량: 48882MB / 49152MB (99.5%)
⚠️ 가비지 컬렉션을 사용할 수 없습니다. --expose-gc 플래그를 사용하세요.
[2025-12-11T19:53:47.993Z] ERROR: 🚨 높은 시스템 메모리 사용량: 48946MB / 49152MB (99.6%)
⚠️ 가비지 컬렉션을 사용할 수 없습니다. --expose-gc 플래그를 사용하세요.
[2025-12-11T19:54:17.994Z] ERROR: 🚨 높은 시스템 메모리 사용량: 48975MB / 49152MB (99.6%)
⚠️ 가비지 컬렉션을 사용할 수 없습니다. --expose-gc 플래그를 사용하세요.
[2025-12-11T19:54:47.995Z] ERROR: 🚨 높은 시스템 메모리 사용량: 48504MB / 49152MB (98.7%)
⚠️ 가비지 컬렉션을 사용할 수 없습니다. --expose-gc 플래그를 사용하세요.
[2025-12-11T19:55:17.995Z] ERROR: 🚨 높은 시스템 메모리 사용량: 48585MB / 49152MB (98.8%)
⚠️ 가비지 컬렉션을 사용할 수 없습니다. --expose-gc 플래그를 사용하세요.
[2025-12-11T19:55:47.997Z] ERROR: 🚨 높은 시스템 메모리 사용량: 48569MB / 49152MB (98.8%)
⚠️ 가비지 컬렉션을 사용할 수 없습니다. --expose-gc 플래그를 사용하세요.
[2025-12-11T19:56:17.998Z] ERROR: 🚨 높은 시스템 메모리 사용량: 48436MB / 49152MB (98.5%)
⚠️ 가비지 컬렉션을 사용할 수 없습니다. --expose-gc 플래그를 사용하세요.
[2025-12-11T19:56:47.999Z] ERROR: 🚨 높은 시스템 메모리 사용량: 48521MB / 49152MB (98.7%)
⚠️ 가비지 컬렉션을 사용할 수 없습니다. --expose-gc 플래그를 사용하세요.
[2025-12-11T19:57:18.000Z] ERROR: 🚨 높은 시스템 메모리 사용량: 48461MB / 49152MB (98.6%)
⚠️ 가비지 컬렉션을 사용할 수 없습니다. --expose-gc 플래그를 사용하세요.
[2025-12-11T19:57:48.003Z] ERROR: 🚨 높은 시스템 메모리 사용량: 48989MB / 49152MB (99.7%)
⚠️ 가비지 컬렉션을 사용할 수 없습니다. --expose-gc 플래그를 사용하세요.
[2025-12-11T19:58:18.003Z] ERROR: 🚨 높은 시스템 메모리 사용량: 48941MB / 49152MB (99.6%)
⚠️ 가비지 컬렉션을 사용할 수 없습니다. --expose-gc 플래그를 사용하세요.
[2025-12-11T19:58:48.004Z] ERROR: 🚨 높은 시스템 메모리 사용량: 48939MB / 49152MB (99.6%)
⚠️ 가비지 컬렉션을 사용할 수 없습니다. --expose-gc 플래그를 사용하세요.
[2025-12-11T19:59:18.003Z] ERROR: 🚨 높은 시스템 메모리 사용량: 49086MB / 49152MB (99.9%)
⚠️ 가비지 컬렉션을 사용할 수 없습니다. --expose-gc 플래그를 사용하세요.
[2025-12-11T19:59:48.004Z] ERROR: 🚨 높은 시스템 메모리 사용량: 49011MB / 49152MB (99.7%)
⚠️ 가비지 컬렉션을 사용할 수 없습니다. --expose-gc 플래그를 사용하세요.
[2025-12-11T20:00:18.003Z] ERROR: 🚨 높은 시스템 메모리 사용량: 48485MB / 49152MB (98.6%)
⚠️ 가비지 컬렉션을 사용할 수 없습니다. --expose-gc 플래그를 사용하세요.
[2025-12-11T20:00:48.004Z] ERROR: 🚨 높은 시스템 메모리 사용량: 48591MB / 49152MB (98.9%)
⚠️ 가비지 컬렉션을 사용할 수 없습니다. --expose-gc 플래그를 사용하세요.
[2025-12-11T20:01:18.005Z] ERROR: 🚨 높은 시스템 메모리 사용량: 48461MB / 49152MB (98.6%)
⚠️ 가비지 컬렉션을 사용할 수 없습니다. --expose-gc 플래그를 사용하세요.
[2025-12-11T20:01:48.005Z] ERROR: 🚨 높은 시스템 메모리 사용량: 48491MB / 49152MB (98.7%)
⚠️ 가비지 컬렉션을 사용할 수 없습니다. --expose-gc 플래그를 사용하세요.
[2025-12-11T20:02:18.006Z] ERROR: 🚨 높은 시스템 메모리 사용량: 48465MB / 49152MB (98.6%)
⚠️ 가비지 컬렉션을 사용할 수 없습니다. --expose-gc 플래그를 사용하세요.
[2025-12-11T20:02:48.005Z] ERROR: 🚨 높은 시스템 메모리 사용량: 48766MB / 49152MB (99.2%)
⚠️ 가비지 컬렉션을 사용할 수 없습니다. --expose-gc 플래그를 사용하세요.
[2025-12-11T20:03:18.006Z] ERROR: 🚨 높은 시스템 메모리 사용량: 48871MB / 49152MB (99.4%)
⚠️ 가비지 컬렉션을 사용할 수 없습니다. --expose-gc 플래그를 사용하세요.
[2025-12-11T20:03:48.006Z] ERROR: 🚨 높은 시스템 메모리 사용량: 48958MB / 49152MB (99.6%)
⚠️ 가비지 컬렉션을 사용할 수 없습니다. --expose-gc 플래그를 사용하세요.
[2025-12-11T20:04:18.009Z] ERROR: 🚨 높은 시스템 메모리 사용량: 48893MB / 49152MB (99.5%)
⚠️ 가비지 컬렉션을 사용할 수 없습니다. --expose-gc 플래그를 사용하세요.
[2025-12-11T20:04:48.007Z] ERROR: 🚨 높은 시스템 메모리 사용량: 49090MB / 49152MB (99.9%)
⚠️ 가비지 컬렉션을 사용할 수 없습니다. --expose-gc 플래그를 사용하세요.
[2025-12-11T20:05:18.008Z] ERROR: 🚨 높은 시스템 메모리 사용량: 48240MB / 49152MB (98.1%)
⚠️ 가비지 컬렉션을 사용할 수 없습니다. --expose-gc 플래그를 사용하세요.
[2025-12-11T20:05:48.009Z] ERROR: 🚨 높은 시스템 메모리 사용량: 48446MB / 49152MB (98.6%)
⚠️ 가비지 컬렉션을 사용할 수 없습니다. --expose-gc 플래그를 사용하세요.
[2025-12-11T20:06:18.010Z] ERROR: 🚨 높은 시스템 메모리 사용량: 48356MB / 49152MB (98.4%)
⚠️ 가비지 컬렉션을 사용할 수 없습니다. --expose-gc 플래그를 사용하세요.
[2025-12-11T20:06:48.010Z] ERROR: 🚨 높은 시스템 메모리 사용량: 48390MB / 49152MB (98.4%)
⚠️ 가비지 컬렉션을 사용할 수 없습니다. --expose-gc 플래그를 사용하세요.
[2025-12-11T20:07:18.012Z] ERROR: 🚨 높은 시스템 메모리 사용량: 48350MB / 49152MB (98.4%)
⚠️ 가비지 컬렉션을 사용할 수 없습니다. --expose-gc 플래그를 사용하세요.
[2025-12-11T20:07:48.012Z] ERROR: 🚨 높은 시스템 메모리 사용량: 48608MB / 49152MB (98.9%)
⚠️ 가비지 컬렉션을 사용할 수 없습니다. --expose-gc 플래그를 사용하세요.
[2025-12-11T20:08:18.016Z] ERROR: 🚨 높은 시스템 메모리 사용량: 48810MB / 49152MB (99.3%)
⚠️ 가비지 컬렉션을 사용할 수 없습니다. --expose-gc 플래그를 사용하세요.
[2025-12-11T20:08:48.016Z] ERROR: 🚨 높은 시스템 메모리 사용량: 48810MB / 49152MB (99.3%)
⚠️ 가비지 컬렉션을 사용할 수 없습니다. --expose-gc 플래그를 사용하세요.
[2025-12-11T20:09:18.018Z] ERROR: 🚨 높은 시스템 메모리 사용량: 48804MB / 49152MB (99.3%)
⚠️ 가비지 컬렉션을 사용할 수 없습니다. --expose-gc 플래그를 사용하세요.
[2025-12-11T20:09:48.018Z] ERROR: 🚨 높은 시스템 메모리 사용량: 48988MB / 49152MB (99.7%)
⚠️ 가비지 컬렉션을 사용할 수 없습니다. --expose-gc 플래그를 사용하세요.
[2025-12-11T20:10:18.021Z] ERROR: 🚨 높은 시스템 메모리 사용량: 48357MB / 49152MB (98.4%)
⚠️ 가비지 컬렉션을 사용할 수 없습니다. --expose-gc 플래그를 사용하세요.
[2025-12-11T20:10:48.021Z] ERROR: 🚨 높은 시스템 메모리 사용량: 48492MB / 49152MB (98.7%)
⚠️ 가비지 컬렉션을 사용할 수 없습니다. --expose-gc 플래그를 사용하세요.
[2025-12-11T20:11:18.022Z] ERROR: 🚨 높은 시스템 메모리 사용량: 48449MB / 49152MB (98.6%)
⚠️ 가비지 컬렉션을 사용할 수 없습니다. --expose-gc 플래그를 사용하세요.
[2025-12-11T20:11:48.024Z] ERROR: 🚨 높은 시스템 메모리 사용량: 48418MB / 49152MB (98.5%)
⚠️ 가비지 컬렉션을 사용할 수 없습니다. --expose-gc 플래그를 사용하세요.
[2025-12-11T20:12:18.025Z] ERROR: 🚨 높은 시스템 메모리 사용량: 48400MB / 49152MB (98.5%)
⚠️ 가비지 컬렉션을 사용할 수 없습니다. --expose-gc 플래그를 사용하세요.
[2025-12-11T20:12:48.027Z] ERROR: 🚨 높은 시스템 메모리 사용량: 48412MB / 49152MB (98.5%)
⚠️ 가비지 컬렉션을 사용할 수 없습니다. --expose-gc 플래그를 사용하세요.
[2025-12-11T20:29:38.900Z] ERROR: 🚨 높은 시스템 메모리 사용량: 49021MB / 49152MB (99.7%)
⚠️ 가비지 컬렉션을 사용할 수 없습니다. --expose-gc 플래그를 사용하세요.
[2025-12-11T20:30:08.882Z] ERROR: 🚨 높은 시스템 메모리 사용량: 48984MB / 49152MB (99.7%)
⚠️ 가비지 컬렉션을 사용할 수 없습니다. --expose-gc 플래그를 사용하세요.
[2025-12-11T20:47:12.215Z] ERROR: 🚨 높은 시스템 메모리 사용량: 48447MB / 49152MB (98.6%)
⚠️ 가비지 컬렉션을 사용할 수 없습니다. --expose-gc 플래그를 사용하세요.
[2025-12-11T20:47:42.209Z] ERROR: 🚨 높은 시스템 메모리 사용량: 48838MB / 49152MB (99.4%)
⚠️ 가비지 컬렉션을 사용할 수 없습니다. --expose-gc 플래그를 사용하세요.
[2025-12-11T20:57:41.130Z] ERROR: 🚨 높은 시스템 메모리 사용량: 48963MB / 49152MB (99.6%)
⚠️ 가비지 컬렉션을 사용할 수 없습니다. --expose-gc 플래그를 사용하세요.
[2025-12-11T20:58:11.094Z] ERROR: 🚨 높은 시스템 메모리 사용량: 48196MB / 49152MB (98.1%)
⚠️ 가비지 컬렉션을 사용할 수 없습니다. --expose-gc 플래그를 사용하세요.
[2025-12-11T21:15:57.461Z] ERROR: 🚨 높은 시스템 메모리 사용량: 48840MB / 49152MB (99.4%)
⚠️ 가비지 컬렉션을 사용할 수 없습니다. --expose-gc 플래그를 사용하세요.
[2025-12-11T21:16:27.458Z] ERROR: 🚨 높은 시스템 메모리 사용량: 48318MB / 49152MB (98.3%)
⚠️ 가비지 컬렉션을 사용할 수 없습니다. --expose-gc 플래그를 사용하세요.
[2025-12-11T21:32:16.427Z] ERROR: 🚨 높은 시스템 메모리 사용량: 48375MB / 49152MB (98.4%)
⚠️ 가비지 컬렉션을 사용할 수 없습니다. --expose-gc 플래그를 사용하세요.
[2025-12-11T21:32:46.456Z] ERROR: 🚨 높은 시스템 메모리 사용량: 48795MB / 49152MB (99.3%)
⚠️ 가비지 컬렉션을 사용할 수 없습니다. --expose-gc 플래그를 사용하세요.
[2025-12-11T21:33:16.460Z] ERROR: 🚨 높은 시스템 메모리 사용량: 48297MB / 49152MB (98.3%)
⚠️ 가비지 컬렉션을 사용할 수 없습니다. --expose-gc 플래그를 사용하세요.
[2025-12-11T21:33:46.461Z] ERROR: 🚨 높은 시스템 메모리 사용량: 48354MB / 49152MB (98.4%)
⚠️ 가비지 컬렉션을 사용할 수 없습니다. --expose-gc 플래그를 사용하세요.
[2025-12-11T21:34:16.462Z] ERROR: 🚨 높은 시스템 메모리 사용량: 48339MB / 49152MB (98.3%)
⚠️ 가비지 컬렉션을 사용할 수 없습니다. --expose-gc 플래그를 사용하세요.
[2025-12-11T21:34:46.464Z] ERROR: 🚨 높은 시스템 메모리 사용량: 48210MB / 49152MB (98.1%)
⚠️ 가비지 컬렉션을 사용할 수 없습니다. --expose-gc 플래그를 사용하세요.
[2025-12-11T21:35:16.464Z] ERROR: 🚨 높은 시스템 메모리 사용량: 48261MB / 49152MB (98.2%)
⚠️ 가비지 컬렉션을 사용할 수 없습니다. --expose-gc 플래그를 사용하세요.
[2025-12-11T21:35:46.466Z] ERROR: 🚨 높은 시스템 메모리 사용량: 48251MB / 49152MB (98.2%)
⚠️ 가비지 컬렉션을 사용할 수 없습니다. --expose-gc 플래그를 사용하세요.
[2025-12-11T21:36:16.466Z] ERROR: 🚨 높은 시스템 메모리 사용량: 48251MB / 49152MB (98.2%)
⚠️ 가비지 컬렉션을 사용할 수 없습니다. --expose-gc 플래그를 사용하세요.
[2025-12-11T21:36:46.466Z] ERROR: 🚨 높은 시스템 메모리 사용량: 48191MB / 49152MB (98.0%)
⚠️ 가비지 컬렉션을 사용할 수 없습니다. --expose-gc 플래그를 사용하세요.
[2025-12-11T21:37:16.466Z] ERROR: 🚨 높은 시스템 메모리 사용량: 48680MB / 49152MB (99.0%)
⚠️ 가비지 컬렉션을 사용할 수 없습니다. --expose-gc 플래그를 사용하세요.
[2025-12-11T21:37:46.468Z] ERROR: 🚨 높은 시스템 메모리 사용량: 49075MB / 49152MB (99.8%)
⚠️ 가비지 컬렉션을 사용할 수 없습니다. --expose-gc 플래그를 사용하세요.
[2025-12-11T21:38:16.467Z] ERROR: 🚨 높은 시스템 메모리 사용량: 48330MB / 49152MB (98.3%)
⚠️ 가비지 컬렉션을 사용할 수 없습니다. --expose-gc 플래그를 사용하세요.
[2025-12-11T21:38:46.469Z] ERROR: 🚨 높은 시스템 메모리 사용량: 48308MB / 49152MB (98.3%)
⚠️ 가비지 컬렉션을 사용할 수 없습니다. --expose-gc 플래그를 사용하세요.
[2025-12-11T21:39:16.470Z] ERROR: 🚨 높은 시스템 메모리 사용량: 48302MB / 49152MB (98.3%)
⚠️ 가비지 컬렉션을 사용할 수 없습니다. --expose-gc 플래그를 사용하세요.
[2025-12-11T21:39:46.470Z] ERROR: 🚨 높은 시스템 메모리 사용량: 48248MB / 49152MB (98.2%)
⚠️ 가비지 컬렉션을 사용할 수 없습니다. --expose-gc 플래그를 사용하세요.
[2025-12-11T21:40:16.469Z] ERROR: 🚨 높은 시스템 메모리 사용량: 48284MB / 49152MB (98.2%)
[2025-12-11T21:40:16.470Z] ERROR: ⚠️ 가비지 컬렉션을 사용할 수 없습니다. --expose-gc 플래그를 사용하세요.
[2025-12-11T21:40:46.469Z] ERROR: 🚨 높은 시스템 메모리 사용량: 48348MB / 49152MB (98.4%)
⚠️ 가비지 컬렉션을 사용할 수 없습니다. --expose-gc 플래그를 사용하세요.
[2025-12-11T21:41:16.470Z] ERROR: 🚨 높은 시스템 메모리 사용량: 48298MB / 49152MB (98.3%)
[2025-12-11T21:41:16.471Z] ERROR: ⚠️ 가비지 컬렉션을 사용할 수 없습니다. --expose-gc 플래그를 사용하세요.
[2025-12-11T21:41:46.471Z] ERROR: 🚨 높은 시스템 메모리 사용량: 48250MB / 49152MB (98.2%)
[2025-12-11T21:41:46.472Z] ERROR: ⚠️ 가비지 컬렉션을 사용할 수 없습니다. --expose-gc 플래그를 사용하세요.
[2025-12-11T21:42:16.473Z] ERROR: 🚨 높은 시스템 메모리 사용량: 48790MB / 49152MB (99.3%)
⚠️ 가비지 컬렉션을 사용할 수 없습니다. --expose-gc 플래그를 사용하세요.
[2025-12-11T21:42:46.473Z] ERROR: 🚨 높은 시스템 메모리 사용량: 49059MB / 49152MB (99.8%)
⚠️ 가비지 컬렉션을 사용할 수 없습니다. --expose-gc 플래그를 사용하세요.
[2025-12-11T21:43:16.474Z] ERROR: 🚨 높은 시스템 메모리 사용량: 49022MB / 49152MB (99.7%)
[2025-12-11T21:43:16.475Z] ERROR: ⚠️ 가비지 컬렉션을 사용할 수 없습니다. --expose-gc 플래그를 사용하세요.
[2025-12-11T21:43:46.476Z] ERROR: 🚨 높은 시스템 메모리 사용량: 48475MB / 49152MB (98.6%)
⚠️ 가비지 컬렉션을 사용할 수 없습니다. --expose-gc 플래그를 사용하세요.
[2025-12-11T21:44:16.476Z] ERROR: 🚨 높은 시스템 메모리 사용량: 48470MB / 49152MB (98.6%)
⚠️ 가비지 컬렉션을 사용할 수 없습니다. --expose-gc 플래그를 사용하세요.
[2025-12-11T21:44:46.478Z] ERROR: 🚨 높은 시스템 메모리 사용량: 48354MB / 49152MB (98.4%)
⚠️ 가비지 컬렉션을 사용할 수 없습니다. --expose-gc 플래그를 사용하세요.
[2025-12-11T21:45:16.479Z] ERROR: 🚨 높은 시스템 메모리 사용량: 48382MB / 49152MB (98.4%)
[2025-12-11T21:45:16.480Z] ERROR: ⚠️ 가비지 컬렉션을 사용할 수 없습니다. --expose-gc 플래그를 사용하세요.
[2025-12-11T21:45:46.479Z] ERROR: 🚨 높은 시스템 메모리 사용량: 48372MB / 49152MB (98.4%)
⚠️ 가비지 컬렉션을 사용할 수 없습니다. --expose-gc 플래그를 사용하세요.
[2025-12-11T21:46:16.481Z] ERROR: 🚨 높은 시스템 메모리 사용량: 48390MB / 49152MB (98.5%)
[2025-12-11T21:46:16.482Z] ERROR: ⚠️ 가비지 컬렉션을 사용할 수 없습니다. --expose-gc 플래그를 사용하세요.
[2025-12-11T21:46:46.484Z] ERROR: 🚨 높은 시스템 메모리 사용량: 48336MB / 49152MB (98.3%)
⚠️ 가비지 컬렉션을 사용할 수 없습니다. --expose-gc 플래그를 사용하세요.
[2025-12-11T21:47:16.485Z] ERROR: 🚨 높은 시스템 메모리 사용량: 48870MB / 49152MB (99.4%)
⚠️ 가비지 컬렉션을 사용할 수 없습니다. --expose-gc 플래그를 사용하세요.
[2025-12-11T21:47:46.486Z] ERROR: 🚨 높은 시스템 메모리 사용량: 48790MB / 49152MB (99.3%)
⚠️ 가비지 컬렉션을 사용할 수 없습니다. --expose-gc 플래그를 사용하세요.
[2025-12-11T21:48:16.488Z] ERROR: 🚨 높은 시스템 메모리 사용량: 49033MB / 49152MB (99.8%)
⚠️ 가비지 컬렉션을 사용할 수 없습니다. --expose-gc 플래그를 사용하세요.
[2025-12-11T21:48:46.489Z] ERROR: 🚨 높은 시스템 메모리 사용량: 48404MB / 49152MB (98.5%)
[2025-12-11T21:48:46.489Z] ERROR: ⚠️ 가비지 컬렉션을 사용할 수 없습니다. --expose-gc 플래그를 사용하세요.
[2025-12-11T21:49:16.491Z] ERROR: 🚨 높은 시스템 메모리 사용량: 48573MB / 49152MB (98.8%)
[2025-12-11T21:49:16.492Z] ERROR: ⚠️ 가비지 컬렉션을 사용할 수 없습니다. --expose-gc 플래그를 사용하세요.
[2025-12-11T21:49:46.492Z] ERROR: 🚨 높은 시스템 메모리 사용량: 48519MB / 49152MB (98.7%)
[2025-12-11T21:49:46.493Z] ERROR: ⚠️ 가비지 컬렉션을 사용할 수 없습니다. --expose-gc 플래그를 사용하세요.
[2025-12-11T21:50:16.492Z] ERROR: 🚨 높은 시스템 메모리 사용량: 48493MB / 49152MB (98.7%)
[2025-12-11T21:50:16.492Z] ERROR: ⚠️ 가비지 컬렉션을 사용할 수 없습니다. --expose-gc 플래그를 사용하세요.
[2025-12-11T21:50:46.493Z] ERROR: 🚨 높은 시스템 메모리 사용량: 48410MB / 49152MB (98.5%)
⚠️ 가비지 컬렉션을 사용할 수 없습니다. --expose-gc 플래그를 사용하세요.
[2025-12-11T21:51:16.495Z] ERROR: 🚨 높은 시스템 메모리 사용량: 48476MB / 49152MB (98.6%)
[2025-12-11T21:51:16.497Z] ERROR: ⚠️ 가비지 컬렉션을 사용할 수 없습니다. --expose-gc 플래그를 사용하세요.
[2025-12-11T21:51:46.495Z] ERROR: 🚨 높은 시스템 메모리 사용량: 48364MB / 49152MB (98.4%)
[2025-12-11T21:51:46.496Z] ERROR: ⚠️ 가비지 컬렉션을 사용할 수 없습니다. --expose-gc 플래그를 사용하세요.
[2025-12-11T21:52:16.496Z] ERROR: 🚨 높은 시스템 메모리 사용량: 48524MB / 49152MB (98.7%)
⚠️ 가비지 컬렉션을 사용할 수 없습니다. --expose-gc 플래그를 사용하세요.
[2025-12-11T21:52:46.498Z] ERROR: 🚨 높은 시스템 메모리 사용량: 48595MB / 49152MB (98.9%)
⚠️ 가비지 컬렉션을 사용할 수 없습니다. --expose-gc 플래그를 사용하세요.
[2025-12-11T21:53:16.500Z] ERROR: 🚨 높은 시스템 메모리 사용량: 48932MB / 49152MB (99.6%)
[2025-12-11T21:53:16.504Z] ERROR: ⚠️ 가비지 컬렉션을 사용할 수 없습니다. --expose-gc 플래그를 사용하세요.
[2025-12-11T21:53:46.501Z] ERROR: 🚨 높은 시스템 메모리 사용량: 48299MB / 49152MB (98.3%)
⚠️ 가비지 컬렉션을 사용할 수 없습니다. --expose-gc 플래그를 사용하세요.
[2025-12-11T21:54:16.503Z] ERROR: 🚨 높은 시스템 메모리 사용량: 48514MB / 49152MB (98.7%)
⚠️ 가비지 컬렉션을 사용할 수 없습니다. --expose-gc 플래그를 사용하세요.
[2025-12-11T21:54:46.504Z] ERROR: 🚨 높은 시스템 메모리 사용량: 48463MB / 49152MB (98.6%)
⚠️ 가비지 컬렉션을 사용할 수 없습니다. --expose-gc 플래그를 사용하세요.
[2025-12-11T21:55:16.506Z] ERROR: 🚨 높은 시스템 메모리 사용량: 48444MB / 49152MB (98.6%)
⚠️ 가비지 컬렉션을 사용할 수 없습니다. --expose-gc 플래그를 사용하세요.
[2025-12-11T21:55:46.508Z] ERROR: 🚨 높은 시스템 메모리 사용량: 48312MB / 49152MB (98.3%)
[2025-12-11T21:55:46.508Z] ERROR: ⚠️ 가비지 컬렉션을 사용할 수 없습니다. --expose-gc 플래그를 사용하세요.
[2025-12-11T21:56:16.508Z] ERROR: 🚨 높은 시스템 메모리 사용량: 48407MB / 49152MB (98.5%)
⚠️ 가비지 컬렉션을 사용할 수 없습니다. --expose-gc 플래그를 사용하세요.
[2025-12-11T21:56:46.511Z] ERROR: 🚨 높은 시스템 메모리 사용량: 48331MB / 49152MB (98.3%)
⚠️ 가비지 컬렉션을 사용할 수 없습니다. --expose-gc 플래그를 사용하세요.
[2025-12-11T21:57:16.513Z] ERROR: 🚨 높은 시스템 메모리 사용량: 48377MB / 49152MB (98.4%)
⚠️ 가비지 컬렉션을 사용할 수 없습니다. --expose-gc 플래그를 사용하세요.
[2025-12-11T21:57:46.514Z] ERROR: 🚨 높은 시스템 메모리 사용량: 48818MB / 49152MB (99.3%)
⚠️ 가비지 컬렉션을 사용할 수 없습니다. --expose-gc 플래그를 사용하세요.
[2025-12-11T21:58:16.513Z] ERROR: 🚨 높은 시스템 메모리 사용량: 49045MB / 49152MB (99.8%)
⚠️ 가비지 컬렉션을 사용할 수 없습니다. --expose-gc 플래그를 사용하세요.
[2025-12-11T21:58:46.516Z] ERROR: 🚨 높은 시스템 메모리 사용량: 48934MB / 49152MB (99.6%)
⚠️ 가비지 컬렉션을 사용할 수 없습니다. --expose-gc 플래그를 사용하세요.
[2025-12-11T21:59:16.518Z] ERROR: 🚨 높은 시스템 메모리 사용량: 48583MB / 49152MB (98.8%)
⚠️ 가비지 컬렉션을 사용할 수 없습니다. --expose-gc 플래그를 사용하세요.
[2025-12-11T21:59:46.520Z] ERROR: 🚨 높은 시스템 메모리 사용량: 48488MB / 49152MB (98.6%)
⚠️ 가비지 컬렉션을 사용할 수 없습니다. --expose-gc 플래그를 사용하세요.
[2025-12-11T22:00:16.520Z] ERROR: 🚨 높은 시스템 메모리 사용량: 48430MB / 49152MB (98.5%)
[2025-12-11T22:00:16.520Z] ERROR: ⚠️ 가비지 컬렉션을 사용할 수 없습니다. --expose-gc 플래그를 사용하세요.
[2025-12-11T22:00:46.522Z] ERROR: 🚨 높은 시스템 메모리 사용량: 48427MB / 49152MB (98.5%)
⚠️ 가비지 컬렉션을 사용할 수 없습니다. --expose-gc 플래그를 사용하세요.
[2025-12-11T22:01:16.523Z] ERROR: 🚨 높은 시스템 메모리 사용량: 48412MB / 49152MB (98.5%)
⚠️ 가비지 컬렉션을 사용할 수 없습니다. --expose-gc 플래그를 사용하세요.
[2025-12-11T22:01:46.525Z] ERROR: 🚨 높은 시스템 메모리 사용량: 48420MB / 49152MB (98.5%)
⚠️ 가비지 컬렉션을 사용할 수 없습니다. --expose-gc 플래그를 사용하세요.
[2025-12-11T22:02:16.527Z] ERROR: 🚨 높은 시스템 메모리 사용량: 48355MB / 49152MB (98.4%)
⚠️ 가비지 컬렉션을 사용할 수 없습니다. --expose-gc 플래그를 사용하세요.
[2025-12-11T22:02:46.528Z] ERROR: 🚨 높은 시스템 메모리 사용량: 48853MB / 49152MB (99.4%)
⚠️ 가비지 컬렉션을 사용할 수 없습니다. --expose-gc 플래그를 사용하세요.
[2025-12-11T22:03:16.530Z] ERROR: 🚨 높은 시스템 메모리 사용량: 48897MB / 49152MB (99.5%)
⚠️ 가비지 컬렉션을 사용할 수 없습니다. --expose-gc 플래그를 사용하세요.
[2025-12-11T22:03:46.532Z] ERROR: 🚨 높은 시스템 메모리 사용량: 48939MB / 49152MB (99.6%)
⚠️ 가비지 컬렉션을 사용할 수 없습니다. --expose-gc 플래그를 사용하세요.
[2025-12-11T22:04:16.532Z] ERROR: 🚨 높은 시스템 메모리 사용량: 48431MB / 49152MB (98.5%)
⚠️ 가비지 컬렉션을 사용할 수 없습니다. --expose-gc 플래그를 사용하세요.
[2025-12-11T22:04:46.533Z] ERROR: 🚨 높은 시스템 메모리 사용량: 49010MB / 49152MB (99.7%)
⚠️ 가비지 컬렉션을 사용할 수 없습니다. --expose-gc 플래그를 사용하세요.
[2025-12-11T22:05:16.535Z] ERROR: 🚨 높은 시스템 메모리 사용량: 48367MB / 49152MB (98.4%)
⚠️ 가비지 컬렉션을 사용할 수 없습니다. --expose-gc 플래그를 사용하세요.
[2025-12-11T22:05:46.537Z] ERROR: 🚨 높은 시스템 메모리 사용량: 48378MB / 49152MB (98.4%)
[2025-12-11T22:05:46.538Z] ERROR: ⚠️ 가비지 컬렉션을 사용할 수 없습니다. --expose-gc 플래그를 사용하세요.
[2025-12-11T22:06:16.557Z] ERROR: 🚨 높은 시스템 메모리 사용량: 48316MB / 49152MB (98.3%)
⚠️ 가비지 컬렉션을 사용할 수 없습니다. --expose-gc 플래그를 사용하세요.
[2025-12-11T22:06:46.562Z] ERROR: 🚨 높은 시스템 메모리 사용량: 48382MB / 49152MB (98.4%)
⚠️ 가비지 컬렉션을 사용할 수 없습니다. --expose-gc 플래그를 사용하세요.
[2025-12-11T22:07:16.565Z] ERROR: 🚨 높은 시스템 메모리 사용량: 48276MB / 49152MB (98.2%)
⚠️ 가비지 컬렉션을 사용할 수 없습니다. --expose-gc 플래그를 사용하세요.
[2025-12-11T22:07:46.569Z] ERROR: 🚨 높은 시스템 메모리 사용량: 48635MB / 49152MB (98.9%)
⚠️ 가비지 컬렉션을 사용할 수 없습니다. --expose-gc 플래그를 사용하세요.
[2025-12-11T22:08:16.569Z] ERROR: 🚨 높은 시스템 메모리 사용량: 48671MB / 49152MB (99.0%)
⚠️ 가비지 컬렉션을 사용할 수 없습니다. --expose-gc 플래그를 사용하세요.
[2025-12-11T22:08:46.571Z] ERROR: 🚨 높은 시스템 메모리 사용량: 48965MB / 49152MB (99.6%)
⚠️ 가비지 컬렉션을 사용할 수 없습니다. --expose-gc 플래그를 사용하세요.
[2025-12-11T22:09:16.572Z] ERROR: 🚨 높은 시스템 메모리 사용량: 48391MB / 49152MB (98.5%)
⚠️ 가비지 컬렉션을 사용할 수 없습니다. --expose-gc 플래그를 사용하세요.
[2025-12-11T22:09:46.573Z] ERROR: 🚨 높은 시스템 메모리 사용량: 48341MB / 49152MB (98.4%)
⚠️ 가비지 컬렉션을 사용할 수 없습니다. --expose-gc 플래그를 사용하세요.
[2025-12-11T22:10:16.575Z] ERROR: 🚨 높은 시스템 메모리 사용량: 48547MB / 49152MB (98.8%)
⚠️ 가비지 컬렉션을 사용할 수 없습니다. --expose-gc 플래그를 사용하세요.
[2025-12-11T22:10:46.578Z] ERROR: 🚨 높은 시스템 메모리 사용량: 48574MB / 49152MB (98.8%)
⚠️ 가비지 컬렉션을 사용할 수 없습니다. --expose-gc 플래그를 사용하세요.
[2025-12-11T22:11:16.577Z] ERROR: 🚨 높은 시스템 메모리 사용량: 48379MB / 49152MB (98.4%)
⚠️ 가비지 컬렉션을 사용할 수 없습니다. --expose-gc 플래그를 사용하세요.
[2025-12-11T22:11:46.581Z] ERROR: 🚨 높은 시스템 메모리 사용량: 48458MB / 49152MB (98.6%)
⚠️ 가비지 컬렉션을 사용할 수 없습니다. --expose-gc 플래그를 사용하세요.
[2025-12-11T22:12:16.582Z] ERROR: 🚨 높은 시스템 메모리 사용량: 48388MB / 49152MB (98.4%)
⚠️ 가비지 컬렉션을 사용할 수 없습니다. --expose-gc 플래그를 사용하세요.
[2025-12-11T22:12:46.586Z] ERROR: 🚨 높은 시스템 메모리 사용량: 48881MB / 49152MB (99.4%)
⚠️ 가비지 컬렉션을 사용할 수 없습니다. --expose-gc 플래그를 사용하세요.
[2025-12-11T22:13:16.586Z] ERROR: 🚨 높은 시스템 메모리 사용량: 48886MB / 49152MB (99.5%)
⚠️ 가비지 컬렉션을 사용할 수 없습니다. --expose-gc 플래그를 사용하세요.
[2025-12-11T22:13:46.589Z] ERROR: 🚨 높은 시스템 메모리 사용량: 49062MB / 49152MB (99.8%)
⚠️ 가비지 컬렉션을 사용할 수 없습니다. --expose-gc 플래그를 사용하세요.
[2025-12-11T22:14:16.591Z] ERROR: 🚨 높은 시스템 메모리 사용량: 48931MB / 49152MB (99.6%)
⚠️ 가비지 컬렉션을 사용할 수 없습니다. --expose-gc 플래그를 사용하세요.
[2025-12-11T22:14:46.594Z] ERROR: 🚨 높은 시스템 메모리 사용량: 48519MB / 49152MB (98.7%)
⚠️ 가비지 컬렉션을 사용할 수 없습니다. --expose-gc 플래그를 사용하세요.
[2025-12-11T22:15:16.596Z] ERROR: 🚨 높은 시스템 메모리 사용량: 48468MB / 49152MB (98.6%)
⚠️ 가비지 컬렉션을 사용할 수 없습니다. --expose-gc 플래그를 사용하세요.
[2025-12-11T22:15:46.596Z] ERROR: 🚨 높은 시스템 메모리 사용량: 48535MB / 49152MB (98.7%)
⚠️ 가비지 컬렉션을 사용할 수 없습니다. --expose-gc 플래그를 사용하세요.
[2025-12-11T22:16:16.597Z] ERROR: 🚨 높은 시스템 메모리 사용량: 48405MB / 49152MB (98.5%)
⚠️ 가비지 컬렉션을 사용할 수 없습니다. --expose-gc 플래그를 사용하세요.
[2025-12-11T22:16:46.599Z] ERROR: 🚨 높은 시스템 메모리 사용량: 48331MB / 49152MB (98.3%)
⚠️ 가비지 컬렉션을 사용할 수 없습니다. --expose-gc 플래그를 사용하세요.
[2025-12-11T22:17:16.600Z] ERROR: 🚨 높은 시스템 메모리 사용량: 48263MB / 49152MB (98.2%)
⚠️ 가비지 컬렉션을 사용할 수 없습니다. --expose-gc 플래그를 사용하세요.
[2025-12-11T22:17:46.603Z] ERROR: 🚨 높은 시스템 메모리 사용량: 48954MB / 49152MB (99.6%)
⚠️ 가비지 컬렉션을 사용할 수 없습니다. --expose-gc 플래그를 사용하세요.
[2025-12-11T22:18:16.605Z] ERROR: 🚨 높은 시스템 메모리 사용량: 48753MB / 49152MB (99.2%)
⚠️ 가비지 컬렉션을 사용할 수 없습니다. --expose-gc 플래그를 사용하세요.
[2025-12-11T22:18:46.605Z] ERROR: 🚨 높은 시스템 메모리 사용량: 48865MB / 49152MB (99.4%)
⚠️ 가비지 컬렉션을 사용할 수 없습니다. --expose-gc 플래그를 사용하세요.
[2025-12-11T22:19:16.607Z] ERROR: 🚨 높은 시스템 메모리 사용량: 48920MB / 49152MB (99.5%)
⚠️ 가비지 컬렉션을 사용할 수 없습니다. --expose-gc 플래그를 사용하세요.
[2025-12-11T22:19:46.610Z] ERROR: 🚨 높은 시스템 메모리 사용량: 48439MB / 49152MB (98.5%)
⚠️ 가비지 컬렉션을 사용할 수 없습니다. --expose-gc 플래그를 사용하세요.
[2025-12-11T22:20:16.612Z] ERROR: 🚨 높은 시스템 메모리 사용량: 48396MB / 49152MB (98.5%)
⚠️ 가비지 컬렉션을 사용할 수 없습니다. --expose-gc 플래그를 사용하세요.
[2025-12-11T22:20:46.616Z] ERROR: 🚨 높은 시스템 메모리 사용량: 48558MB / 49152MB (98.8%)
⚠️ 가비지 컬렉션을 사용할 수 없습니다. --expose-gc 플래그를 사용하세요.
[2025-12-11T22:21:16.618Z] ERROR: 🚨 높은 시스템 메모리 사용량: 48503MB / 49152MB (98.7%)
⚠️ 가비지 컬렉션을 사용할 수 없습니다. --expose-gc 플래그를 사용하세요.
[2025-12-11T22:21:46.620Z] ERROR: 🚨 높은 시스템 메모리 사용량: 48444MB / 49152MB (98.6%)
⚠️ 가비지 컬렉션을 사용할 수 없습니다. --expose-gc 플래그를 사용하세요.
[2025-12-11T22:22:16.622Z] ERROR: 🚨 높은 시스템 메모리 사용량: 48335MB / 49152MB (98.3%)
⚠️ 가비지 컬렉션을 사용할 수 없습니다. --expose-gc 플래그를 사용하세요.
[2025-12-11T22:22:46.624Z] ERROR: 🚨 높은 시스템 메모리 사용량: 48952MB / 49152MB (99.6%)
⚠️ 가비지 컬렉션을 사용할 수 없습니다. --expose-gc 플래그를 사용하세요.
[2025-12-11T22:23:16.626Z] ERROR: 🚨 높은 시스템 메모리 사용량: 48855MB / 49152MB (99.4%)
[2025-12-11T22:23:16.626Z] ERROR: ⚠️ 가비지 컬렉션을 사용할 수 없습니다. --expose-gc 플래그를 사용하세요.
[2025-12-11T22:23:46.628Z] ERROR: 🚨 높은 시스템 메모리 사용량: 49054MB / 49152MB (99.8%)
⚠️ 가비지 컬렉션을 사용할 수 없습니다. --expose-gc 플래그를 사용하세요.
[2025-12-11T22:24:16.630Z] ERROR: 🚨 높은 시스템 메모리 사용량: 48912MB / 49152MB (99.5%)
⚠️ 가비지 컬렉션을 사용할 수 없습니다. --expose-gc 플래그를 사용하세요.
[2025-12-11T22:24:46.632Z] ERROR: 🚨 높은 시스템 메모리 사용량: 48444MB / 49152MB (98.6%)
⚠️ 가비지 컬렉션을 사용할 수 없습니다. --expose-gc 플래그를 사용하세요.
[2025-12-11T22:25:16.634Z] ERROR: 🚨 높은 시스템 메모리 사용량: 48336MB / 49152MB (98.3%)
⚠️ 가비지 컬렉션을 사용할 수 없습니다. --expose-gc 플래그를 사용하세요.
[2025-12-11T22:25:46.634Z] ERROR: 🚨 높은 시스템 메모리 사용량: 48569MB / 49152MB (98.8%)
⚠️ 가비지 컬렉션을 사용할 수 없습니다. --expose-gc 플래그를 사용하세요.
[2025-12-11T22:26:16.635Z] ERROR: 🚨 높은 시스템 메모리 사용량: 48591MB / 49152MB (98.9%)
⚠️ 가비지 컬렉션을 사용할 수 없습니다. --expose-gc 플래그를 사용하세요.
[2025-12-11T22:26:46.637Z] ERROR: 🚨 높은 시스템 메모리 사용량: 48574MB / 49152MB (98.8%)
⚠️ 가비지 컬렉션을 사용할 수 없습니다. --expose-gc 플래그를 사용하세요.
[2025-12-11T22:27:16.640Z] ERROR: 🚨 높은 시스템 메모리 사용량: 48354MB / 49152MB (98.4%)
⚠️ 가비지 컬렉션을 사용할 수 없습니다. --expose-gc 플래그를 사용하세요.
[2025-12-11T22:27:46.641Z] ERROR: 🚨 높은 시스템 메모리 사용량: 48944MB / 49152MB (99.6%)
⚠️ 가비지 컬렉션을 사용할 수 없습니다. --expose-gc 플래그를 사용하세요.
[2025-12-11T22:28:16.641Z] ERROR: 🚨 높은 시스템 메모리 사용량: 48904MB / 49152MB (99.5%)
⚠️ 가비지 컬렉션을 사용할 수 없습니다. --expose-gc 플래그를 사용하세요.
[2025-12-11T22:28:46.644Z] ERROR: 🚨 높은 시스템 메모리 사용량: 48946MB / 49152MB (99.6%)
⚠️ 가비지 컬렉션을 사용할 수 없습니다. --expose-gc 플래그를 사용하세요.
[2025-12-11T22:29:16.646Z] ERROR: 🚨 높은 시스템 메모리 사용량: 49051MB / 49152MB (99.8%)
⚠️ 가비지 컬렉션을 사용할 수 없습니다. --expose-gc 플래그를 사용하세요.
[2025-12-11T22:29:46.647Z] ERROR: 🚨 높은 시스템 메모리 사용량: 49076MB / 49152MB (99.8%)
⚠️ 가비지 컬렉션을 사용할 수 없습니다. --expose-gc 플래그를 사용하세요.
[2025-12-11T22:30:16.649Z] ERROR: 🚨 높은 시스템 메모리 사용량: 48316MB / 49152MB (98.3%)
⚠️ 가비지 컬렉션을 사용할 수 없습니다. --expose-gc 플래그를 사용하세요.
[2025-12-11T22:30:46.649Z] ERROR: 🚨 높은 시스템 메모리 사용량: 48444MB / 49152MB (98.6%)
⚠️ 가비지 컬렉션을 사용할 수 없습니다. --expose-gc 플래그를 사용하세요.
[2025-12-11T22:31:16.652Z] ERROR: 🚨 높은 시스템 메모리 사용량: 48414MB / 49152MB (98.5%)
⚠️ 가비지 컬렉션을 사용할 수 없습니다. --expose-gc 플래그를 사용하세요.
[2025-12-11T22:31:46.654Z] ERROR: 🚨 높은 시스템 메모리 사용량: 48463MB / 49152MB (98.6%)
⚠️ 가비지 컬렉션을 사용할 수 없습니다. --expose-gc 플래그를 사용하세요.
[2025-12-11T22:32:16.656Z] ERROR: 🚨 높은 시스템 메모리 사용량: 48311MB / 49152MB (98.3%)
⚠️ 가비지 컬렉션을 사용할 수 없습니다. --expose-gc 플래그를 사용하세요.
[2025-12-11T22:32:46.659Z] ERROR: 🚨 높은 시스템 메모리 사용량: 48871MB / 49152MB (99.4%)
⚠️ 가비지 컬렉션을 사용할 수 없습니다. --expose-gc 플래그를 사용하세요.
[2025-12-11T22:33:16.661Z] ERROR: 🚨 높은 시스템 메모리 사용량: 48861MB / 49152MB (99.4%)
⚠️ 가비지 컬렉션을 사용할 수 없습니다. --expose-gc 플래그를 사용하세요.
[2025-12-11T22:33:46.663Z] ERROR: 🚨 높은 시스템 메모리 사용량: 48803MB / 49152MB (99.3%)
⚠️ 가비지 컬렉션을 사용할 수 없습니다. --expose-gc 플래그를 사용하세요.
[2025-12-11T22:34:16.664Z] ERROR: 🚨 높은 시스템 메모리 사용량: 48868MB / 49152MB (99.4%)
⚠️ 가비지 컬렉션을 사용할 수 없습니다. --expose-gc 플래그를 사용하세요.
[2025-12-11T22:34:46.667Z] ERROR: 🚨 높은 시스템 메모리 사용량: 49085MB / 49152MB (99.9%)
⚠️ 가비지 컬렉션을 사용할 수 없습니다. --expose-gc 플래그를 사용하세요.
[2025-12-11T22:50:36.828Z] ERROR: 🚨 높은 시스템 메모리 사용량: 48908MB / 49152MB (99.5%)
⚠️ 가비지 컬렉션을 사용할 수 없습니다. --expose-gc 플래그를 사용하세요.
[2025-12-11T22:51:06.818Z] ERROR: 🚨 높은 시스템 메모리 사용량: 48385MB / 49152MB (98.4%)
⚠️ 가비지 컬렉션을 사용할 수 없습니다. --expose-gc 플래그를 사용하세요.
[2025-12-11T22:55:54.772Z] ERROR: 🚨 높은 시스템 메모리 사용량: 48877MB / 49152MB (99.4%)
⚠️ 가비지 컬렉션을 사용할 수 없습니다. --expose-gc 플래그를 사용하세요.
[2025-12-11T22:56:24.772Z] ERROR: 🚨 높은 시스템 메모리 사용량: 48274MB / 49152MB (98.2%)
⚠️ 가비지 컬렉션을 사용할 수 없습니다. --expose-gc 플래그를 사용하세요.
[2025-12-11T23:11:47.651Z] ERROR: 🚨 높은 시스템 메모리 사용량: 48403MB / 49152MB (98.5%)
⚠️ 가비지 컬렉션을 사용할 수 없습니다. --expose-gc 플래그를 사용하세요.
[2025-12-11T23:12:17.660Z] ERROR: 🚨 높은 시스템 메모리 사용량: 48798MB / 49152MB (99.3%)
⚠️ 가비지 컬렉션을 사용할 수 없습니다. --expose-gc 플래그를 사용하세요.
[2025-12-11T23:12:47.659Z] ERROR: 🚨 높은 시스템 메모리 사용량: 48214MB / 49152MB (98.1%)
⚠️ 가비지 컬렉션을 사용할 수 없습니다. --expose-gc 플래그를 사용하세요.
[2025-12-11T23:13:17.661Z] ERROR: 🚨 높은 시스템 메모리 사용량: 48293MB / 49152MB (98.3%)
⚠️ 가비지 컬렉션을 사용할 수 없습니다. --expose-gc 플래그를 사용하세요.
[2025-12-11T23:13:47.661Z] ERROR: 🚨 높은 시스템 메모리 사용량: 48205MB / 49152MB (98.1%)
⚠️ 가비지 컬렉션을 사용할 수 없습니다. --expose-gc 플래그를 사용하세요.
[2025-12-11T23:14:17.662Z] ERROR: 🚨 높은 시스템 메모리 사용량: 48258MB / 49152MB (98.2%)
⚠️ 가비지 컬렉션을 사용할 수 없습니다. --expose-gc 플래그를 사용하세요.
[2025-12-11T23:14:47.661Z] ERROR: 🚨 높은 시스템 메모리 사용량: 48226MB / 49152MB (98.1%)
⚠️ 가비지 컬렉션을 사용할 수 없습니다. --expose-gc 플래그를 사용하세요.
[2025-12-11T23:15:17.662Z] ERROR: 🚨 높은 시스템 메모리 사용량: 48765MB / 49152MB (99.2%)
⚠️ 가비지 컬렉션을 사용할 수 없습니다. --expose-gc 플래그를 사용하세요.
[2025-12-11T23:15:47.663Z] ERROR: 🚨 높은 시스템 메모리 사용량: 48694MB / 49152MB (99.1%)
⚠️ 가비지 컬렉션을 사용할 수 없습니다. --expose-gc 플래그를 사용하세요.
[2025-12-11T23:16:17.663Z] ERROR: 🚨 높은 시스템 메모리 사용량: 48839MB / 49152MB (99.4%)
⚠️ 가비지 컬렉션을 사용할 수 없습니다. --expose-gc 플래그를 사용하세요.
[2025-12-11T23:16:47.663Z] ERROR: 🚨 높은 시스템 메모리 사용량: 48698MB / 49152MB (99.1%)
⚠️ 가비지 컬렉션을 사용할 수 없습니다. --expose-gc 플래그를 사용하세요.
[2025-12-11T23:17:17.664Z] ERROR: 🚨 높은 시스템 메모리 사용량: 48891MB / 49152MB (99.5%)
⚠️ 가비지 컬렉션을 사용할 수 없습니다. --expose-gc 플래그를 사용하세요.
[2025-12-11T23:17:47.664Z] ERROR: 🚨 높은 시스템 메모리 사용량: 48362MB / 49152MB (98.4%)
⚠️ 가비지 컬렉션을 사용할 수 없습니다. --expose-gc 플래그를 사용하세요.
[2025-12-11T23:18:17.665Z] ERROR: 🚨 높은 시스템 메모리 사용량: 48370MB / 49152MB (98.4%)
⚠️ 가비지 컬렉션을 사용할 수 없습니다. --expose-gc 플래그를 사용하세요.
[2025-12-11T23:18:47.665Z] ERROR: 🚨 높은 시스템 메모리 사용량: 48284MB / 49152MB (98.2%)
⚠️ 가비지 컬렉션을 사용할 수 없습니다. --expose-gc 플래그를 사용하세요.
[2025-12-11T23:19:17.666Z] ERROR: 🚨 높은 시스템 메모리 사용량: 48424MB / 49152MB (98.5%)
⚠️ 가비지 컬렉션을 사용할 수 없습니다. --expose-gc 플래그를 사용하세요.
[2025-12-11T23:19:47.667Z] ERROR: 🚨 높은 시스템 메모리 사용량: 48256MB / 49152MB (98.2%)
⚠️ 가비지 컬렉션을 사용할 수 없습니다. --expose-gc 플래그를 사용하세요.
[2025-12-11T23:20:17.667Z] ERROR: 🚨 높은 시스템 메모리 사용량: 48866MB / 49152MB (99.4%)
⚠️ 가비지 컬렉션을 사용할 수 없습니다. --expose-gc 플래그를 사용하세요.
[2025-12-11T23:20:47.666Z] ERROR: 🚨 높은 시스템 메모리 사용량: 48866MB / 49152MB (99.4%)
⚠️ 가비지 컬렉션을 사용할 수 없습니다. --expose-gc 플래그를 사용하세요.
[2025-12-11T23:21:17.667Z] ERROR: 🚨 높은 시스템 메모리 사용량: 48907MB / 49152MB (99.5%)
⚠️ 가비지 컬렉션을 사용할 수 없습니다. --expose-gc 플래그를 사용하세요.
[2025-12-11T23:21:47.669Z] ERROR: 🚨 높은 시스템 메모리 사용량: 48851MB / 49152MB (99.4%)
⚠️ 가비지 컬렉션을 사용할 수 없습니다. --expose-gc 플래그를 사용하세요.
[2025-12-11T23:22:17.669Z] ERROR: 🚨 높은 시스템 메모리 사용량: 48982MB / 49152MB (99.7%)
⚠️ 가비지 컬렉션을 사용할 수 없습니다. --expose-gc 플래그를 사용하세요.
[2025-12-11T23:22:47.668Z] ERROR: 🚨 높은 시스템 메모리 사용량: 48429MB / 49152MB (98.5%)
⚠️ 가비지 컬렉션을 사용할 수 없습니다. --expose-gc 플래그를 사용하세요.
[2025-12-11T23:23:17.669Z] ERROR: 🚨 높은 시스템 메모리 사용량: 48504MB / 49152MB (98.7%)
⚠️ 가비지 컬렉션을 사용할 수 없습니다. --expose-gc 플래그를 사용하세요.
[2025-12-11T23:23:47.669Z] ERROR: 🚨 높은 시스템 메모리 사용량: 48341MB / 49152MB (98.4%)
⚠️ 가비지 컬렉션을 사용할 수 없습니다. --expose-gc 플래그를 사용하세요.
[2025-12-11T23:24:17.670Z] ERROR: 🚨 높은 시스템 메모리 사용량: 48411MB / 49152MB (98.5%)
⚠️ 가비지 컬렉션을 사용할 수 없습니다. --expose-gc 플래그를 사용하세요.
[2025-12-11T23:24:47.669Z] ERROR: 🚨 높은 시스템 메모리 사용량: 48341MB / 49152MB (98.3%)
⚠️ 가비지 컬렉션을 사용할 수 없습니다. --expose-gc 플래그를 사용하세요.
[2025-12-11T23:25:17.671Z] ERROR: 🚨 높은 시스템 메모리 사용량: 48520MB / 49152MB (98.7%)
⚠️ 가비지 컬렉션을 사용할 수 없습니다. --expose-gc 플래그를 사용하세요.
[2025-12-11T23:25:47.671Z] ERROR: 🚨 높은 시스템 메모리 사용량: 48344MB / 49152MB (98.4%)
⚠️ 가비지 컬렉션을 사용할 수 없습니다. --expose-gc 플래그를 사용하세요.
[2025-12-11T23:26:17.671Z] ERROR: 🚨 높은 시스템 메모리 사용량: 48481MB / 49152MB (98.6%)
⚠️ 가비지 컬렉션을 사용할 수 없습니다. --expose-gc 플래그를 사용하세요.
[2025-12-11T23:26:47.672Z] ERROR: 🚨 높은 시스템 메모리 사용량: 48495MB / 49152MB (98.7%)
⚠️ 가비지 컬렉션을 사용할 수 없습니다. --expose-gc 플래그를 사용하세요.
[2025-12-11T23:27:17.675Z] ERROR: 🚨 높은 시스템 메모리 사용량: 49056MB / 49152MB (99.8%)
⚠️ 가비지 컬렉션을 사용할 수 없습니다. --expose-gc 플래그를 사용하세요.
[2025-12-11T23:27:47.676Z] ERROR: 🚨 높은 시스템 메모리 사용량: 48954MB / 49152MB (99.6%)
⚠️ 가비지 컬렉션을 사용할 수 없습니다. --expose-gc 플래그를 사용하세요.
[2025-12-11T23:28:17.677Z] ERROR: 🚨 높은 시스템 메모리 사용량: 48577MB / 49152MB (98.8%)
⚠️ 가비지 컬렉션을 사용할 수 없습니다. --expose-gc 플래그를 사용하세요.
[2025-12-11T23:28:47.678Z] ERROR: 🚨 높은 시스템 메모리 사용량: 48406MB / 49152MB (98.5%)
⚠️ 가비지 컬렉션을 사용할 수 없습니다. --expose-gc 플래그를 사용하세요.
[2025-12-11T23:29:17.678Z] ERROR: 🚨 높은 시스템 메모리 사용량: 48485MB / 49152MB (98.6%)
⚠️ 가비지 컬렉션을 사용할 수 없습니다. --expose-gc 플래그를 사용하세요.
[2025-12-11T23:29:47.681Z] ERROR: 🚨 높은 시스템 메모리 사용량: 48347MB / 49152MB (98.4%)
⚠️ 가비지 컬렉션을 사용할 수 없습니다. --expose-gc 플래그를 사용하세요.
[2025-12-11T23:30:17.681Z] ERROR: 🚨 높은 시스템 메모리 사용량: 48894MB / 49152MB (99.5%)
⚠️ 가비지 컬렉션을 사용할 수 없습니다. --expose-gc 플래그를 사용하세요.
[2025-12-11T23:30:47.680Z] ERROR: 🚨 높은 시스템 메모리 사용량: 48846MB / 49152MB (99.4%)
⚠️ 가비지 컬렉션을 사용할 수 없습니다. --expose-gc 플래그를 사용하세요.
[2025-12-11T23:31:17.681Z] ERROR: 🚨 높은 시스템 메모리 사용량: 48857MB / 49152MB (99.4%)
⚠️ 가비지 컬렉션을 사용할 수 없습니다. --expose-gc 플래그를 사용하세요.
[2025-12-11T23:31:47.681Z] ERROR: 🚨 높은 시스템 메모리 사용량: 48834MB / 49152MB (99.4%)
⚠️ 가비지 컬렉션을 사용할 수 없습니다. --expose-gc 플래그를 사용하세요.
[2025-12-11T23:32:17.681Z] ERROR: 🚨 높은 시스템 메모리 사용량: 48868MB / 49152MB (99.4%)
⚠️ 가비지 컬렉션을 사용할 수 없습니다. --expose-gc 플래그를 사용하세요.
[2025-12-11T23:32:47.683Z] ERROR: 🚨 높은 시스템 메모리 사용량: 48852MB / 49152MB (99.4%)
⚠️ 가비지 컬렉션을 사용할 수 없습니다. --expose-gc 플래그를 사용하세요.
[2025-12-11T23:33:17.685Z] ERROR: 🚨 높은 시스템 메모리 사용량: 48421MB / 49152MB (98.5%)
⚠️ 가비지 컬렉션을 사용할 수 없습니다. --expose-gc 플래그를 사용하세요.
[2025-12-11T23:33:47.686Z] ERROR: 🚨 높은 시스템 메모리 사용량: 48416MB / 49152MB (98.5%)
⚠️ 가비지 컬렉션을 사용할 수 없습니다. --expose-gc 플래그를 사용하세요.
[2025-12-11T23:34:17.686Z] ERROR: 🚨 높은 시스템 메모리 사용량: 48353MB / 49152MB (98.4%)
⚠️ 가비지 컬렉션을 사용할 수 없습니다. --expose-gc 플래그를 사용하세요.
[2025-12-11T23:34:47.691Z] ERROR: 🚨 높은 시스템 메모리 사용량: 48269MB / 49152MB (98.2%)
⚠️ 가비지 컬렉션을 사용할 수 없습니다. --expose-gc 플래그를 사용하세요.
[2025-12-11T23:35:17.688Z] ERROR: 🚨 높은 시스템 메모리 사용량: 48803MB / 49152MB (99.3%)
⚠️ 가비지 컬렉션을 사용할 수 없습니다. --expose-gc 플래그를 사용하세요.
[2025-12-11T23:35:47.690Z] ERROR: 🚨 높은 시스템 메모리 사용량: 48758MB / 49152MB (99.2%)
⚠️ 가비지 컬렉션을 사용할 수 없습니다. --expose-gc 플래그를 사용하세요.
[2025-12-11T23:36:17.690Z] ERROR: 🚨 높은 시스템 메모리 사용량: 48770MB / 49152MB (99.2%)
⚠️ 가비지 컬렉션을 사용할 수 없습니다. --expose-gc 플래그를 사용하세요.
[2025-12-11T23:36:47.690Z] ERROR: 🚨 높은 시스템 메모리 사용량: 48760MB / 49152MB (99.2%)
⚠️ 가비지 컬렉션을 사용할 수 없습니다. --expose-gc 플래그를 사용하세요.
[2025-12-11T23:37:17.693Z] ERROR: 🚨 높은 시스템 메모리 사용량: 48762MB / 49152MB (99.2%)
⚠️ 가비지 컬렉션을 사용할 수 없습니다. --expose-gc 플래그를 사용하세요.
[2025-12-11T23:37:47.694Z] ERROR: 🚨 높은 시스템 메모리 사용량: 48932MB / 49152MB (99.6%)
⚠️ 가비지 컬렉션을 사용할 수 없습니다. --expose-gc 플래그를 사용하세요.
[2025-12-11T23:38:17.696Z] ERROR: 🚨 높은 시스템 메모리 사용량: 48370MB / 49152MB (98.4%)
⚠️ 가비지 컬렉션을 사용할 수 없습니다. --expose-gc 플래그를 사용하세요.
[2025-12-11T23:38:47.695Z] ERROR: 🚨 높은 시스템 메모리 사용량: 48396MB / 49152MB (98.5%)
⚠️ 가비지 컬렉션을 사용할 수 없습니다. --expose-gc 플래그를 사용하세요.
[2025-12-11T23:39:17.696Z] ERROR: 🚨 높은 시스템 메모리 사용량: 48301MB / 49152MB (98.3%)
⚠️ 가비지 컬렉션을 사용할 수 없습니다. --expose-gc 플래그를 사용하세요.
[2025-12-11T23:39:47.696Z] ERROR: 🚨 높은 시스템 메모리 사용량: 48330MB / 49152MB (98.3%)
⚠️ 가비지 컬렉션을 사용할 수 없습니다. --expose-gc 플래그를 사용하세요.
[2025-12-11T23:40:17.703Z] ERROR: 🚨 높은 시스템 메모리 사용량: 48827MB / 49152MB (99.3%)
⚠️ 가비지 컬렉션을 사용할 수 없습니다. --expose-gc 플래그를 사용하세요.
[2025-12-11T23:40:47.709Z] ERROR: 🚨 높은 시스템 메모리 사용량: 48785MB / 49152MB (99.3%)
⚠️ 가비지 컬렉션을 사용할 수 없습니다. --expose-gc 플래그를 사용하세요.
[2025-12-11T23:41:17.709Z] ERROR: 🚨 높은 시스템 메모리 사용량: 48781MB / 49152MB (99.2%)
⚠️ 가비지 컬렉션을 사용할 수 없습니다. --expose-gc 플래그를 사용하세요.
[2025-12-11T23:41:47.711Z] ERROR: 🚨 높은 시스템 메모리 사용량: 48775MB / 49152MB (99.2%)
⚠️ 가비지 컬렉션을 사용할 수 없습니다. --expose-gc 플래그를 사용하세요.
[2025-12-11T23:42:17.712Z] ERROR: 🚨 높은 시스템 메모리 사용량: 48758MB / 49152MB (99.2%)
⚠️ 가비지 컬렉션을 사용할 수 없습니다. --expose-gc 플래그를 사용하세요.
[2025-12-11T23:42:47.714Z] ERROR: 🚨 높은 시스템 메모리 사용량: 49062MB / 49152MB (99.8%)
⚠️ 가비지 컬렉션을 사용할 수 없습니다. --expose-gc 플래그를 사용하세요.
[2025-12-11T23:43:17.716Z] ERROR: 🚨 높은 시스템 메모리 사용량: 48961MB / 49152MB (99.6%)
⚠️ 가비지 컬렉션을 사용할 수 없습니다. --expose-gc 플래그를 사용하세요.
[2025-12-11T23:43:47.718Z] ERROR: 🚨 높은 시스템 메모리 사용량: 49018MB / 49152MB (99.7%)
⚠️ 가비지 컬렉션을 사용할 수 없습니다. --expose-gc 플래그를 사용하세요.
[2025-12-11T23:44:17.719Z] ERROR: 🚨 높은 시스템 메모리 사용량: 48368MB / 49152MB (98.4%)
⚠️ 가비지 컬렉션을 사용할 수 없습니다. --expose-gc 플래그를 사용하세요.
[2025-12-11T23:44:47.720Z] ERROR: 🚨 높은 시스템 메모리 사용량: 48387MB / 49152MB (98.4%)
⚠️ 가비지 컬렉션을 사용할 수 없습니다. --expose-gc 플래그를 사용하세요.
[2025-12-11T23:45:17.722Z] ERROR: 🚨 높은 시스템 메모리 사용량: 48858MB / 49152MB (99.4%)
⚠️ 가비지 컬렉션을 사용할 수 없습니다. --expose-gc 플래그를 사용하세요.
[2025-12-11T23:45:47.722Z] ERROR: 🚨 높은 시스템 메모리 사용량: 48817MB / 49152MB (99.3%)
⚠️ 가비지 컬렉션을 사용할 수 없습니다. --expose-gc 플래그를 사용하세요.
[2025-12-11T23:46:17.722Z] ERROR: 🚨 높은 시스템 메모리 사용량: 48807MB / 49152MB (99.3%)
⚠️ 가비지 컬렉션을 사용할 수 없습니다. --expose-gc 플래그를 사용하세요.
[2025-12-11T23:46:47.723Z] ERROR: 🚨 높은 시스템 메모리 사용량: 48921MB / 49152MB (99.5%)
⚠️ 가비지 컬렉션을 사용할 수 없습니다. --expose-gc 플래그를 사용하세요.
[2025-12-11T23:47:17.724Z] ERROR: 🚨 높은 시스템 메모리 사용량: 48809MB / 49152MB (99.3%)
⚠️ 가비지 컬렉션을 사용할 수 없습니다. --expose-gc 플래그를 사용하세요.
[2025-12-11T23:47:47.726Z] ERROR: 🚨 높은 시스템 메모리 사용량: 48909MB / 49152MB (99.5%)
⚠️ 가비지 컬렉션을 사용할 수 없습니다. --expose-gc 플래그를 사용하세요.
[2025-12-11T23:48:17.728Z] ERROR: 🚨 높은 시스템 메모리 사용량: 48841MB / 49152MB (99.4%)
⚠️ 가비지 컬렉션을 사용할 수 없습니다. --expose-gc 플래그를 사용하세요.
[2025-12-11T23:48:47.729Z] ERROR: 🚨 높은 시스템 메모리 사용량: 48535MB / 49152MB (98.7%)
⚠️ 가비지 컬렉션을 사용할 수 없습니다. --expose-gc 플래그를 사용하세요.
[2025-12-11T23:49:17.730Z] ERROR: 🚨 높은 시스템 메모리 사용량: 48440MB / 49152MB (98.6%)
⚠️ 가비지 컬렉션을 사용할 수 없습니다. --expose-gc 플래그를 사용하세요.
[2025-12-11T23:49:47.731Z] ERROR: 🚨 높은 시스템 메모리 사용량: 48452MB / 49152MB (98.6%)
⚠️ 가비지 컬렉션을 사용할 수 없습니다. --expose-gc 플래그를 사용하세요.
[2025-12-11T23:50:17.733Z] ERROR: 🚨 높은 시스템 메모리 사용량: 48840MB / 49152MB (99.4%)
⚠️ 가비지 컬렉션을 사용할 수 없습니다. --expose-gc 플래그를 사용하세요.
[2025-12-11T23:52:49.421Z] ERROR: 🚨 높은 시스템 메모리 사용량: 48785MB / 49152MB (99.3%)
⚠️ 가비지 컬렉션을 사용할 수 없습니다. --expose-gc 플래그를 사용하세요.
[2025-12-11T23:53:19.422Z] ERROR: 🚨 높은 시스템 메모리 사용량: 49012MB / 49152MB (99.7%)
⚠️ 가비지 컬렉션을 사용할 수 없습니다. --expose-gc 플래그를 사용하세요.
[2025-12-11T23:53:59.772Z] ERROR: 🚨 높은 시스템 메모리 사용량: 48247MB / 49152MB (98.2%)
⚠️ 가비지 컬렉션을 사용할 수 없습니다. --expose-gc 플래그를 사용하세요.
[2025-12-11T23:54:29.774Z] ERROR: 🚨 높은 시스템 메모리 사용량: 48150MB / 49152MB (98.0%)
⚠️ 가비지 컬렉션을 사용할 수 없습니다. --expose-gc 플래그를 사용하세요.
[2025-12-11T23:54:59.775Z] ERROR: 🚨 높은 시스템 메모리 사용량: 48119MB / 49152MB (97.9%)
⚠️ 가비지 컬렉션을 사용할 수 없습니다. --expose-gc 플래그를 사용하세요.
[2025-12-11T23:55:29.774Z] ERROR: 🚨 높은 시스템 메모리 사용량: 48148MB / 49152MB (98.0%)
⚠️ 가비지 컬렉션을 사용할 수 없습니다. --expose-gc 플래그를 사용하세요.
[2025-12-11T23:55:59.774Z] ERROR: 🚨 높은 시스템 메모리 사용량: 48140MB / 49152MB (97.9%)
⚠️ 가비지 컬렉션을 사용할 수 없습니다. --expose-gc 플래그를 사용하세요.
[2025-12-11T23:56:29.776Z] ERROR: 🚨 높은 시스템 메모리 사용량: 48133MB / 49152MB (97.9%)
⚠️ 가비지 컬렉션을 사용할 수 없습니다. --expose-gc 플래그를 사용하세요.
[2025-12-11T23:56:59.775Z] ERROR: 🚨 높은 시스템 메모리 사용량: 48521MB / 49152MB (98.7%)
⚠️ 가비지 컬렉션을 사용할 수 없습니다. --expose-gc 플래그를 사용하세요.
[2025-12-11T23:57:29.776Z] ERROR: 🚨 높은 시스템 메모리 사용량: 48494MB / 49152MB (98.7%)
⚠️ 가비지 컬렉션을 사용할 수 없습니다. --expose-gc 플래그를 사용하세요.
[2025-12-11T23:57:59.776Z] ERROR: 🚨 높은 시스템 메모리 사용량: 48373MB / 49152MB (98.4%)
⚠️ 가비지 컬렉션을 사용할 수 없습니다. --expose-gc 플래그를 사용하세요.
[2025-12-11T23:58:29.778Z] ERROR: 🚨 높은 시스템 메모리 사용량: 48948MB / 49152MB (99.6%)
⚠️ 가비지 컬렉션을 사용할 수 없습니다. --expose-gc 플래그를 사용하세요.
[2025-12-11T23:58:59.779Z] ERROR: 🚨 높은 시스템 메모리 사용량: 48403MB / 49152MB (98.5%)
⚠️ 가비지 컬렉션을 사용할 수 없습니다. --expose-gc 플래그를 사용하세요.
[2025-12-11T23:59:29.779Z] ERROR: 🚨 높은 시스템 메모리 사용량: 48440MB / 49152MB (98.6%)
⚠️ 가비지 컬렉션을 사용할 수 없습니다. --expose-gc 플래그를 사용하세요.
[2025-12-11T23:59:59.781Z] ERROR: 🚨 높은 시스템 메모리 사용량: 48355MB / 49152MB (98.4%)
⚠️ 가비지 컬렉션을 사용할 수 없습니다. --expose-gc 플래그를 사용하세요.
[2025-12-12T00:00:29.783Z] ERROR: 🚨 높은 시스템 메모리 사용량: 48443MB / 49152MB (98.6%)
⚠️ 가비지 컬렉션을 사용할 수 없습니다. --expose-gc 플래그를 사용하세요.
[2025-12-12T00:00:59.783Z] ERROR: 🚨 높은 시스템 메모리 사용량: 48457MB / 49152MB (98.6%)
⚠️ 가비지 컬렉션을 사용할 수 없습니다. --expose-gc 플래그를 사용하세요.
[2025-12-12T00:01:29.784Z] ERROR: 🚨 높은 시스템 메모리 사용량: 48468MB / 49152MB (98.6%)
⚠️ 가비지 컬렉션을 사용할 수 없습니다. --expose-gc 플래그를 사용하세요.
[2025-12-12T00:01:59.786Z] ERROR: 🚨 높은 시스템 메모리 사용량: 48362MB / 49152MB (98.4%)
⚠️ 가비지 컬렉션을 사용할 수 없습니다. --expose-gc 플래그를 사용하세요.
[2025-12-12T00:02:29.785Z] ERROR: 🚨 높은 시스템 메모리 사용량: 48560MB / 49152MB (98.8%)
⚠️ 가비지 컬렉션을 사용할 수 없습니다. --expose-gc 플래그를 사용하세요.
[2025-12-12T00:02:59.784Z] ERROR: 🚨 높은 시스템 메모리 사용량: 48382MB / 49152MB (98.4%)
⚠️ 가비지 컬렉션을 사용할 수 없습니다. --expose-gc 플래그를 사용하세요.
[2025-12-12T00:03:29.786Z] ERROR: 🚨 높은 시스템 메모리 사용량: 48919MB / 49152MB (99.5%)
⚠️ 가비지 컬렉션을 사용할 수 없습니다. --expose-gc 플래그를 사용하세요.
[2025-12-12T00:03:59.786Z] ERROR: 🚨 높은 시스템 메모리 사용량: 48863MB / 49152MB (99.4%)
⚠️ 가비지 컬렉션을 사용할 수 없습니다. --expose-gc 플래그를 사용하세요.
[2025-12-12T00:04:29.789Z] ERROR: 🚨 높은 시스템 메모리 사용량: 48458MB / 49152MB (98.6%)
⚠️ 가비지 컬렉션을 사용할 수 없습니다. --expose-gc 플래그를 사용하세요.
[2025-12-12T00:04:59.790Z] ERROR: 🚨 높은 시스템 메모리 사용량: 48402MB / 49152MB (98.5%)
⚠️ 가비지 컬렉션을 사용할 수 없습니다. --expose-gc 플래그를 사용하세요.
[2025-12-12T00:05:29.792Z] ERROR: 🚨 높은 시스템 메모리 사용량: 48467MB / 49152MB (98.6%)
⚠️ 가비지 컬렉션을 사용할 수 없습니다. --expose-gc 플래그를 사용하세요.
[2025-12-12T00:05:59.792Z] ERROR: 🚨 높은 시스템 메모리 사용량: 48442MB / 49152MB (98.6%)
⚠️ 가비지 컬렉션을 사용할 수 없습니다. --expose-gc 플래그를 사용하세요.
[2025-12-12T00:06:29.794Z] ERROR: 🚨 높은 시스템 메모리 사용량: 48456MB / 49152MB (98.6%)
⚠️ 가비지 컬렉션을 사용할 수 없습니다. --expose-gc 플래그를 사용하세요.
[2025-12-12T00:06:59.795Z] ERROR: 🚨 높은 시스템 메모리 사용량: 48342MB / 49152MB (98.4%)
⚠️ 가비지 컬렉션을 사용할 수 없습니다. --expose-gc 플래그를 사용하세요.
[2025-12-12T00:07:29.797Z] ERROR: 🚨 높은 시스템 메모리 사용량: 48483MB / 49152MB (98.6%)
⚠️ 가비지 컬렉션을 사용할 수 없습니다. --expose-gc 플래그를 사용하세요.
[2025-12-12T00:07:59.797Z] ERROR: 🚨 높은 시스템 메모리 사용량: 48352MB / 49152MB (98.4%)
⚠️ 가비지 컬렉션을 사용할 수 없습니다. --expose-gc 플래그를 사용하세요.
[2025-12-12T00:08:29.777Z] ERROR: 🚨 높은 시스템 메모리 사용량: 48434MB / 49152MB (98.5%)
⚠️ 가비지 컬렉션을 사용할 수 없습니다. --expose-gc 플래그를 사용하세요.
[2025-12-12T00:08:59.775Z] ERROR: 🚨 높은 시스템 메모리 사용량: 48920MB / 49152MB (99.5%)
⚠️ 가비지 컬렉션을 사용할 수 없습니다. --expose-gc 플래그를 사용하세요.
[2025-12-12T00:09:29.776Z] ERROR: 🚨 높은 시스템 메모리 사용량: 48380MB / 49152MB (98.4%)
⚠️ 가비지 컬렉션을 사용할 수 없습니다. --expose-gc 플래그를 사용하세요.
[2025-12-12T00:09:59.776Z] ERROR: 🚨 높은 시스템 메모리 사용량: 48347MB / 49152MB (98.4%)
⚠️ 가비지 컬렉션을 사용할 수 없습니다. --expose-gc 플래그를 사용하세요.
[2025-12-12T00:10:29.778Z] ERROR: 🚨 높은 시스템 메모리 사용량: 48465MB / 49152MB (98.6%)
⚠️ 가비지 컬렉션을 사용할 수 없습니다. --expose-gc 플래그를 사용하세요.
[2025-12-12T00:10:59.779Z] ERROR: 🚨 높은 시스템 메모리 사용량: 48441MB / 49152MB (98.6%)
⚠️ 가비지 컬렉션을 사용할 수 없습니다. --expose-gc 플래그를 사용하세요.
[2025-12-12T00:11:29.782Z] ERROR: 🚨 높은 시스템 메모리 사용량: 48435MB / 49152MB (98.5%)
⚠️ 가비지 컬렉션을 사용할 수 없습니다. --expose-gc 플래그를 사용하세요.
[2025-12-12T00:11:59.781Z] ERROR: 🚨 높은 시스템 메모리 사용량: 48381MB / 49152MB (98.4%)
⚠️ 가비지 컬렉션을 사용할 수 없습니다. --expose-gc 플래그를 사용하세요.
[2025-12-12T00:12:29.783Z] ERROR: 🚨 높은 시스템 메모리 사용량: 48584MB / 49152MB (98.8%)
⚠️ 가비지 컬렉션을 사용할 수 없습니다. --expose-gc 플래그를 사용하세요.
[2025-12-12T00:12:59.786Z] ERROR: 🚨 높은 시스템 메모리 사용량: 48390MB / 49152MB (98.4%)
⚠️ 가비지 컬렉션을 사용할 수 없습니다. --expose-gc 플래그를 사용하세요.
[2025-12-12T00:13:29.790Z] ERROR: 🚨 높은 시스템 메모리 사용량: 48418MB / 49152MB (98.5%)
⚠️ 가비지 컬렉션을 사용할 수 없습니다. --expose-gc 플래그를 사용하세요.
[2025-12-12T00:13:59.787Z] ERROR: 🚨 높은 시스템 메모리 사용량: 48913MB / 49152MB (99.5%)
⚠️ 가비지 컬렉션을 사용할 수 없습니다. --expose-gc 플래그를 사용하세요.
[2025-12-12T00:14:29.790Z] ERROR: 🚨 높은 시스템 메모리 사용량: 48368MB / 49152MB (98.4%)
⚠️ 가비지 컬렉션을 사용할 수 없습니다. --expose-gc 플래그를 사용하세요.
[2025-12-12T00:14:59.789Z] ERROR: 🚨 높은 시스템 메모리 사용량: 48447MB / 49152MB (98.6%)
⚠️ 가비지 컬렉션을 사용할 수 없습니다. --expose-gc 플래그를 사용하세요.
[2025-12-12T00:15:29.792Z] ERROR: 🚨 높은 시스템 메모리 사용량: 48422MB / 49152MB (98.5%)
⚠️ 가비지 컬렉션을 사용할 수 없습니다. --expose-gc 플래그를 사용하세요.
[2025-12-12T00:15:59.790Z] ERROR: 🚨 높은 시스템 메모리 사용량: 48446MB / 49152MB (98.6%)
⚠️ 가비지 컬렉션을 사용할 수 없습니다. --expose-gc 플래그를 사용하세요.
[2025-12-12T00:16:29.794Z] ERROR: 🚨 높은 시스템 메모리 사용량: 48451MB / 49152MB (98.6%)
⚠️ 가비지 컬렉션을 사용할 수 없습니다. --expose-gc 플래그를 사용하세요.
[2025-12-12T00:16:59.793Z] ERROR: 🚨 높은 시스템 메모리 사용량: 48409MB / 49152MB (98.5%)
⚠️ 가비지 컬렉션을 사용할 수 없습니다. --expose-gc 플래그를 사용하세요.
[2025-12-12T00:17:29.793Z] ERROR: 🚨 높은 시스템 메모리 사용량: 48543MB / 49152MB (98.8%)
⚠️ 가비지 컬렉션을 사용할 수 없습니다. --expose-gc 플래그를 사용하세요.
[2025-12-12T00:17:59.793Z] ERROR: 🚨 높은 시스템 메모리 사용량: 48371MB / 49152MB (98.4%)
⚠️ 가비지 컬렉션을 사용할 수 없습니다. --expose-gc 플래그를 사용하세요.
[2025-12-12T00:18:29.798Z] ERROR: 🚨 높은 시스템 메모리 사용량: 48467MB / 49152MB (98.6%)
⚠️ 가비지 컬렉션을 사용할 수 없습니다. --expose-gc 플래그를 사용하세요.
[2025-12-12T00:18:59.797Z] ERROR: 🚨 높은 시스템 메모리 사용량: 48949MB / 49152MB (99.6%)
⚠️ 가비지 컬렉션을 사용할 수 없습니다. --expose-gc 플래그를 사용하세요.
[2025-12-12T00:19:29.798Z] ERROR: 🚨 높은 시스템 메모리 사용량: 48932MB / 49152MB (99.6%)
⚠️ 가비지 컬렉션을 사용할 수 없습니다. --expose-gc 플래그를 사용하세요.
[2025-12-12T00:19:59.799Z] ERROR: 🚨 높은 시스템 메모리 사용량: 48393MB / 49152MB (98.5%)
⚠️ 가비지 컬렉션을 사용할 수 없습니다. --expose-gc 플래그를 사용하세요.
[2025-12-12T00:20:29.801Z] ERROR: 🚨 높은 시스템 메모리 사용량: 48391MB / 49152MB (98.5%)
⚠️ 가비지 컬렉션을 사용할 수 없습니다. --expose-gc 플래그를 사용하세요.
[2025-12-12T00:20:59.802Z] ERROR: 🚨 높은 시스템 메모리 사용량: 48456MB / 49152MB (98.6%)
⚠️ 가비지 컬렉션을 사용할 수 없습니다. --expose-gc 플래그를 사용하세요.
[2025-12-12T00:21:29.803Z] ERROR: 🚨 높은 시스템 메모리 사용량: 48473MB / 49152MB (98.6%)
⚠️ 가비지 컬렉션을 사용할 수 없습니다. --expose-gc 플래그를 사용하세요.
[2025-12-12T00:21:59.803Z] ERROR: 🚨 높은 시스템 메모리 사용량: 48369MB / 49152MB (98.4%)
⚠️ 가비지 컬렉션을 사용할 수 없습니다. --expose-gc 플래그를 사용하세요.
[2025-12-12T00:22:29.805Z] ERROR: 🚨 높은 시스템 메모리 사용량: 48586MB / 49152MB (98.8%)
⚠️ 가비지 컬렉션을 사용할 수 없습니다. --expose-gc 플래그를 사용하세요.
[2025-12-12T00:22:59.806Z] ERROR: 🚨 높은 시스템 메모리 사용량: 48383MB / 49152MB (98.4%)
⚠️ 가비지 컬렉션을 사용할 수 없습니다. --expose-gc 플래그를 사용하세요.
[2025-12-12T00:23:29.809Z] ERROR: 🚨 높은 시스템 메모리 사용량: 48503MB / 49152MB (98.7%)
⚠️ 가비지 컬렉션을 사용할 수 없습니다. --expose-gc 플래그를 사용하세요.
[2025-12-12T00:23:59.810Z] ERROR: 🚨 높은 시스템 메모리 사용량: 48376MB / 49152MB (98.4%)
⚠️ 가비지 컬렉션을 사용할 수 없습니다. --expose-gc 플래그를 사용하세요.
[2025-12-12T00:24:29.813Z] ERROR: 🚨 높은 시스템 메모리 사용량: 48919MB / 49152MB (99.5%)
⚠️ 가비지 컬렉션을 사용할 수 없습니다. --expose-gc 플래그를 사용하세요.
[2025-12-12T00:24:59.813Z] ERROR: 🚨 높은 시스템 메모리 사용량: 48379MB / 49152MB (98.4%)
⚠️ 가비지 컬렉션을 사용할 수 없습니다. --expose-gc 플래그를 사용하세요.
[2025-12-12T00:25:29.817Z] ERROR: 🚨 높은 시스템 메모리 사용량: 48490MB / 49152MB (98.7%)
⚠️ 가비지 컬렉션을 사용할 수 없습니다. --expose-gc 플래그를 사용하세요.
[2025-12-12T00:25:59.818Z] ERROR: 🚨 높은 시스템 메모리 사용량: 48486MB / 49152MB (98.6%)
⚠️ 가비지 컬렉션을 사용할 수 없습니다. --expose-gc 플래그를 사용하세요.
[2025-12-12T00:26:29.819Z] ERROR: 🚨 높은 시스템 메모리 사용량: 48491MB / 49152MB (98.7%)
⚠️ 가비지 컬렉션을 사용할 수 없습니다. --expose-gc 플래그를 사용하세요.
[2025-12-12T00:26:59.819Z] ERROR: 🚨 높은 시스템 메모리 사용량: 48380MB / 49152MB (98.4%)
⚠️ 가비지 컬렉션을 사용할 수 없습니다. --expose-gc 플래그를 사용하세요.
[2025-12-12T00:27:29.820Z] ERROR: 🚨 높은 시스템 메모리 사용량: 48639MB / 49152MB (99.0%)
⚠️ 가비지 컬렉션을 사용할 수 없습니다. --expose-gc 플래그를 사용하세요.
[2025-12-12T00:27:59.822Z] ERROR: 🚨 높은 시스템 메모리 사용량: 48478MB / 49152MB (98.6%)
⚠️ 가비지 컬렉션을 사용할 수 없습니다. --expose-gc 플래그를 사용하세요.
[2025-12-12T00:28:29.827Z] ERROR: 🚨 높은 시스템 메모리 사용량: 48449MB / 49152MB (98.6%)
⚠️ 가비지 컬렉션을 사용할 수 없습니다. --expose-gc 플래그를 사용하세요.
[2025-12-12T00:28:59.826Z] ERROR: 🚨 높은 시스템 메모리 사용량: 48438MB / 49152MB (98.5%)
⚠️ 가비지 컬렉션을 사용할 수 없습니다. --expose-gc 플래그를 사용하세요.
[2025-12-12T00:29:29.828Z] ERROR: 🚨 높은 시스템 메모리 사용량: 48995MB / 49152MB (99.7%)
⚠️ 가비지 컬렉션을 사용할 수 없습니다. --expose-gc 플래그를 사용하세요.
[2025-12-12T00:29:59.838Z] ERROR: 🚨 높은 시스템 메모리 사용량: 48381MB / 49152MB (98.4%)
⚠️ 가비지 컬렉션을 사용할 수 없습니다. --expose-gc 플래그를 사용하세요.
[2025-12-12T00:30:29.832Z] ERROR: 🚨 높은 시스템 메모리 사용량: 48463MB / 49152MB (98.6%)
⚠️ 가비지 컬렉션을 사용할 수 없습니다. --expose-gc 플래그를 사용하세요.
[2025-12-12T00:30:59.832Z] ERROR: 🚨 높은 시스템 메모리 사용량: 48489MB / 49152MB (98.7%)
⚠️ 가비지 컬렉션을 사용할 수 없습니다. --expose-gc 플래그를 사용하세요.
[2025-12-12T00:31:29.837Z] ERROR: 🚨 높은 시스템 메모리 사용량: 48470MB / 49152MB (98.6%)
⚠️ 가비지 컬렉션을 사용할 수 없습니다. --expose-gc 플래그를 사용하세요.
[2025-12-12T00:31:59.837Z] ERROR: 🚨 높은 시스템 메모리 사용량: 48424MB / 49152MB (98.5%)
⚠️ 가비지 컬렉션을 사용할 수 없습니다. --expose-gc 플래그를 사용하세요.
[2025-12-12T00:32:29.839Z] ERROR: 🚨 높은 시스템 메모리 사용량: 48636MB / 49152MB (98.9%)
⚠️ 가비지 컬렉션을 사용할 수 없습니다. --expose-gc 플래그를 사용하세요.
[2025-12-12T00:32:59.841Z] ERROR: 🚨 높은 시스템 메모리 사용량: 48462MB / 49152MB (98.6%)
⚠️ 가비지 컬렉션을 사용할 수 없습니다. --expose-gc 플래그를 사용하세요.
[2025-12-12T00:33:29.843Z] ERROR: 🚨 높은 시스템 메모리 사용량: 48522MB / 49152MB (98.7%)
⚠️ 가비지 컬렉션을 사용할 수 없습니다. --expose-gc 플래그를 사용하세요.
[2025-12-12T00:33:59.847Z] ERROR: 🚨 높은 시스템 메모리 사용량: 48456MB / 49152MB (98.6%)
⚠️ 가비지 컬렉션을 사용할 수 없습니다. --expose-gc 플래그를 사용하세요.
[2025-12-12T00:34:29.845Z] ERROR: 🚨 높은 시스템 메모리 사용량: 49039MB / 49152MB (99.8%)
⚠️ 가비지 컬렉션을 사용할 수 없습니다. --expose-gc 플래그를 사용하세요.
[2025-12-12T01:51:46.171Z] ERROR: 🚨 높은 시스템 메모리 사용량: 48438MB / 49152MB (98.5%)
⚠️ 가비지 컬렉션을 사용할 수 없습니다. --expose-gc 플래그를 사용하세요.
[2025-12-12T01:52:16.173Z] ERROR: 🚨 높은 시스템 메모리 사용량: 48383MB / 49152MB (98.4%)
⚠️ 가비지 컬렉션을 사용할 수 없습니다. --expose-gc 플래그를 사용하세요.
[2025-12-12T01:52:46.173Z] ERROR: 🚨 높은 시스템 메모리 사용량: 49069MB / 49152MB (99.8%)
⚠️ 가비지 컬렉션을 사용할 수 없습니다. --expose-gc 플래그를 사용하세요.
[2025-12-12T01:53:16.173Z] ERROR: 🚨 높은 시스템 메모리 사용량: 48823MB / 49152MB (99.3%)
⚠️ 가비지 컬렉션을 사용할 수 없습니다. --expose-gc 플래그를 사용하세요.
[2025-12-12T01:53:46.174Z] ERROR: 🚨 높은 시스템 메모리 사용량: 48174MB / 49152MB (98.0%)
⚠️ 가비지 컬렉션을 사용할 수 없습니다. --expose-gc 플래그를 사용하세요.
[2025-12-12T01:54:16.175Z] ERROR: 🚨 높은 시스템 메모리 사용량: 48225MB / 49152MB (98.1%)
⚠️ 가비지 컬렉션을 사용할 수 없습니다. --expose-gc 플래그를 사용하세요.
[2025-12-12T01:54:46.176Z] ERROR: 🚨 높은 시스템 메모리 사용량: 48175MB / 49152MB (98.0%)
⚠️ 가비지 컬렉션을 사용할 수 없습니다. --expose-gc 플래그를 사용하세요.
[2025-12-12T01:55:16.176Z] ERROR: 🚨 높은 시스템 메모리 사용량: 48155MB / 49152MB (98.0%)
⚠️ 가비지 컬렉션을 사용할 수 없습니다. --expose-gc 플래그를 사용하세요.
[2025-12-12T01:55:46.179Z] ERROR: 🚨 높은 시스템 메모리 사용량: 48911MB / 49152MB (99.5%)
⚠️ 가비지 컬렉션을 사용할 수 없습니다. --expose-gc 플래그를 사용하세요.
[2025-12-12T01:56:16.179Z] ERROR: 🚨 높은 시스템 메모리 사용량: 48556MB / 49152MB (98.8%)
⚠️ 가비지 컬렉션을 사용할 수 없습니다. --expose-gc 플래그를 사용하세요.
[2025-12-12T01:56:46.181Z] ERROR: 🚨 높은 시스템 메모리 사용량: 48779MB / 49152MB (99.2%)
⚠️ 가비지 컬렉션을 사용할 수 없습니다. --expose-gc 플래그를 사용하세요.
[2025-12-12T01:57:16.181Z] ERROR: 🚨 높은 시스템 메모리 사용량: 48755MB / 49152MB (99.2%)
⚠️ 가비지 컬렉션을 사용할 수 없습니다. --expose-gc 플래그를 사용하세요.
[2025-12-12T01:57:46.183Z] ERROR: 🚨 높은 시스템 메모리 사용량: 48684MB / 49152MB (99.0%)
⚠️ 가비지 컬렉션을 사용할 수 없습니다. --expose-gc 플래그를 사용하세요.
[2025-12-12T01:58:16.184Z] ERROR: 🚨 높은 시스템 메모리 사용량: 48989MB / 49152MB (99.7%)
⚠️ 가비지 컬렉션을 사용할 수 없습니다. --expose-gc 플래그를 사용하세요.
[2025-12-12T01:58:46.186Z] ERROR: 🚨 높은 시스템 메모리 사용량: 48423MB / 49152MB (98.5%)
⚠️ 가비지 컬렉션을 사용할 수 없습니다. --expose-gc 플래그를 사용하세요.
[2025-12-12T01:59:16.187Z] ERROR: 🚨 높은 시스템 메모리 사용량: 48601MB / 49152MB (98.9%)
⚠️ 가비지 컬렉션을 사용할 수 없습니다. --expose-gc 플래그를 사용하세요.
[2025-12-12T01:59:46.188Z] ERROR: 🚨 높은 시스템 메모리 사용량: 46989MB / 49152MB (95.6%)
⚠️ 가비지 컬렉션을 사용할 수 없습니다. --expose-gc 플래그를 사용하세요.
[2025-12-12T02:00:16.188Z] ERROR: 🚨 높은 시스템 메모리 사용량: 48963MB / 49152MB (99.6%)
⚠️ 가비지 컬렉션을 사용할 수 없습니다. --expose-gc 플래그를 사용하세요.
[2025-12-12T02:00:46.189Z] ERROR: 🚨 높은 시스템 메모리 사용량: 48963MB / 49152MB (99.6%)
⚠️ 가비지 컬렉션을 사용할 수 없습니다. --expose-gc 플래그를 사용하세요.
[2025-12-12T02:01:16.191Z] ERROR: 🚨 높은 시스템 메모리 사용량: 48960MB / 49152MB (99.6%)
⚠️ 가비지 컬렉션을 사용할 수 없습니다. --expose-gc 플래그를 사용하세요.
[2025-12-12T02:01:46.192Z] ERROR: 🚨 높은 시스템 메모리 사용량: 48879MB / 49152MB (99.4%)
⚠️ 가비지 컬렉션을 사용할 수 없습니다. --expose-gc 플래그를 사용하세요.
[2025-12-12T02:02:16.195Z] ERROR: 🚨 높은 시스템 메모리 사용량: 49040MB / 49152MB (99.8%)
⚠️ 가비지 컬렉션을 사용할 수 없습니다. --expose-gc 플래그를 사용하세요.
[2025-12-12T02:02:46.197Z] ERROR: 🚨 높은 시스템 메모리 사용량: 49028MB / 49152MB (99.7%)
⚠️ 가비지 컬렉션을 사용할 수 없습니다. --expose-gc 플래그를 사용하세요.
[2025-12-12T02:03:16.198Z] ERROR: 🚨 높은 시스템 메모리 사용량: 48464MB / 49152MB (98.6%)
⚠️ 가비지 컬렉션을 사용할 수 없습니다. --expose-gc 플래그를 사용하세요.
[2025-12-12T02:03:46.201Z] ERROR: 🚨 높은 시스템 메모리 사용량: 48465MB / 49152MB (98.6%)
⚠️ 가비지 컬렉션을 사용할 수 없습니다. --expose-gc 플래그를 사용하세요.
[2025-12-12T02:04:16.203Z] ERROR: 🚨 높은 시스템 메모리 사용량: 48388MB / 49152MB (98.4%)
⚠️ 가비지 컬렉션을 사용할 수 없습니다. --expose-gc 플래그를 사용하세요.
[2025-12-12T02:04:46.205Z] ERROR: 🚨 높은 시스템 메모리 사용량: 48503MB / 49152MB (98.7%)
⚠️ 가비지 컬렉션을 사용할 수 없습니다. --expose-gc 플래그를 사용하세요.
[2025-12-12T02:05:16.207Z] ERROR: 🚨 높은 시스템 메모리 사용량: 48531MB / 49152MB (98.7%)
⚠️ 가비지 컬렉션을 사용할 수 없습니다. --expose-gc 플래그를 사용하세요.
[2025-12-12T02:05:46.211Z] ERROR: 🚨 높은 시스템 메모리 사용량: 48525MB / 49152MB (98.7%)
⚠️ 가비지 컬렉션을 사용할 수 없습니다. --expose-gc 플래그를 사용하세요.
[2025-12-12T02:06:16.212Z] ERROR: 🚨 높은 시스템 메모리 사용량: 48513MB / 49152MB (98.7%)
⚠️ 가비지 컬렉션을 사용할 수 없습니다. --expose-gc 플래그를 사용하세요.
[2025-12-12T02:06:46.213Z] ERROR: 🚨 높은 시스템 메모리 사용량: 48532MB / 49152MB (98.7%)
⚠️ 가비지 컬렉션을 사용할 수 없습니다. --expose-gc 플래그를 사용하세요.
[2025-12-12T02:07:16.215Z] ERROR: 🚨 높은 시스템 메모리 사용량: 48546MB / 49152MB (98.8%)
⚠️ 가비지 컬렉션을 사용할 수 없습니다. --expose-gc 플래그를 사용하세요.
[2025-12-12T02:24:14.050Z] ERROR: 🚨 높은 시스템 메모리 사용량: 48955MB / 49152MB (99.6%)
⚠️ 가비지 컬렉션을 사용할 수 없습니다. --expose-gc 플래그를 사용하세요.
[2025-12-12T02:24:44.031Z] ERROR: 🚨 높은 시스템 메모리 사용량: 48468MB / 49152MB (98.6%)
⚠️ 가비지 컬렉션을 사용할 수 없습니다. --expose-gc 플래그를 사용하세요.
[2025-12-12T02:25:14.030Z] ERROR: 🚨 높은 시스템 메모리 사용량: 47763MB / 49152MB (97.2%)
⚠️ 가비지 컬렉션을 사용할 수 없습니다. --expose-gc 플래그를 사용하세요.
[2025-12-12T02:26:34.082Z] ERROR: 🚨 높은 시스템 메모리 사용량: 48230MB / 49152MB (98.1%)
⚠️ 가비지 컬렉션을 사용할 수 없습니다. --expose-gc 플래그를 사용하세요.
[2025-12-12T02:27:04.083Z] ERROR: 🚨 높은 시스템 메모리 사용량: 48505MB / 49152MB (98.7%)
⚠️ 가비지 컬렉션을 사용할 수 없습니다. --expose-gc 플래그를 사용하세요.
[2025-12-12T02:27:34.083Z] ERROR: 🚨 높은 시스템 메모리 사용량: 49045MB / 49152MB (99.8%)
⚠️ 가비지 컬렉션을 사용할 수 없습니다. --expose-gc 플래그를 사용하세요.
[2025-12-12T02:28:04.084Z] ERROR: 🚨 높은 시스템 메모리 사용량: 49026MB / 49152MB (99.7%)
⚠️ 가비지 컬렉션을 사용할 수 없습니다. --expose-gc 플래그를 사용하세요.
[2025-12-12T02:28:34.083Z] ERROR: 🚨 높은 시스템 메모리 사용량: 49002MB / 49152MB (99.7%)
⚠️ 가비지 컬렉션을 사용할 수 없습니다. --expose-gc 플래그를 사용하세요.
[2025-12-12T02:29:04.085Z] ERROR: 🚨 높은 시스템 메모리 사용량: 48903MB / 49152MB (99.5%)
⚠️ 가비지 컬렉션을 사용할 수 없습니다. --expose-gc 플래그를 사용하세요.
[2025-12-12T02:29:34.086Z] ERROR: 🚨 높은 시스템 메모리 사용량: 49068MB / 49152MB (99.8%)
⚠️ 가비지 컬렉션을 사용할 수 없습니다. --expose-gc 플래그를 사용하세요.
[2025-12-12T02:30:04.087Z] ERROR: 🚨 높은 시스템 메모리 사용량: 48477MB / 49152MB (98.6%)
⚠️ 가비지 컬렉션을 사용할 수 없습니다. --expose-gc 플래그를 사용하세요.
[2025-12-12T02:30:34.086Z] ERROR: 🚨 높은 시스템 메모리 사용량: 48565MB / 49152MB (98.8%)
⚠️ 가비지 컬렉션을 사용할 수 없습니다. --expose-gc 플래그를 사용하세요.
[2025-12-12T02:31:04.089Z] ERROR: 🚨 높은 시스템 메모리 사용량: 48453MB / 49152MB (98.6%)
⚠️ 가비지 컬렉션을 사용할 수 없습니다. --expose-gc 플래그를 사용하세요.
[2025-12-12T02:31:34.087Z] ERROR: 🚨 높은 시스템 메모리 사용량: 48443MB / 49152MB (98.6%)
⚠️ 가비지 컬렉션을 사용할 수 없습니다. --expose-gc 플래그를 사용하세요.
[2025-12-12T02:32:04.088Z] ERROR: 🚨 높은 시스템 메모리 사용량: 48459MB / 49152MB (98.6%)
⚠️ 가비지 컬렉션을 사용할 수 없습니다. --expose-gc 플래그를 사용하세요.
[2025-12-12T02:32:34.088Z] ERROR: 🚨 높은 시스템 메모리 사용량: 48433MB / 49152MB (98.5%)
⚠️ 가비지 컬렉션을 사용할 수 없습니다. --expose-gc 플래그를 사용하세요.
[2025-12-12T02:33:04.091Z] ERROR: 🚨 높은 시스템 메모리 사용량: 48449MB / 49152MB (98.6%)
⚠️ 가비지 컬렉션을 사용할 수 없습니다. --expose-gc 플래그를 사용하세요.
[2025-12-12T02:33:34.091Z] ERROR: 🚨 높은 시스템 메모리 사용량: 48586MB / 49152MB (98.8%)
⚠️ 가비지 컬렉션을 사용할 수 없습니다. --expose-gc 플래그를 사용하세요.
[2025-12-12T02:34:04.090Z] ERROR: 🚨 높은 시스템 메모리 사용량: 48510MB / 49152MB (98.7%)
⚠️ 가비지 컬렉션을 사용할 수 없습니다. --expose-gc 플래그를 사용하세요.
[2025-12-12T02:34:34.091Z] ERROR: 🚨 높은 시스템 메모리 사용량: 48700MB / 49152MB (99.1%)
⚠️ 가비지 컬렉션을 사용할 수 없습니다. --expose-gc 플래그를 사용하세요.
[2025-12-12T02:35:04.092Z] ERROR: 🚨 높은 시스템 메모리 사용량: 48880MB / 49152MB (99.4%)
⚠️ 가비지 컬렉션을 사용할 수 없습니다. --expose-gc 플래그를 사용하세요.
[2025-12-12T02:35:34.093Z] ERROR: 🚨 높은 시스템 메모리 사용량: 48632MB / 49152MB (98.9%)
⚠️ 가비지 컬렉션을 사용할 수 없습니다. --expose-gc 플래그를 사용하세요.
[2025-12-12T02:36:04.095Z] ERROR: 🚨 높은 시스템 메모리 사용량: 48606MB / 49152MB (98.9%)
⚠️ 가비지 컬렉션을 사용할 수 없습니다. --expose-gc 플래그를 사용하세요.
[2025-12-12T02:36:34.096Z] ERROR: 🚨 높은 시스템 메모리 사용량: 48639MB / 49152MB (99.0%)
⚠️ 가비지 컬렉션을 사용할 수 없습니다. --expose-gc 플래그를 사용하세요.
[2025-12-12T02:37:04.096Z] ERROR: 🚨 높은 시스템 메모리 사용량: 48645MB / 49152MB (99.0%)
⚠️ 가비지 컬렉션을 사용할 수 없습니다. --expose-gc 플래그를 사용하세요.
[2025-12-12T02:37:34.096Z] ERROR: 🚨 높은 시스템 메모리 사용량: 48619MB / 49152MB (98.9%)
⚠️ 가비지 컬렉션을 사용할 수 없습니다. --expose-gc 플래그를 사용하세요.
[2025-12-12T02:38:04.097Z] ERROR: 🚨 높은 시스템 메모리 사용량: 48634MB / 49152MB (98.9%)
⚠️ 가비지 컬렉션을 사용할 수 없습니다. --expose-gc 플래그를 사용하세요.
[2025-12-12T02:38:34.096Z] ERROR: 🚨 높은 시스템 메모리 사용량: 48614MB / 49152MB (98.9%)
⚠️ 가비지 컬렉션을 사용할 수 없습니다. --expose-gc 플래그를 사용하세요.
[2025-12-12T02:39:04.097Z] ERROR: 🚨 높은 시스템 메모리 사용량: 48638MB / 49152MB (99.0%)
⚠️ 가비지 컬렉션을 사용할 수 없습니다. --expose-gc 플래그를 사용하세요.
[2025-12-12T02:39:34.097Z] ERROR: 🚨 높은 시스템 메모리 사용량: 48634MB / 49152MB (98.9%)
⚠️ 가비지 컬렉션을 사용할 수 없습니다. --expose-gc 플래그를 사용하세요.
[2025-12-12T02:40:04.099Z] ERROR: 🚨 높은 시스템 메모리 사용량: 48888MB / 49152MB (99.5%)
⚠️ 가비지 컬렉션을 사용할 수 없습니다. --expose-gc 플래그를 사용하세요.
[2025-12-12T02:40:34.100Z] ERROR: 🚨 높은 시스템 메모리 사용량: 48346MB / 49152MB (98.4%)
⚠️ 가비지 컬렉션을 사용할 수 없습니다. --expose-gc 플래그를 사용하세요.
[2025-12-12T02:41:04.100Z] ERROR: 🚨 높은 시스템 메모리 사용량: 48303MB / 49152MB (98.3%)
⚠️ 가비지 컬렉션을 사용할 수 없습니다. --expose-gc 플래그를 사용하세요.
[2025-12-12T02:41:34.101Z] ERROR: 🚨 높은 시스템 메모리 사용량: 48344MB / 49152MB (98.4%)
⚠️ 가비지 컬렉션을 사용할 수 없습니다. --expose-gc 플래그를 사용하세요.
[2025-12-12T02:42:04.104Z] ERROR: 🚨 높은 시스템 메모리 사용량: 48306MB / 49152MB (98.3%)
⚠️ 가비지 컬렉션을 사용할 수 없습니다. --expose-gc 플래그를 사용하세요.
[2025-12-12T02:42:34.106Z] ERROR: 🚨 높은 시스템 메모리 사용량: 48462MB / 49152MB (98.6%)
⚠️ 가비지 컬렉션을 사용할 수 없습니다. --expose-gc 플래그를 사용하세요.
[2025-12-12T02:43:04.105Z] ERROR: 🚨 높은 시스템 메모리 사용량: 48371MB / 49152MB (98.4%)
⚠️ 가비지 컬렉션을 사용할 수 없습니다. --expose-gc 플래그를 사용하세요.
[2025-12-12T02:43:34.106Z] ERROR: 🚨 높은 시스템 메모리 사용량: 48942MB / 49152MB (99.6%)
⚠️ 가비지 컬렉션을 사용할 수 없습니다. --expose-gc 플래그를 사용하세요.
[2025-12-12T02:44:04.108Z] ERROR: 🚨 높은 시스템 메모리 사용량: 49082MB / 49152MB (99.9%)
⚠️ 가비지 컬렉션을 사용할 수 없습니다. --expose-gc 플래그를 사용하세요.
[2025-12-12T02:44:34.108Z] ERROR: 🚨 높은 시스템 메모리 사용량: 42318MB / 49152MB (86.1%)
⚠️ 가비지 컬렉션을 사용할 수 없습니다. --expose-gc 플래그를 사용하세요.
[2025-12-12T02:45:04.111Z] ERROR: 🚨 높은 시스템 메모리 사용량: 43432MB / 49152MB (88.4%)
⚠️ 가비지 컬렉션을 사용할 수 없습니다. --expose-gc 플래그를 사용하세요.
[2025-12-12T02:45:34.110Z] ERROR: 🚨 높은 시스템 메모리 사용량: 43208MB / 49152MB (87.9%)
⚠️ 가비지 컬렉션을 사용할 수 없습니다. --expose-gc 플래그를 사용하세요.
[2025-12-12T02:46:04.111Z] ERROR: 🚨 높은 시스템 메모리 사용량: 43892MB / 49152MB (89.3%)
⚠️ 가비지 컬렉션을 사용할 수 없습니다. --expose-gc 플래그를 사용하세요.
[2025-12-12T02:46:34.112Z] ERROR: 🚨 높은 시스템 메모리 사용량: 44696MB / 49152MB (90.9%)
⚠️ 가비지 컬렉션을 사용할 수 없습니다. --expose-gc 플래그를 사용하세요.
[2025-12-12T02:47:04.114Z] ERROR: 🚨 높은 시스템 메모리 사용량: 44518MB / 49152MB (90.6%)
⚠️ 가비지 컬렉션을 사용할 수 없습니다. --expose-gc 플래그를 사용하세요.
[2025-12-12T02:47:34.114Z] ERROR: 🚨 높은 시스템 메모리 사용량: 45105MB / 49152MB (91.8%)
⚠️ 가비지 컬렉션을 사용할 수 없습니다. --expose-gc 플래그를 사용하세요.
[2025-12-12T02:48:04.114Z] ERROR: 🚨 높은 시스템 메모리 사용량: 44806MB / 49152MB (91.2%)
⚠️ 가비지 컬렉션을 사용할 수 없습니다. --expose-gc 플래그를 사용하세요.
[2025-12-12T02:48:34.114Z] ERROR: 🚨 높은 시스템 메모리 사용량: 44918MB / 49152MB (91.4%)
⚠️ 가비지 컬렉션을 사용할 수 없습니다. --expose-gc 플래그를 사용하세요.
[2025-12-12T02:49:04.115Z] ERROR: 🚨 높은 시스템 메모리 사용량: 45147MB / 49152MB (91.9%)
⚠️ 가비지 컬렉션을 사용할 수 없습니다. --expose-gc 플래그를 사용하세요.
[2025-12-12T02:49:34.115Z] ERROR: 🚨 높은 시스템 메모리 사용량: 45307MB / 49152MB (92.2%)
⚠️ 가비지 컬렉션을 사용할 수 없습니다. --expose-gc 플래그를 사용하세요.
[2025-12-12T02:50:04.117Z] ERROR: 🚨 높은 시스템 메모리 사용량: 45406MB / 49152MB (92.4%)
⚠️ 가비지 컬렉션을 사용할 수 없습니다. --expose-gc 플래그를 사용하세요.
[2025-12-12T02:50:34.116Z] ERROR: 🚨 높은 시스템 메모리 사용량: 45538MB / 49152MB (92.6%)
⚠️ 가비지 컬렉션을 사용할 수 없습니다. --expose-gc 플래그를 사용하세요.
[2025-12-12T02:51:04.118Z] ERROR: 🚨 높은 시스템 메모리 사용량: 44997MB / 49152MB (91.5%)
⚠️ 가비지 컬렉션을 사용할 수 없습니다. --expose-gc 플래그를 사용하세요.
[2025-12-12T02:51:34.117Z] ERROR: 🚨 높은 시스템 메모리 사용량: 45316MB / 49152MB (92.2%)
⚠️ 가비지 컬렉션을 사용할 수 없습니다. --expose-gc 플래그를 사용하세요.
[2025-12-12T02:52:04.117Z] ERROR: 🚨 높은 시스템 메모리 사용량: 45161MB / 49152MB (91.9%)
⚠️ 가비지 컬렉션을 사용할 수 없습니다. --expose-gc 플래그를 사용하세요.
[2025-12-12T02:52:34.119Z] ERROR: 🚨 높은 시스템 메모리 사용량: 46334MB / 49152MB (94.3%)
⚠️ 가비지 컬렉션을 사용할 수 없습니다. --expose-gc 플래그를 사용하세요.
[2025-12-12T02:53:04.120Z] ERROR: 🚨 높은 시스템 메모리 사용량: 46936MB / 49152MB (95.5%)
⚠️ 가비지 컬렉션을 사용할 수 없습니다. --expose-gc 플래그를 사용하세요.
[2025-12-12T02:53:34.120Z] ERROR: 🚨 높은 시스템 메모리 사용량: 46814MB / 49152MB (95.2%)
⚠️ 가비지 컬렉션을 사용할 수 없습니다. --expose-gc 플래그를 사용하세요.
[2025-12-12T02:54:04.122Z] ERROR: 🚨 높은 시스템 메모리 사용량: 46782MB / 49152MB (95.2%)
⚠️ 가비지 컬렉션을 사용할 수 없습니다. --expose-gc 플래그를 사용하세요.
[2025-12-12T02:54:34.124Z] ERROR: 🚨 높은 시스템 메모리 사용량: 46971MB / 49152MB (95.6%)
⚠️ 가비지 컬렉션을 사용할 수 없습니다. --expose-gc 플래그를 사용하세요.
[2025-12-12T02:55:04.124Z] ERROR: 🚨 높은 시스템 메모리 사용량: 46627MB / 49152MB (94.9%)
⚠️ 가비지 컬렉션을 사용할 수 없습니다. --expose-gc 플래그를 사용하세요.
[2025-12-12T02:55:34.122Z] ERROR: 🚨 높은 시스템 메모리 사용량: 47019MB / 49152MB (95.7%)
⚠️ 가비지 컬렉션을 사용할 수 없습니다. --expose-gc 플래그를 사용하세요.
[2025-12-12T02:56:04.123Z] ERROR: 🚨 높은 시스템 메모리 사용량: 46598MB / 49152MB (94.8%)
⚠️ 가비지 컬렉션을 사용할 수 없습니다. --expose-gc 플래그를 사용하세요.
[2025-12-12T02:56:34.126Z] ERROR: 🚨 높은 시스템 메모리 사용량: 46674MB / 49152MB (95.0%)
⚠️ 가비지 컬렉션을 사용할 수 없습니다. --expose-gc 플래그를 사용하세요.
[2025-12-12T02:57:04.125Z] ERROR: 🚨 높은 시스템 메모리 사용량: 46516MB / 49152MB (94.6%)
⚠️ 가비지 컬렉션을 사용할 수 없습니다. --expose-gc 플래그를 사용하세요.
[2025-12-12T02:57:34.125Z] ERROR: 🚨 높은 시스템 메모리 사용량: 46585MB / 49152MB (94.8%)
⚠️ 가비지 컬렉션을 사용할 수 없습니다. --expose-gc 플래그를 사용하세요.
[2025-12-12T02:58:04.128Z] ERROR: 🚨 높은 시스템 메모리 사용량: 46717MB / 49152MB (95.0%)
⚠️ 가비지 컬렉션을 사용할 수 없습니다. --expose-gc 플래그를 사용하세요.
[2025-12-12T02:58:34.129Z] ERROR: 🚨 높은 시스템 메모리 사용량: 47491MB / 49152MB (96.6%)
⚠️ 가비지 컬렉션을 사용할 수 없습니다. --expose-gc 플래그를 사용하세요.
