[2025-09-18T01:26:26.808Z] [dotenv@17.2.2] injecting env (14) from config.development.env -- tip: 🔐 prevent committing .env to code: https://dotenvx.com/precommit
[2025-09-18T01:26:26.912Z] 📁 파일에서 8개 매칭 로드됨
[2025-09-18T01:26:26.912Z] 🔍 파일에서 887887 매칭을 찾을 수 없음
[2025-09-18T01:26:26.912Z] 기본 게시글 데이터 생성 완료
[2025-09-18T01:26:26.913Z] 댓글 데이터 파일이 없습니다. 빈 배열로 시작합니다.
[2025-09-18T01:26:26.913Z] 채팅방 데이터 로드 완료: 1개
채팅 메시지 데이터 로드 완료: 0개
[2025-09-18T01:26:26.921Z] 테니스장 데이터 로드 완료: 6개
[2025-09-18T01:26:26.935Z] 🔧 서버 포트 고정: 3000
[2025-09-18T01:26:26.936Z] 🔄 Socket.IO 초기화 중...
[2025-09-18T01:26:26.936Z] ✅ Socket.IO 초기화 완료
[2025-09-18T01:26:26.940Z] 🚀 Server running on port 3000 in development mode
[2025-09-18T01:26:26.940Z] 📱 API Base URL: http://localhost:3000/api
📱 API Base URL (Android): http://10.0.2.2:3000/api
📱 API Base URL (Network): http://192.168.6.100:3000/api
🔗 Health Check: http://localhost:3000/api/health
⏱️  서버 시작 시간: 4ms
[2025-09-18T01:26:26.940Z] ✅ 사용자 데이터 로드 완료: 4명, 다음 ID: 1
[2025-09-18T01:26:33.837Z] 🔍 인증된 사용자 - ID: 912738, 이메일: tennis1@playmate.com, 닉네임: 테니스초보
[2025-09-18T01:26:33.837Z] 사용자 912738의 채팅방 목록 조회 요청
사용자 912738의 채팅방 수: 1개
[2025-09-18T01:26:33.839Z] [0mGET /api/chat/rooms [32m200[0m 2.090 ms - 423[0m
[2025-09-18T01:26:33.844Z] 🔍 인증된 사용자 - ID: 912738, 이메일: tennis1@playmate.com, 닉네임: 테니스초보
[2025-09-18T01:26:33.844Z] ✅ 안전한 매칭 데이터 반환: 한남테니스장 (ID: 1758094285772)
[2025-09-18T01:26:33.844Z] [0mGET /api/matchings/1758094285772 [32m200[0m 0.977 ms - 809[0m
[2025-09-18T01:26:43.834Z] 🔍 인증된 사용자 - ID: 912738, 이메일: tennis1@playmate.com, 닉네임: 테니스초보
[2025-09-18T01:26:43.834Z] 사용자 912738의 채팅방 목록 조회 요청
사용자 912738의 채팅방 수: 1개
[2025-09-18T01:26:43.834Z] [0mGET /api/chat/rooms [32m200[0m 0.667 ms - 423[0m
[2025-09-18T01:26:43.838Z] 🔍 인증된 사용자 - ID: 912738, 이메일: tennis1@playmate.com, 닉네임: 테니스초보
[2025-09-18T01:26:43.838Z] ✅ 안전한 매칭 데이터 반환: 한남테니스장 (ID: 1758094285772)
[2025-09-18T01:26:43.839Z] [0mGET /api/matchings/1758094285772 [32m200[0m 0.609 ms - 809[0m
[2025-09-18T01:26:53.833Z] 🔍 인증된 사용자 - ID: 912738, 이메일: tennis1@playmate.com, 닉네임: 테니스초보
[2025-09-18T01:26:53.833Z] 사용자 912738의 채팅방 목록 조회 요청
사용자 912738의 채팅방 수: 1개
[2025-09-18T01:26:53.834Z] [0mGET /api/chat/rooms [32m200[0m 1.243 ms - 423[0m
[2025-09-18T01:26:53.838Z] 🔍 인증된 사용자 - ID: 912738, 이메일: tennis1@playmate.com, 닉네임: 테니스초보
[2025-09-18T01:26:53.838Z] ✅ 안전한 매칭 데이터 반환: 한남테니스장 (ID: 1758094285772)
[2025-09-18T01:26:53.838Z] [0mGET /api/matchings/1758094285772 [32m200[0m 0.742 ms - 809[0m
[2025-09-18T01:27:03.833Z] 🔍 인증된 사용자 - ID: 912738, 이메일: tennis1@playmate.com, 닉네임: 테니스초보
사용자 912738의 채팅방 목록 조회 요청
[2025-09-18T01:27:03.833Z] 사용자 912738의 채팅방 수: 1개
[2025-09-18T01:27:03.834Z] [0mGET /api/chat/rooms [32m200[0m 0.503 ms - 423[0m
[2025-09-18T01:27:03.837Z] 🔍 인증된 사용자 - ID: 912738, 이메일: tennis1@playmate.com, 닉네임: 테니스초보
[2025-09-18T01:27:03.838Z] ✅ 안전한 매칭 데이터 반환: 한남테니스장 (ID: 1758094285772)
[2025-09-18T01:27:03.838Z] [0mGET /api/matchings/1758094285772 [32m200[0m 0.560 ms - 809[0m
[2025-09-18T01:27:13.833Z] 🔍 인증된 사용자 - ID: 912738, 이메일: tennis1@playmate.com, 닉네임: 테니스초보
[2025-09-18T01:27:13.834Z] 사용자 912738의 채팅방 목록 조회 요청
사용자 912738의 채팅방 수: 1개
[2025-09-18T01:27:13.834Z] [0mGET /api/chat/rooms [32m200[0m 0.998 ms - 423[0m
[2025-09-18T01:27:13.838Z] 🔍 인증된 사용자 - ID: 912738, 이메일: tennis1@playmate.com, 닉네임: 테니스초보
✅ 안전한 매칭 데이터 반환: 한남테니스장 (ID: 1758094285772)
[2025-09-18T01:27:13.838Z] [0mGET /api/matchings/1758094285772 [32m200[0m 0.555 ms - 809[0m
[2025-09-18T01:27:23.836Z] 🔍 인증된 사용자 - ID: 912738, 이메일: tennis1@playmate.com, 닉네임: 테니스초보
[2025-09-18T01:27:23.836Z] 사용자 912738의 채팅방 목록 조회 요청
사용자 912738의 채팅방 수: 1개
[0mGET /api/chat/rooms [32m200[0m 0.703 ms - 423[0m
[2025-09-18T01:27:23.840Z] 🔍 인증된 사용자 - ID: 912738, 이메일: tennis1@playmate.com, 닉네임: 테니스초보
[2025-09-18T01:27:23.840Z] ✅ 안전한 매칭 데이터 반환: 한남테니스장 (ID: 1758094285772)
[2025-09-18T01:27:23.840Z] [0mGET /api/matchings/1758094285772 [32m200[0m 0.535 ms - 809[0m
[2025-09-18T01:27:33.833Z] 🔍 인증된 사용자 - ID: 912738, 이메일: tennis1@playmate.com, 닉네임: 테니스초보
사용자 912738의 채팅방 목록 조회 요청
[2025-09-18T01:27:33.833Z] 사용자 912738의 채팅방 수: 1개
[0mGET /api/chat/rooms [32m200[0m 0.526 ms - 423[0m
[2025-09-18T01:27:33.837Z] 🔍 인증된 사용자 - ID: 912738, 이메일: tennis1@playmate.com, 닉네임: 테니스초보
[2025-09-18T01:27:33.837Z] ✅ 안전한 매칭 데이터 반환: 한남테니스장 (ID: 1758094285772)
[2025-09-18T01:27:33.837Z] [0mGET /api/matchings/1758094285772 [32m200[0m 0.501 ms - 809[0m
[2025-09-18T01:27:43.832Z] 🔍 인증된 사용자 - ID: 912738, 이메일: tennis1@playmate.com, 닉네임: 테니스초보
사용자 912738의 채팅방 목록 조회 요청
사용자 912738의 채팅방 수: 1개
[2025-09-18T01:27:43.833Z] [0mGET /api/chat/rooms [32m200[0m 0.459 ms - 423[0m
[2025-09-18T01:27:43.837Z] 🔍 인증된 사용자 - ID: 912738, 이메일: tennis1@playmate.com, 닉네임: 테니스초보
[2025-09-18T01:27:43.837Z] ✅ 안전한 매칭 데이터 반환: 한남테니스장 (ID: 1758094285772)
[0mGET /api/matchings/1758094285772 [32m200[0m 0.525 ms - 809[0m
[2025-09-18T01:27:49.781Z] 🔍 인증된 사용자 - ID: 912738, 이메일: tennis1@playmate.com, 닉네임: 테니스초보
[2025-09-18T01:27:49.781Z] [0mGET /api/auth/me [32m200[0m 0.563 ms - 97[0m
[2025-09-18T01:27:53.837Z] 🔍 인증된 사용자 - ID: 912738, 이메일: tennis1@playmate.com, 닉네임: 테니스초보
[2025-09-18T01:27:53.837Z] 사용자 912738의 채팅방 목록 조회 요청
사용자 912738의 채팅방 수: 1개
[0mGET /api/chat/rooms [32m200[0m 0.477 ms - 423[0m
[2025-09-18T01:27:53.841Z] 🔍 인증된 사용자 - ID: 912738, 이메일: tennis1@playmate.com, 닉네임: 테니스초보
[2025-09-18T01:27:53.841Z] ✅ 안전한 매칭 데이터 반환: 한남테니스장 (ID: 1758094285772)
[2025-09-18T01:27:53.841Z] [0mGET /api/matchings/1758094285772 [32m200[0m 0.539 ms - 809[0m
[2025-09-18T01:28:03.837Z] 🔍 인증된 사용자 - ID: 912738, 이메일: tennis1@playmate.com, 닉네임: 테니스초보
[2025-09-18T01:28:03.837Z] 사용자 912738의 채팅방 목록 조회 요청
사용자 912738의 채팅방 수: 1개
[0mGET /api/chat/rooms [32m200[0m 0.483 ms - 423[0m
[2025-09-18T01:28:03.840Z] 🔍 인증된 사용자 - ID: 912738, 이메일: tennis1@playmate.com, 닉네임: 테니스초보
[2025-09-18T01:28:03.840Z] ✅ 안전한 매칭 데이터 반환: 한남테니스장 (ID: 1758094285772)
[0mGET /api/matchings/1758094285772 [32m200[0m 0.465 ms - 809[0m
[2025-09-18T01:28:13.245Z] [0mGET /api/health [32m200[0m 0.237 ms - 136[0m
[2025-09-18T01:28:13.836Z] 🔍 인증된 사용자 - ID: 912738, 이메일: tennis1@playmate.com, 닉네임: 테니스초보
[2025-09-18T01:28:13.837Z] 사용자 912738의 채팅방 목록 조회 요청
사용자 912738의 채팅방 수: 1개
[2025-09-18T01:28:13.837Z] [0mGET /api/chat/rooms [32m200[0m 0.652 ms - 423[0m
[2025-09-18T01:28:13.839Z] 🔍 인증된 사용자 - ID: 912738, 이메일: tennis1@playmate.com, 닉네임: 테니스초보
[2025-09-18T01:28:13.840Z] ✅ 안전한 매칭 데이터 반환: 한남테니스장 (ID: 1758094285772)
[2025-09-18T01:28:13.840Z] [0mGET /api/matchings/1758094285772 [32m200[0m 0.491 ms - 809[0m
[2025-09-18T01:28:23.834Z] 🔍 인증된 사용자 - ID: 912738, 이메일: tennis1@playmate.com, 닉네임: 테니스초보
사용자 912738의 채팅방 목록 조회 요청
사용자 912738의 채팅방 수: 1개
[2025-09-18T01:28:23.835Z] [0mGET /api/chat/rooms [32m200[0m 2.184 ms - 423[0m
[2025-09-18T01:28:23.839Z] 🔍 인증된 사용자 - ID: 912738, 이메일: tennis1@playmate.com, 닉네임: 테니스초보
✅ 안전한 매칭 데이터 반환: 한남테니스장 (ID: 1758094285772)
[2025-09-18T01:28:23.839Z] [0mGET /api/matchings/1758094285772 [32m200[0m 0.994 ms - 809[0m
[2025-09-18T01:28:33.836Z] 🔍 인증된 사용자 - ID: 912738, 이메일: tennis1@playmate.com, 닉네임: 테니스초보
사용자 912738의 채팅방 목록 조회 요청
[2025-09-18T01:28:33.836Z] 사용자 912738의 채팅방 수: 1개
[0mGET /api/chat/rooms [32m200[0m 0.449 ms - 423[0m
[2025-09-18T01:28:33.840Z] 🔍 인증된 사용자 - ID: 912738, 이메일: tennis1@playmate.com, 닉네임: 테니스초보
[2025-09-18T01:28:33.841Z] ✅ 안전한 매칭 데이터 반환: 한남테니스장 (ID: 1758094285772)
[0mGET /api/matchings/1758094285772 [32m200[0m 0.496 ms - 809[0m
[2025-09-18T01:28:43.831Z] 🔍 인증된 사용자 - ID: 912738, 이메일: tennis1@playmate.com, 닉네임: 테니스초보
[2025-09-18T01:28:43.832Z] 사용자 912738의 채팅방 목록 조회 요청
사용자 912738의 채팅방 수: 1개
[0mGET /api/chat/rooms [32m200[0m 0.484 ms - 423[0m
[2025-09-18T01:28:43.837Z] 🔍 인증된 사용자 - ID: 912738, 이메일: tennis1@playmate.com, 닉네임: 테니스초보
[2025-09-18T01:28:43.838Z] ✅ 안전한 매칭 데이터 반환: 한남테니스장 (ID: 1758094285772)
[2025-09-18T01:28:43.838Z] [0mGET /api/matchings/1758094285772 [32m200[0m 1.034 ms - 809[0m
[2025-09-18T01:28:53.833Z] 🔍 인증된 사용자 - ID: 912738, 이메일: tennis1@playmate.com, 닉네임: 테니스초보
[2025-09-18T01:28:53.833Z] 사용자 912738의 채팅방 목록 조회 요청
사용자 912738의 채팅방 수: 1개
[0mGET /api/chat/rooms [32m200[0m 1.102 ms - 423[0m
[2025-09-18T01:28:53.836Z] 🔍 인증된 사용자 - ID: 912738, 이메일: tennis1@playmate.com, 닉네임: 테니스초보
[2025-09-18T01:28:53.836Z] ✅ 안전한 매칭 데이터 반환: 한남테니스장 (ID: 1758094285772)
[0mGET /api/matchings/1758094285772 [32m200[0m 0.476 ms - 809[0m
[2025-09-18T01:29:03.832Z] 🔍 인증된 사용자 - ID: 912738, 이메일: tennis1@playmate.com, 닉네임: 테니스초보
[2025-09-18T01:29:03.832Z] 사용자 912738의 채팅방 목록 조회 요청
사용자 912738의 채팅방 수: 1개
[2025-09-18T01:29:03.832Z] [0mGET /api/chat/rooms [32m200[0m 1.170 ms - 423[0m
[2025-09-18T01:29:03.835Z] 🔍 인증된 사용자 - ID: 912738, 이메일: tennis1@playmate.com, 닉네임: 테니스초보
[2025-09-18T01:29:03.835Z] ✅ 안전한 매칭 데이터 반환: 한남테니스장 (ID: 1758094285772)
[2025-09-18T01:29:03.835Z] [0mGET /api/matchings/1758094285772 [32m200[0m 0.458 ms - 809[0m
[2025-09-18T01:29:13.833Z] 🔍 인증된 사용자 - ID: 912738, 이메일: tennis1@playmate.com, 닉네임: 테니스초보
[2025-09-18T01:29:13.833Z] 사용자 912738의 채팅방 목록 조회 요청
사용자 912738의 채팅방 수: 1개
[0mGET /api/chat/rooms [32m200[0m 2.101 ms - 423[0m
[2025-09-18T01:29:13.837Z] 🔍 인증된 사용자 - ID: 912738, 이메일: tennis1@playmate.com, 닉네임: 테니스초보
[2025-09-18T01:29:13.838Z] ✅ 안전한 매칭 데이터 반환: 한남테니스장 (ID: 1758094285772)
[2025-09-18T01:29:13.838Z] [0mGET /api/matchings/1758094285772 [32m200[0m 1.139 ms - 809[0m
[2025-09-18T01:29:23.833Z] 🔍 인증된 사용자 - ID: 912738, 이메일: tennis1@playmate.com, 닉네임: 테니스초보
[2025-09-18T01:29:23.833Z] 사용자 912738의 채팅방 목록 조회 요청
사용자 912738의 채팅방 수: 1개
[0mGET /api/chat/rooms [32m200[0m 1.842 ms - 423[0m
[2025-09-18T01:29:23.837Z] 🔍 인증된 사용자 - ID: 912738, 이메일: tennis1@playmate.com, 닉네임: 테니스초보
[2025-09-18T01:29:23.837Z] ✅ 안전한 매칭 데이터 반환: 한남테니스장 (ID: 1758094285772)
[2025-09-18T01:29:23.837Z] [0mGET /api/matchings/1758094285772 [32m200[0m 1.175 ms - 809[0m
[2025-09-18T01:29:27.193Z] 🔍 인증된 사용자 - ID: 912738, 이메일: tennis1@playmate.com, 닉네임: 테니스초보
[2025-09-18T01:29:27.193Z] [0mGET /api/auth/me [32m200[0m 2.122 ms - 97[0m
[2025-09-18T01:29:27.415Z] 🔍 인증된 사용자 - ID: 912738, 이메일: tennis1@playmate.com, 닉네임: 테니스초보
[2025-09-18T01:29:27.416Z] 📊 총 8개 안전한 매칭 데이터 반환
[2025-09-18T01:29:27.416Z] [0mGET /api/matchings?show_only_recruiting=false&show_only_following=false [32m200[0m 2.743 ms - 6398[0m
[2025-09-18T01:29:29.915Z] 🔍 인증된 사용자 - ID: 912738, 이메일: tennis1@playmate.com, 닉네임: 테니스초보
[2025-09-18T01:29:29.916Z] 사용자 912738의 채팅방 목록 조회 요청
사용자 912738의 채팅방 수: 1개
[0mGET /api/chat/rooms [32m200[0m 1.882 ms - 423[0m
[2025-09-18T01:29:29.922Z] 🔍 인증된 사용자 - ID: 912738, 이메일: tennis1@playmate.com, 닉네임: 테니스초보
[2025-09-18T01:29:29.922Z] ✅ 안전한 매칭 데이터 반환: 한남테니스장 (ID: 1758094285772)
[2025-09-18T01:29:29.922Z] [0mGET /api/matchings/1758094285772 [32m200[0m 1.256 ms - 809[0m
[2025-09-18T01:29:31.102Z] 🔍 인증된 사용자 - ID: 912738, 이메일: tennis1@playmate.com, 닉네임: 테니스초보
[2025-09-18T01:29:31.103Z] ✅ 안전한 매칭 데이터 반환: 한남테니스장 (ID: 1758094285772)
[0mGET /api/matchings/1758094285772 [32m200[0m 2.051 ms - 809[0m
[2025-09-18T01:29:31.187Z] 🔌 User connected: POjNfKD8KC-Hk4oLAAAB
[2025-09-18T01:29:39.899Z] 🔍 인증된 사용자 - ID: 912738, 이메일: tennis1@playmate.com, 닉네임: 테니스초보
[2025-09-18T01:29:39.900Z] 사용자 912738의 채팅방 목록 조회 요청
사용자 912738의 채팅방 수: 1개
[0mGET /api/chat/rooms [32m200[0m 1.176 ms - 423[0m
[2025-09-18T01:29:39.905Z] 🔍 인증된 사용자 - ID: 912738, 이메일: tennis1@playmate.com, 닉네임: 테니스초보
✅ 안전한 매칭 데이터 반환: 한남테니스장 (ID: 1758094285772)
[2025-09-18T01:29:39.906Z] [0mGET /api/matchings/1758094285772 [32m200[0m 2.163 ms - 809[0m
[2025-09-18T01:29:49.899Z] 🔍 인증된 사용자 - ID: 912738, 이메일: tennis1@playmate.com, 닉네임: 테니스초보
[2025-09-18T01:29:49.899Z] 사용자 912738의 채팅방 목록 조회 요청
사용자 912738의 채팅방 수: 1개
[0mGET /api/chat/rooms [32m200[0m 0.992 ms - 423[0m
[2025-09-18T01:29:49.903Z] 🔍 인증된 사용자 - ID: 912738, 이메일: tennis1@playmate.com, 닉네임: 테니스초보
[2025-09-18T01:29:49.903Z] ✅ 안전한 매칭 데이터 반환: 한남테니스장 (ID: 1758094285772)
[0mGET /api/matchings/1758094285772 [32m200[0m 0.477 ms - 809[0m
[2025-09-18T01:29:59.898Z] 🔍 인증된 사용자 - ID: 912738, 이메일: tennis1@playmate.com, 닉네임: 테니스초보
사용자 912738의 채팅방 목록 조회 요청
[2025-09-18T01:29:59.898Z] 사용자 912738의 채팅방 수: 1개
[0mGET /api/chat/rooms [32m200[0m 1.062 ms - 423[0m
[2025-09-18T01:29:59.903Z] 🔍 인증된 사용자 - ID: 912738, 이메일: tennis1@playmate.com, 닉네임: 테니스초보
[2025-09-18T01:29:59.903Z] ✅ 안전한 매칭 데이터 반환: 한남테니스장 (ID: 1758094285772)
[0mGET /api/matchings/1758094285772 [32m200[0m 0.499 ms - 809[0m
[2025-09-18T01:30:09.894Z] 🔍 인증된 사용자 - ID: 912738, 이메일: tennis1@playmate.com, 닉네임: 테니스초보
[2025-09-18T01:30:09.895Z] 사용자 912738의 채팅방 목록 조회 요청
사용자 912738의 채팅방 수: 1개
[0mGET /api/chat/rooms [32m200[0m 0.502 ms - 423[0m
[2025-09-18T01:30:09.898Z] 🔍 인증된 사용자 - ID: 912738, 이메일: tennis1@playmate.com, 닉네임: 테니스초보
[2025-09-18T01:30:09.898Z] ✅ 안전한 매칭 데이터 반환: 한남테니스장 (ID: 1758094285772)
[0mGET /api/matchings/1758094285772 [32m200[0m 0.536 ms - 809[0m
[2025-09-18T01:30:19.895Z] 🔍 인증된 사용자 - ID: 912738, 이메일: tennis1@playmate.com, 닉네임: 테니스초보
[2025-09-18T01:30:19.896Z] 사용자 912738의 채팅방 목록 조회 요청
사용자 912738의 채팅방 수: 1개
[2025-09-18T01:30:19.896Z] [0mGET /api/chat/rooms [32m200[0m 1.072 ms - 423[0m
[2025-09-18T01:30:19.899Z] 🔍 인증된 사용자 - ID: 912738, 이메일: tennis1@playmate.com, 닉네임: 테니스초보
[2025-09-18T01:30:19.900Z] ✅ 안전한 매칭 데이터 반환: 한남테니스장 (ID: 1758094285772)
[0mGET /api/matchings/1758094285772 [32m200[0m 0.969 ms - 809[0m
[2025-09-18T01:30:29.897Z] 🔍 인증된 사용자 - ID: 912738, 이메일: tennis1@playmate.com, 닉네임: 테니스초보
[2025-09-18T01:30:29.898Z] 사용자 912738의 채팅방 목록 조회 요청
사용자 912738의 채팅방 수: 1개
[2025-09-18T01:30:29.898Z] [0mGET /api/chat/rooms [32m200[0m 2.342 ms - 423[0m
[2025-09-18T01:30:29.902Z] 🔍 인증된 사용자 - ID: 912738, 이메일: tennis1@playmate.com, 닉네임: 테니스초보
[2025-09-18T01:30:29.902Z] ✅ 안전한 매칭 데이터 반환: 한남테니스장 (ID: 1758094285772)
[2025-09-18T01:30:29.902Z] [0mGET /api/matchings/1758094285772 [32m200[0m 1.129 ms - 809[0m
[2025-09-18T01:30:39.895Z] 🔍 인증된 사용자 - ID: 912738, 이메일: tennis1@playmate.com, 닉네임: 테니스초보
[2025-09-18T01:30:39.896Z] 사용자 912738의 채팅방 목록 조회 요청
사용자 912738의 채팅방 수: 1개
[2025-09-18T01:30:39.896Z] [0mGET /api/chat/rooms [32m200[0m 1.563 ms - 423[0m
[2025-09-18T01:30:39.899Z] 🔍 인증된 사용자 - ID: 912738, 이메일: tennis1@playmate.com, 닉네임: 테니스초보
[2025-09-18T01:30:39.900Z] ✅ 안전한 매칭 데이터 반환: 한남테니스장 (ID: 1758094285772)
[2025-09-18T01:30:39.900Z] [0mGET /api/matchings/1758094285772 [32m200[0m 0.912 ms - 809[0m
[2025-09-18T01:30:49.895Z] 🔍 인증된 사용자 - ID: 912738, 이메일: tennis1@playmate.com, 닉네임: 테니스초보
[2025-09-18T01:30:49.895Z] 사용자 912738의 채팅방 목록 조회 요청
사용자 912738의 채팅방 수: 1개
[0mGET /api/chat/rooms [32m200[0m 1.426 ms - 423[0m
[2025-09-18T01:30:49.900Z] 🔍 인증된 사용자 - ID: 912738, 이메일: tennis1@playmate.com, 닉네임: 테니스초보
[2025-09-18T01:30:49.900Z] ✅ 안전한 매칭 데이터 반환: 한남테니스장 (ID: 1758094285772)
[2025-09-18T01:30:49.900Z] [0mGET /api/matchings/1758094285772 [32m200[0m 1.387 ms - 809[0m
[2025-09-18T01:30:59.894Z] 🔍 인증된 사용자 - ID: 912738, 이메일: tennis1@playmate.com, 닉네임: 테니스초보
사용자 912738의 채팅방 목록 조회 요청
사용자 912738의 채팅방 수: 1개
[2025-09-18T01:30:59.894Z] [0mGET /api/chat/rooms [32m200[0m 0.451 ms - 423[0m
[2025-09-18T01:30:59.898Z] 🔍 인증된 사용자 - ID: 912738, 이메일: tennis1@playmate.com, 닉네임: 테니스초보
[2025-09-18T01:30:59.898Z] ✅ 안전한 매칭 데이터 반환: 한남테니스장 (ID: 1758094285772)
[2025-09-18T01:30:59.898Z] [0mGET /api/matchings/1758094285772 [32m200[0m 0.887 ms - 809[0m
[2025-09-18T01:31:09.897Z] 🔍 인증된 사용자 - ID: 912738, 이메일: tennis1@playmate.com, 닉네임: 테니스초보
[2025-09-18T01:31:09.897Z] 사용자 912738의 채팅방 목록 조회 요청
사용자 912738의 채팅방 수: 1개
[0mGET /api/chat/rooms [32m200[0m 1.735 ms - 423[0m
[2025-09-18T01:31:09.901Z] 🔍 인증된 사용자 - ID: 912738, 이메일: tennis1@playmate.com, 닉네임: 테니스초보
[2025-09-18T01:31:09.901Z] ✅ 안전한 매칭 데이터 반환: 한남테니스장 (ID: 1758094285772)
[2025-09-18T01:31:09.901Z] [0mGET /api/matchings/1758094285772 [32m200[0m 0.975 ms - 809[0m
[2025-09-18T01:31:19.896Z] 🔍 인증된 사용자 - ID: 912738, 이메일: tennis1@playmate.com, 닉네임: 테니스초보
[2025-09-18T01:31:19.896Z] 사용자 912738의 채팅방 목록 조회 요청
사용자 912738의 채팅방 수: 1개
[2025-09-18T01:31:19.897Z] [0mGET /api/chat/rooms [32m200[0m 1.966 ms - 423[0m
[2025-09-18T01:31:19.899Z] 🔍 인증된 사용자 - ID: 912738, 이메일: tennis1@playmate.com, 닉네임: 테니스초보
[2025-09-18T01:31:19.899Z] ✅ 안전한 매칭 데이터 반환: 한남테니스장 (ID: 1758094285772)
[0mGET /api/matchings/1758094285772 [32m200[0m 0.495 ms - 809[0m
[2025-09-18T01:31:26.109Z] 🔌 User disconnected: POjNfKD8KC-Hk4oLAAAB
[2025-09-18T01:31:26.669Z] 🔍 인증된 사용자 - ID: 912738, 이메일: tennis1@playmate.com, 닉네임: 테니스초보
[2025-09-18T01:31:26.670Z] [0mGET /api/auth/me [32m200[0m 1.979 ms - 97[0m
[2025-09-18T01:31:26.862Z] 🔍 인증된 사용자 - ID: 912738, 이메일: tennis1@playmate.com, 닉네임: 테니스초보
📊 총 8개 안전한 매칭 데이터 반환
[2025-09-18T01:31:26.862Z] [0mGET /api/matchings?show_only_recruiting=false&show_only_following=false [32m200[0m 2.809 ms - 6398[0m
[2025-09-18T01:31:28.971Z] 🔍 인증된 사용자 - ID: 912738, 이메일: tennis1@playmate.com, 닉네임: 테니스초보
[2025-09-18T01:31:28.971Z] 사용자 912738의 채팅방 목록 조회 요청
사용자 912738의 채팅방 수: 1개
[0mGET /api/chat/rooms [32m200[0m 1.056 ms - 423[0m
[2025-09-18T01:31:28.982Z] 🔍 인증된 사용자 - ID: 912738, 이메일: tennis1@playmate.com, 닉네임: 테니스초보
[2025-09-18T01:31:28.982Z] ✅ 안전한 매칭 데이터 반환: 한남테니스장 (ID: 1758094285772)
[2025-09-18T01:31:28.982Z] [0mGET /api/matchings/1758094285772 [32m200[0m 1.063 ms - 809[0m
[2025-09-18T01:31:29.832Z] 🔍 인증된 사용자 - ID: 912738, 이메일: tennis1@playmate.com, 닉네임: 테니스초보
[2025-09-18T01:31:29.833Z] ✅ 안전한 매칭 데이터 반환: 한남테니스장 (ID: 1758094285772)
[0mGET /api/matchings/1758094285772 [32m200[0m 0.996 ms - 809[0m
[2025-09-18T01:31:29.896Z] 🔌 User connected: vZl8P4JvUaGUHNNcAAAD
[2025-09-18T01:31:38.955Z] 🔍 인증된 사용자 - ID: 912738, 이메일: tennis1@playmate.com, 닉네임: 테니스초보
[2025-09-18T01:31:38.955Z] 사용자 912738의 채팅방 목록 조회 요청
사용자 912738의 채팅방 수: 1개
[0mGET /api/chat/rooms [32m200[0m 1.867 ms - 423[0m
[2025-09-18T01:31:38.963Z] 🔍 인증된 사용자 - ID: 912738, 이메일: tennis1@playmate.com, 닉네임: 테니스초보
[2025-09-18T01:31:38.964Z] ✅ 안전한 매칭 데이터 반환: 한남테니스장 (ID: 1758094285772)
[2025-09-18T01:31:38.964Z] [0mGET /api/matchings/1758094285772 [32m200[0m 1.352 ms - 809[0m
[2025-09-18T01:31:46.494Z] 🔍 인증된 사용자 - ID: 912738, 이메일: tennis1@playmate.com, 닉네임: 테니스초보
[2025-09-18T01:31:46.496Z] [0mGET /api/matchings/my [33m404[0m 2.339 ms - 1066[0m
[2025-09-18T01:31:50.752Z] 🔍 인증된 사용자 - ID: 912738, 이메일: tennis1@playmate.com, 닉네임: 테니스초보
[2025-09-18T01:31:50.753Z] 사용자 912738의 채팅방 목록 조회 요청
사용자 912738의 채팅방 수: 1개
[2025-09-18T01:31:50.753Z] [0mGET /api/chat/rooms [32m200[0m 1.688 ms - 423[0m
[2025-09-18T01:31:50.761Z] 🔍 인증된 사용자 - ID: 912738, 이메일: tennis1@playmate.com, 닉네임: 테니스초보
[2025-09-18T01:31:50.762Z] ✅ 안전한 매칭 데이터 반환: 한남테니스장 (ID: 1758094285772)
[0mGET /api/matchings/1758094285772 [32m200[0m 1.266 ms - 809[0m
[2025-09-18T01:31:54.189Z] 🔍 인증된 사용자 - ID: 912738, 이메일: tennis1@playmate.com, 닉네임: 테니스초보
[2025-09-18T01:31:54.189Z] ✅ 안전한 매칭 데이터 반환: 한남테니스장 (ID: 1758094285772)
[2025-09-18T01:31:54.191Z] [0mGET /api/matchings/1758094285772 [32m200[0m 5.521 ms - 809[0m
[2025-09-18T01:31:54.246Z] 🔌 User connected: sAlPUe2G4s6AZeiVAAAF
[2025-09-18T01:31:58.663Z] 🔍 인증된 사용자 - ID: 912738, 이메일: tennis1@playmate.com, 닉네임: 테니스초보
[2025-09-18T01:31:58.663Z] 📊 총 8개 안전한 매칭 데이터 반환
[2025-09-18T01:31:58.663Z] [0mGET /api/matchings?show_only_recruiting=false&show_only_following=false [32m200[0m 1.842 ms - 6398[0m
[2025-09-18T01:32:18.659Z] 🔌 User disconnected: sAlPUe2G4s6AZeiVAAAF
[2025-09-18T01:32:18.716Z] 🔌 User connected: AwmW7aZ-zDGuIjQBAAAH
[2025-09-18T01:32:29.052Z] 📧 채팅 참여자: 발신자=912738, 대상자=974640
[2025-09-18T01:32:29.052Z] 메시지 전송 완료: 테니스초보 -> 방 1758095574165
[2025-09-18T01:32:58.453Z] 🔍 인증된 사용자 - ID: 912738, 이메일: tennis1@playmate.com, 닉네임: 테니스초보
[2025-09-18T01:32:58.453Z] 게시글 목록 조회 요청 (페이지: 1, 제한: 20)
필터링된 게시글 수: 0개
[2025-09-18T01:32:58.454Z] [0mGET /api/community/posts?page=1&limit=20 [32m200[0m 2.880 ms - 125[0m
[2025-09-18T01:32:58.456Z] 🔍 인증된 사용자 - ID: 912738, 이메일: tennis1@playmate.com, 닉네임: 테니스초보
[2025-09-18T01:32:58.456Z] 🔍 getMyPosts 호출됨 - userId: 912738 userEmail: tennis1@playmate.com
🔍 내 게시글 조회 - 사용자 ID: 912738, 이메일: tennis1@playmate.com, 닉네임: 테니스초보
🔍 전체 게시글 수: 0
🔍 전체 게시글 authorId들: []
🔍 필터링된 내 게시글 수: 0
[2025-09-18T01:32:58.456Z] [0mGET /api/community/posts/my-posts [32m200[0m 1.588 ms - 36[0m
[2025-09-18T01:32:59.751Z] 🔍 인증된 사용자 - ID: 912738, 이메일: tennis1@playmate.com, 닉네임: 테니스초보
[2025-09-18T01:32:59.752Z] 사용자 912738의 채팅방 목록 조회 요청
사용자 912738의 채팅방 수: 1개
[2025-09-18T01:32:59.752Z] [0mGET /api/chat/rooms [32m200[0m 1.887 ms - 423[0m
[2025-09-18T01:32:59.761Z] 🔍 인증된 사용자 - ID: 912738, 이메일: tennis1@playmate.com, 닉네임: 테니스초보
[2025-09-18T01:32:59.762Z] ✅ 안전한 매칭 데이터 반환: 한남테니스장 (ID: 1758094285772)
[2025-09-18T01:32:59.762Z] [0mGET /api/matchings/1758094285772 [32m200[0m 1.338 ms - 809[0m
[2025-09-18T01:33:09.742Z] 🔍 인증된 사용자 - ID: 912738, 이메일: tennis1@playmate.com, 닉네임: 테니스초보
사용자 912738의 채팅방 목록 조회 요청
[2025-09-18T01:33:09.742Z] 사용자 912738의 채팅방 수: 1개
[0mGET /api/chat/rooms [32m200[0m 0.481 ms - 423[0m
[2025-09-18T01:33:09.746Z] 🔍 인증된 사용자 - ID: 912738, 이메일: tennis1@playmate.com, 닉네임: 테니스초보
[2025-09-18T01:33:09.746Z] ✅ 안전한 매칭 데이터 반환: 한남테니스장 (ID: 1758094285772)
[0mGET /api/matchings/1758094285772 [32m200[0m 0.538 ms - 809[0m
[2025-09-18T01:33:19.742Z] 🔍 인증된 사용자 - ID: 912738, 이메일: tennis1@playmate.com, 닉네임: 테니스초보
[2025-09-18T01:33:19.743Z] 사용자 912738의 채팅방 목록 조회 요청
사용자 912738의 채팅방 수: 1개
[2025-09-18T01:33:19.743Z] [0mGET /api/chat/rooms [32m200[0m 1.095 ms - 423[0m
[2025-09-18T01:33:19.747Z] 🔍 인증된 사용자 - ID: 912738, 이메일: tennis1@playmate.com, 닉네임: 테니스초보
[2025-09-18T01:33:19.748Z] ✅ 안전한 매칭 데이터 반환: 한남테니스장 (ID: 1758094285772)
[2025-09-18T01:33:19.748Z] [0mGET /api/matchings/1758094285772 [32m200[0m 1.093 ms - 809[0m
[2025-09-18T01:33:21.550Z] 🔍 인증된 사용자 - ID: 912738, 이메일: tennis1@playmate.com, 닉네임: 테니스초보
[2025-09-18T01:33:21.551Z] 📊 총 8개 안전한 매칭 데이터 반환
[2025-09-18T01:33:21.552Z] [0mGET /api/matchings?show_only_recruiting=false&show_only_following=false [32m200[0m 5.004 ms - 6398[0m
[2025-09-18T01:33:34.359Z] 🔌 User connected: 6uy9foFnaLqbmtzjAAAJ
[2025-09-18T01:34:21.526Z] 🔍 인증된 사용자 - ID: 912738, 이메일: tennis1@playmate.com, 닉네임: 테니스초보
[2025-09-18T01:34:21.526Z] 📊 총 8개 안전한 매칭 데이터 반환
[0mGET /api/matchings?show_only_recruiting=false&show_only_following=false [32m200[0m 0.557 ms - 6398[0m
[2025-09-18T01:35:21.526Z] 🔍 인증된 사용자 - ID: 912738, 이메일: tennis1@playmate.com, 닉네임: 테니스초보
[2025-09-18T01:35:21.526Z] 📊 총 8개 안전한 매칭 데이터 반환
[2025-09-18T01:35:21.527Z] [0mGET /api/matchings?show_only_recruiting=false&show_only_following=false [32m200[0m 2.099 ms - 6398[0m
[2025-09-18T01:36:21.525Z] 🔍 인증된 사용자 - ID: 912738, 이메일: tennis1@playmate.com, 닉네임: 테니스초보
[2025-09-18T01:36:21.525Z] 📊 총 8개 안전한 매칭 데이터 반환
[2025-09-18T01:36:21.526Z] [0mGET /api/matchings?show_only_recruiting=false&show_only_following=false [32m200[0m 2.284 ms - 6398[0m
[2025-09-18T01:36:26.704Z] 🔍 인증된 사용자 - ID: 912738, 이메일: tennis1@playmate.com, 닉네임: 테니스초보
[2025-09-18T01:36:26.704Z] [0mGET /api/auth/me [32m200[0m 1.803 ms - 97[0m
[2025-09-18T01:37:21.526Z] 🔍 인증된 사용자 - ID: 912738, 이메일: tennis1@playmate.com, 닉네임: 테니스초보
[2025-09-18T01:37:21.526Z] 📊 총 8개 안전한 매칭 데이터 반환
[0mGET /api/matchings?show_only_recruiting=false&show_only_following=false [32m200[0m 0.581 ms - 6398[0m
[2025-09-18T01:37:31.094Z] 🔌 User disconnected: 6uy9foFnaLqbmtzjAAAJ
[2025-09-18T01:37:31.094Z] 🔌 User disconnected: vZl8P4JvUaGUHNNcAAAD
[2025-09-18T01:37:31.096Z] 🔌 User disconnected: AwmW7aZ-zDGuIjQBAAAH
[2025-09-18T01:37:31.823Z] 🔍 인증된 사용자 - ID: 912738, 이메일: tennis1@playmate.com, 닉네임: 테니스초보
[2025-09-18T01:37:31.823Z] [0mGET /api/auth/me [32m200[0m 1.998 ms - 97[0m
[2025-09-18T01:37:32.028Z] 🔍 인증된 사용자 - ID: 912738, 이메일: tennis1@playmate.com, 닉네임: 테니스초보
[2025-09-18T01:37:32.029Z] 📊 총 8개 안전한 매칭 데이터 반환
[2025-09-18T01:37:32.030Z] [0mGET /api/matchings?show_only_recruiting=false&show_only_following=false [32m200[0m 1.810 ms - 6398[0m
[2025-09-18T01:37:34.679Z] 🔍 인증된 사용자 - ID: 912738, 이메일: tennis1@playmate.com, 닉네임: 테니스초보
[2025-09-18T01:37:34.679Z] 사용자 912738의 채팅방 목록 조회 요청
사용자 912738의 채팅방 수: 1개
[0mGET /api/chat/rooms [32m200[0m 1.815 ms - 423[0m
[2025-09-18T01:37:34.688Z] 🔍 인증된 사용자 - ID: 912738, 이메일: tennis1@playmate.com, 닉네임: 테니스초보
[2025-09-18T01:37:34.688Z] ✅ 안전한 매칭 데이터 반환: 한남테니스장 (ID: 1758094285772)
[2025-09-18T01:37:34.688Z] [0mGET /api/matchings/1758094285772 [32m200[0m 1.087 ms - 809[0m
[2025-09-18T01:37:36.343Z] 🔍 인증된 사용자 - ID: 912738, 이메일: tennis1@playmate.com, 닉네임: 테니스초보
[2025-09-18T01:37:36.344Z] 📊 총 8개 안전한 매칭 데이터 반환
[2025-09-18T01:37:36.344Z] [0mGET /api/matchings?show_only_recruiting=false&show_only_following=false [32m200[0m 2.002 ms - 6398[0m
[2025-09-18T01:37:42.434Z] 🔌 User connected: lX6Dj358ZO4dCQAyAAAL
[2025-09-18T01:37:49.243Z] 📧 채팅 참여자: 발신자=912738, 대상자=974640
[2025-09-18T01:37:49.244Z] 메시지 전송 완료: 테니스초보 -> 방 1758095574165
[2025-09-18T01:37:54.014Z] 🔍 인증된 사용자 - ID: 912738, 이메일: tennis1@playmate.com, 닉네임: 테니스초보
[2025-09-18T01:37:54.014Z] 사용자 912738의 채팅방 목록 조회 요청
사용자 912738의 채팅방 수: 1개
[0mGET /api/chat/rooms [32m200[0m 1.895 ms - 423[0m
[2025-09-18T01:37:54.024Z] 🔍 인증된 사용자 - ID: 912738, 이메일: tennis1@playmate.com, 닉네임: 테니스초보
[2025-09-18T01:37:54.024Z] ✅ 안전한 매칭 데이터 반환: 한남테니스장 (ID: 1758094285772)
[2025-09-18T01:37:54.024Z] [0mGET /api/matchings/1758094285772 [32m200[0m 1.279 ms - 809[0m
[2025-09-18T01:38:04.006Z] 🔍 인증된 사용자 - ID: 912738, 이메일: tennis1@playmate.com, 닉네임: 테니스초보
[2025-09-18T01:38:04.007Z] 사용자 912738의 채팅방 목록 조회 요청
사용자 912738의 채팅방 수: 1개
[0mGET /api/chat/rooms [32m200[0m 1.977 ms - 423[0m
[2025-09-18T01:38:04.010Z] 🔍 인증된 사용자 - ID: 912738, 이메일: tennis1@playmate.com, 닉네임: 테니스초보
[2025-09-18T01:38:04.010Z] ✅ 안전한 매칭 데이터 반환: 한남테니스장 (ID: 1758094285772)
[2025-09-18T01:38:04.011Z] [0mGET /api/matchings/1758094285772 [32m200[0m 0.849 ms - 809[0m
[2025-09-18T01:38:14.004Z] 🔍 인증된 사용자 - ID: 912738, 이메일: tennis1@playmate.com, 닉네임: 테니스초보
[2025-09-18T01:38:14.005Z] 사용자 912738의 채팅방 목록 조회 요청
사용자 912738의 채팅방 수: 1개
[0mGET /api/chat/rooms [32m200[0m 1.021 ms - 423[0m
[2025-09-18T01:38:14.009Z] 🔍 인증된 사용자 - ID: 912738, 이메일: tennis1@playmate.com, 닉네임: 테니스초보
[2025-09-18T01:38:14.009Z] ✅ 안전한 매칭 데이터 반환: 한남테니스장 (ID: 1758094285772)
[2025-09-18T01:38:14.009Z] [0mGET /api/matchings/1758094285772 [32m200[0m 0.464 ms - 809[0m
[2025-09-18T01:38:24.009Z] 🔍 인증된 사용자 - ID: 912738, 이메일: tennis1@playmate.com, 닉네임: 테니스초보
[2025-09-18T01:38:24.009Z] 사용자 912738의 채팅방 목록 조회 요청
사용자 912738의 채팅방 수: 1개
[2025-09-18T01:38:24.010Z] [0mGET /api/chat/rooms [32m200[0m 1.094 ms - 423[0m
[2025-09-18T01:38:24.013Z] 🔍 인증된 사용자 - ID: 912738, 이메일: tennis1@playmate.com, 닉네임: 테니스초보
[2025-09-18T01:38:24.013Z] ✅ 안전한 매칭 데이터 반환: 한남테니스장 (ID: 1758094285772)
[2025-09-18T01:38:24.013Z] [0mGET /api/matchings/1758094285772 [32m200[0m 0.768 ms - 809[0m
[2025-09-18T01:38:34.004Z] 🔍 인증된 사용자 - ID: 912738, 이메일: tennis1@playmate.com, 닉네임: 테니스초보
[2025-09-18T01:38:34.004Z] 사용자 912738의 채팅방 목록 조회 요청
사용자 912738의 채팅방 수: 1개
[0mGET /api/chat/rooms [32m200[0m 0.988 ms - 423[0m
[2025-09-18T01:38:34.008Z] 🔍 인증된 사용자 - ID: 912738, 이메일: tennis1@playmate.com, 닉네임: 테니스초보
[2025-09-18T01:38:34.008Z] ✅ 안전한 매칭 데이터 반환: 한남테니스장 (ID: 1758094285772)
[0mGET /api/matchings/1758094285772 [32m200[0m 0.430 ms - 809[0m
[2025-09-18T01:38:44.004Z] 🔍 인증된 사용자 - ID: 912738, 이메일: tennis1@playmate.com, 닉네임: 테니스초보
[2025-09-18T01:38:44.005Z] 사용자 912738의 채팅방 목록 조회 요청
사용자 912738의 채팅방 수: 1개
[0mGET /api/chat/rooms [32m200[0m 1.471 ms - 423[0m
[2025-09-18T01:38:44.008Z] 🔍 인증된 사용자 - ID: 912738, 이메일: tennis1@playmate.com, 닉네임: 테니스초보
[2025-09-18T01:38:44.009Z] ✅ 안전한 매칭 데이터 반환: 한남테니스장 (ID: 1758094285772)
[2025-09-18T01:38:44.009Z] [0mGET /api/matchings/1758094285772 [32m200[0m 0.891 ms - 809[0m
[2025-09-18T01:38:54.008Z] 🔍 인증된 사용자 - ID: 912738, 이메일: tennis1@playmate.com, 닉네임: 테니스초보
[2025-09-18T01:38:54.008Z] 사용자 912738의 채팅방 목록 조회 요청
사용자 912738의 채팅방 수: 1개
[0mGET /api/chat/rooms [32m200[0m 1.965 ms - 423[0m
[2025-09-18T01:38:54.013Z] 🔍 인증된 사용자 - ID: 912738, 이메일: tennis1@playmate.com, 닉네임: 테니스초보
[2025-09-18T01:38:54.013Z] ✅ 안전한 매칭 데이터 반환: 한남테니스장 (ID: 1758094285772)
[2025-09-18T01:38:54.013Z] [0mGET /api/matchings/1758094285772 [32m200[0m 0.951 ms - 809[0m
[2025-09-18T01:39:04.004Z] 🔍 인증된 사용자 - ID: 912738, 이메일: tennis1@playmate.com, 닉네임: 테니스초보
[2025-09-18T01:39:04.005Z] 사용자 912738의 채팅방 목록 조회 요청
사용자 912738의 채팅방 수: 1개
[2025-09-18T01:39:04.005Z] [0mGET /api/chat/rooms [32m200[0m 2.012 ms - 423[0m
[2025-09-18T01:39:04.009Z] 🔍 인증된 사용자 - ID: 912738, 이메일: tennis1@playmate.com, 닉네임: 테니스초보
[2025-09-18T01:39:04.009Z] ✅ 안전한 매칭 데이터 반환: 한남테니스장 (ID: 1758094285772)
[2025-09-18T01:39:04.010Z] [0mGET /api/matchings/1758094285772 [32m200[0m 1.125 ms - 809[0m
[2025-09-18T01:39:14.004Z] 🔍 인증된 사용자 - ID: 912738, 이메일: tennis1@playmate.com, 닉네임: 테니스초보
[2025-09-18T01:39:14.005Z] 사용자 912738의 채팅방 목록 조회 요청
사용자 912738의 채팅방 수: 1개
[2025-09-18T01:39:14.006Z] [0mGET /api/chat/rooms [32m200[0m 2.085 ms - 423[0m
[2025-09-18T01:39:14.009Z] 🔍 인증된 사용자 - ID: 912738, 이메일: tennis1@playmate.com, 닉네임: 테니스초보
[2025-09-18T01:39:14.009Z] ✅ 안전한 매칭 데이터 반환: 한남테니스장 (ID: 1758094285772)
[2025-09-18T01:39:14.009Z] [0mGET /api/matchings/1758094285772 [32m200[0m 1.118 ms - 809[0m
[2025-09-18T01:39:24.006Z] 🔍 인증된 사용자 - ID: 912738, 이메일: tennis1@playmate.com, 닉네임: 테니스초보
사용자 912738의 채팅방 목록 조회 요청
사용자 912738의 채팅방 수: 1개
[2025-09-18T01:39:24.006Z] [0mGET /api/chat/rooms [32m200[0m 2.757 ms - 423[0m
[2025-09-18T01:39:24.010Z] 🔍 인증된 사용자 - ID: 912738, 이메일: tennis1@playmate.com, 닉네임: 테니스초보
[2025-09-18T01:39:24.011Z] ✅ 안전한 매칭 데이터 반환: 한남테니스장 (ID: 1758094285772)
[2025-09-18T01:39:24.011Z] [0mGET /api/matchings/1758094285772 [32m200[0m 1.250 ms - 809[0m
[2025-09-18T01:39:34.005Z] 🔍 인증된 사용자 - ID: 912738, 이메일: tennis1@playmate.com, 닉네임: 테니스초보
[2025-09-18T01:39:34.006Z] 사용자 912738의 채팅방 목록 조회 요청
사용자 912738의 채팅방 수: 1개
[2025-09-18T01:39:34.006Z] [0mGET /api/chat/rooms [32m200[0m 2.393 ms - 423[0m
[2025-09-18T01:39:34.011Z] 🔍 인증된 사용자 - ID: 912738, 이메일: tennis1@playmate.com, 닉네임: 테니스초보
[2025-09-18T01:39:34.011Z] ✅ 안전한 매칭 데이터 반환: 한남테니스장 (ID: 1758094285772)
[2025-09-18T01:39:34.011Z] [0mGET /api/matchings/1758094285772 [32m200[0m 1.087 ms - 809[0m
[2025-09-18T01:39:44.005Z] 🔍 인증된 사용자 - ID: 912738, 이메일: tennis1@playmate.com, 닉네임: 테니스초보
[2025-09-18T01:39:44.006Z] 사용자 912738의 채팅방 목록 조회 요청
사용자 912738의 채팅방 수: 1개
[2025-09-18T01:39:44.007Z] [0mGET /api/chat/rooms [32m200[0m 2.329 ms - 423[0m
[2025-09-18T01:39:44.009Z] 🔍 인증된 사용자 - ID: 912738, 이메일: tennis1@playmate.com, 닉네임: 테니스초보
[2025-09-18T01:39:44.009Z] ✅ 안전한 매칭 데이터 반환: 한남테니스장 (ID: 1758094285772)
[2025-09-18T01:39:44.009Z] [0mGET /api/matchings/1758094285772 [32m200[0m 0.866 ms - 809[0m
[2025-09-18T01:39:54.008Z] 🔍 인증된 사용자 - ID: 912738, 이메일: tennis1@playmate.com, 닉네임: 테니스초보
[2025-09-18T01:39:54.009Z] 사용자 912738의 채팅방 목록 조회 요청
사용자 912738의 채팅방 수: 1개
[0mGET /api/chat/rooms [32m200[0m 1.862 ms - 423[0m
[2025-09-18T01:39:54.013Z] 🔍 인증된 사용자 - ID: 912738, 이메일: tennis1@playmate.com, 닉네임: 테니스초보
[2025-09-18T01:39:54.013Z] ✅ 안전한 매칭 데이터 반환: 한남테니스장 (ID: 1758094285772)
[2025-09-18T01:39:54.013Z] [0mGET /api/matchings/1758094285772 [32m200[0m 1.281 ms - 809[0m
[2025-09-18T01:40:04.003Z] 🔍 인증된 사용자 - ID: 912738, 이메일: tennis1@playmate.com, 닉네임: 테니스초보
[2025-09-18T01:40:04.004Z] 사용자 912738의 채팅방 목록 조회 요청
사용자 912738의 채팅방 수: 1개
[2025-09-18T01:40:04.004Z] [0mGET /api/chat/rooms [32m200[0m 2.016 ms - 423[0m
[2025-09-18T01:40:04.007Z] 🔍 인증된 사용자 - ID: 912738, 이메일: tennis1@playmate.com, 닉네임: 테니스초보
[2025-09-18T01:40:04.008Z] ✅ 안전한 매칭 데이터 반환: 한남테니스장 (ID: 1758094285772)
[2025-09-18T01:40:04.008Z] [0mGET /api/matchings/1758094285772 [32m200[0m 0.916 ms - 809[0m
[2025-09-18T01:40:14.004Z] 🔍 인증된 사용자 - ID: 912738, 이메일: tennis1@playmate.com, 닉네임: 테니스초보
사용자 912738의 채팅방 목록 조회 요청
[2025-09-18T01:40:14.005Z] 사용자 912738의 채팅방 수: 1개
[2025-09-18T01:40:14.005Z] [0mGET /api/chat/rooms [32m200[0m 2.225 ms - 423[0m
[2025-09-18T01:40:14.009Z] 🔍 인증된 사용자 - ID: 912738, 이메일: tennis1@playmate.com, 닉네임: 테니스초보
[2025-09-18T01:40:14.010Z] ✅ 안전한 매칭 데이터 반환: 한남테니스장 (ID: 1758094285772)
[2025-09-18T01:40:14.010Z] [0mGET /api/matchings/1758094285772 [32m200[0m 1.147 ms - 809[0m
[2025-09-18T01:40:24.002Z] 🔍 인증된 사용자 - ID: 912738, 이메일: tennis1@playmate.com, 닉네임: 테니스초보
[2025-09-18T01:40:24.002Z] 사용자 912738의 채팅방 목록 조회 요청
사용자 912738의 채팅방 수: 1개
[0mGET /api/chat/rooms [32m200[0m 0.474 ms - 423[0m
[2025-09-18T01:40:24.006Z] 🔍 인증된 사용자 - ID: 912738, 이메일: tennis1@playmate.com, 닉네임: 테니스초보
[2025-09-18T01:40:24.006Z] ✅ 안전한 매칭 데이터 반환: 한남테니스장 (ID: 1758094285772)
[2025-09-18T01:40:24.007Z] [0mGET /api/matchings/1758094285772 [32m200[0m 0.966 ms - 809[0m
[2025-09-18T01:40:34.003Z] 🔍 인증된 사용자 - ID: 912738, 이메일: tennis1@playmate.com, 닉네임: 테니스초보
[2025-09-18T01:40:34.004Z] 사용자 912738의 채팅방 목록 조회 요청
사용자 912738의 채팅방 수: 1개
[0mGET /api/chat/rooms [32m200[0m 2.088 ms - 423[0m
[2025-09-18T01:40:34.007Z] 🔍 인증된 사용자 - ID: 912738, 이메일: tennis1@playmate.com, 닉네임: 테니스초보
[2025-09-18T01:40:34.007Z] ✅ 안전한 매칭 데이터 반환: 한남테니스장 (ID: 1758094285772)
[2025-09-18T01:40:34.008Z] [0mGET /api/matchings/1758094285772 [32m200[0m 1.154 ms - 809[0m
[2025-09-18T01:40:44.003Z] 🔍 인증된 사용자 - ID: 912738, 이메일: tennis1@playmate.com, 닉네임: 테니스초보
[2025-09-18T01:40:44.004Z] 사용자 912738의 채팅방 목록 조회 요청
사용자 912738의 채팅방 수: 1개
[2025-09-18T01:40:44.005Z] [0mGET /api/chat/rooms [32m200[0m 2.172 ms - 423[0m
[2025-09-18T01:40:44.008Z] 🔍 인증된 사용자 - ID: 912738, 이메일: tennis1@playmate.com, 닉네임: 테니스초보
[2025-09-18T01:40:44.008Z] ✅ 안전한 매칭 데이터 반환: 한남테니스장 (ID: 1758094285772)
[2025-09-18T01:40:44.008Z] [0mGET /api/matchings/1758094285772 [32m200[0m 1.146 ms - 809[0m
[2025-09-18T01:40:54.002Z] 🔍 인증된 사용자 - ID: 912738, 이메일: tennis1@playmate.com, 닉네임: 테니스초보
[2025-09-18T01:40:54.003Z] 사용자 912738의 채팅방 목록 조회 요청
사용자 912738의 채팅방 수: 1개
[0mGET /api/chat/rooms [32m200[0m 1.865 ms - 423[0m
[2025-09-18T01:40:54.007Z] 🔍 인증된 사용자 - ID: 912738, 이메일: tennis1@playmate.com, 닉네임: 테니스초보
[2025-09-18T01:40:54.007Z] ✅ 안전한 매칭 데이터 반환: 한남테니스장 (ID: 1758094285772)
[2025-09-18T01:40:54.007Z] [0mGET /api/matchings/1758094285772 [32m200[0m 0.921 ms - 809[0m
[2025-09-18T01:41:04.002Z] 🔍 인증된 사용자 - ID: 912738, 이메일: tennis1@playmate.com, 닉네임: 테니스초보
[2025-09-18T01:41:04.003Z] 사용자 912738의 채팅방 목록 조회 요청
사용자 912738의 채팅방 수: 1개
[2025-09-18T01:41:04.004Z] [0mGET /api/chat/rooms [32m200[0m 3.022 ms - 423[0m
[2025-09-18T01:41:04.008Z] 🔍 인증된 사용자 - ID: 912738, 이메일: tennis1@playmate.com, 닉네임: 테니스초보
[2025-09-18T01:41:04.008Z] ✅ 안전한 매칭 데이터 반환: 한남테니스장 (ID: 1758094285772)
[2025-09-18T01:41:04.008Z] [0mGET /api/matchings/1758094285772 [32m200[0m 0.860 ms - 809[0m
[2025-09-18T01:41:14.006Z] 🔍 인증된 사용자 - ID: 912738, 이메일: tennis1@playmate.com, 닉네임: 테니스초보
[2025-09-18T01:41:14.007Z] 사용자 912738의 채팅방 목록 조회 요청
사용자 912738의 채팅방 수: 1개
[0mGET /api/chat/rooms [32m200[0m 2.015 ms - 423[0m
[2025-09-18T01:41:14.012Z] 🔍 인증된 사용자 - ID: 912738, 이메일: tennis1@playmate.com, 닉네임: 테니스초보
✅ 안전한 매칭 데이터 반환: 한남테니스장 (ID: 1758094285772)
[2025-09-18T01:41:14.012Z] [0mGET /api/matchings/1758094285772 [32m200[0m 1.744 ms - 809[0m
[2025-09-18T01:41:24.001Z] 🔍 인증된 사용자 - ID: 912738, 이메일: tennis1@playmate.com, 닉네임: 테니스초보
[2025-09-18T01:41:24.001Z] 사용자 912738의 채팅방 목록 조회 요청
사용자 912738의 채팅방 수: 1개
[2025-09-18T01:41:24.002Z] [0mGET /api/chat/rooms [32m200[0m 1.057 ms - 423[0m
[2025-09-18T01:41:24.005Z] 🔍 인증된 사용자 - ID: 912738, 이메일: tennis1@playmate.com, 닉네임: 테니스초보
[2025-09-18T01:41:24.006Z] ✅ 안전한 매칭 데이터 반환: 한남테니스장 (ID: 1758094285772)
[2025-09-18T01:41:24.006Z] [0mGET /api/matchings/1758094285772 [32m200[0m 0.955 ms - 809[0m
[2025-09-18T01:41:34.005Z] 🔍 인증된 사용자 - ID: 912738, 이메일: tennis1@playmate.com, 닉네임: 테니스초보
[2025-09-18T01:41:34.005Z] 사용자 912738의 채팅방 목록 조회 요청
사용자 912738의 채팅방 수: 1개
[2025-09-18T01:41:34.006Z] [0mGET /api/chat/rooms [32m200[0m 1.862 ms - 423[0m
[2025-09-18T01:41:34.009Z] 🔍 인증된 사용자 - ID: 912738, 이메일: tennis1@playmate.com, 닉네임: 테니스초보
[2025-09-18T01:41:34.009Z] ✅ 안전한 매칭 데이터 반환: 한남테니스장 (ID: 1758094285772)
[0mGET /api/matchings/1758094285772 [32m200[0m 0.985 ms - 809[0m
[2025-09-18T01:41:44.001Z] 🔍 인증된 사용자 - ID: 912738, 이메일: tennis1@playmate.com, 닉네임: 테니스초보
[2025-09-18T01:41:44.001Z] 사용자 912738의 채팅방 목록 조회 요청
사용자 912738의 채팅방 수: 1개
[0mGET /api/chat/rooms [32m200[0m 0.546 ms - 423[0m
[2025-09-18T01:41:44.006Z] 🔍 인증된 사용자 - ID: 912738, 이메일: tennis1@playmate.com, 닉네임: 테니스초보
[2025-09-18T01:41:44.006Z] ✅ 안전한 매칭 데이터 반환: 한남테니스장 (ID: 1758094285772)
[0mGET /api/matchings/1758094285772 [32m200[0m 0.475 ms - 809[0m
[2025-09-18T01:41:54.001Z] 🔍 인증된 사용자 - ID: 912738, 이메일: tennis1@playmate.com, 닉네임: 테니스초보
[2025-09-18T01:41:54.002Z] 사용자 912738의 채팅방 목록 조회 요청
사용자 912738의 채팅방 수: 1개
[0mGET /api/chat/rooms [32m200[0m 2.013 ms - 423[0m
[2025-09-18T01:41:54.005Z] 🔍 인증된 사용자 - ID: 912738, 이메일: tennis1@playmate.com, 닉네임: 테니스초보
[2025-09-18T01:41:54.006Z] ✅ 안전한 매칭 데이터 반환: 한남테니스장 (ID: 1758094285772)
[2025-09-18T01:41:54.006Z] [0mGET /api/matchings/1758094285772 [32m200[0m 0.804 ms - 809[0m
[2025-09-18T01:42:03.999Z] 🔍 인증된 사용자 - ID: 912738, 이메일: tennis1@playmate.com, 닉네임: 테니스초보
[2025-09-18T01:42:03.999Z] 사용자 912738의 채팅방 목록 조회 요청
사용자 912738의 채팅방 수: 1개
[0mGET /api/chat/rooms [32m200[0m 0.464 ms - 423[0m
[2025-09-18T01:42:04.004Z] 🔍 인증된 사용자 - ID: 912738, 이메일: tennis1@playmate.com, 닉네임: 테니스초보
[2025-09-18T01:42:04.004Z] ✅ 안전한 매칭 데이터 반환: 한남테니스장 (ID: 1758094285772)
[0mGET /api/matchings/1758094285772 [32m200[0m 0.504 ms - 809[0m
[2025-09-18T01:42:14.004Z] 🔍 인증된 사용자 - ID: 912738, 이메일: tennis1@playmate.com, 닉네임: 테니스초보
[2025-09-18T01:42:14.004Z] 사용자 912738의 채팅방 목록 조회 요청
사용자 912738의 채팅방 수: 1개
[0mGET /api/chat/rooms [32m200[0m 0.461 ms - 423[0m
[2025-09-18T01:42:14.007Z] 🔍 인증된 사용자 - ID: 912738, 이메일: tennis1@playmate.com, 닉네임: 테니스초보
[2025-09-18T01:42:14.007Z] ✅ 안전한 매칭 데이터 반환: 한남테니스장 (ID: 1758094285772)
[2025-09-18T01:42:14.007Z] [0mGET /api/matchings/1758094285772 [32m200[0m 0.427 ms - 809[0m
[2025-09-18T01:42:24.001Z] 🔍 인증된 사용자 - ID: 912738, 이메일: tennis1@playmate.com, 닉네임: 테니스초보
[2025-09-18T01:42:24.002Z] 사용자 912738의 채팅방 목록 조회 요청
사용자 912738의 채팅방 수: 1개
[2025-09-18T01:42:24.002Z] [0mGET /api/chat/rooms [32m200[0m 1.567 ms - 423[0m
[2025-09-18T01:42:24.005Z] 🔍 인증된 사용자 - ID: 912738, 이메일: tennis1@playmate.com, 닉네임: 테니스초보
[2025-09-18T01:42:24.005Z] ✅ 안전한 매칭 데이터 반환: 한남테니스장 (ID: 1758094285772)
[0mGET /api/matchings/1758094285772 [32m200[0m 0.486 ms - 809[0m
[2025-09-18T01:42:31.837Z] 🔍 인증된 사용자 - ID: 912738, 이메일: tennis1@playmate.com, 닉네임: 테니스초보
[2025-09-18T01:42:31.838Z] [0mGET /api/auth/me [32m200[0m 0.466 ms - 97[0m
[2025-09-18T01:42:34.000Z] 🔍 인증된 사용자 - ID: 912738, 이메일: tennis1@playmate.com, 닉네임: 테니스초보
[2025-09-18T01:42:34.000Z] 사용자 912738의 채팅방 목록 조회 요청
사용자 912738의 채팅방 수: 1개
[0mGET /api/chat/rooms [32m200[0m 0.480 ms - 423[0m
[2025-09-18T01:42:34.003Z] 🔍 인증된 사용자 - ID: 912738, 이메일: tennis1@playmate.com, 닉네임: 테니스초보
[2025-09-18T01:42:34.003Z] ✅ 안전한 매칭 데이터 반환: 한남테니스장 (ID: 1758094285772)
[0mGET /api/matchings/1758094285772 [32m200[0m 0.448 ms - 809[0m
[2025-09-18T01:42:44.000Z] 🔍 인증된 사용자 - ID: 912738, 이메일: tennis1@playmate.com, 닉네임: 테니스초보
[2025-09-18T01:42:44.001Z] 사용자 912738의 채팅방 목록 조회 요청
사용자 912738의 채팅방 수: 1개
[0mGET /api/chat/rooms [32m200[0m 0.971 ms - 423[0m
[2025-09-18T01:42:44.005Z] 🔍 인증된 사용자 - ID: 912738, 이메일: tennis1@playmate.com, 닉네임: 테니스초보
[2025-09-18T01:42:44.005Z] ✅ 안전한 매칭 데이터 반환: 한남테니스장 (ID: 1758094285772)
[0mGET /api/matchings/1758094285772 [32m200[0m 0.517 ms - 809[0m
[2025-09-18T01:42:54.001Z] 🔍 인증된 사용자 - ID: 912738, 이메일: tennis1@playmate.com, 닉네임: 테니스초보
[2025-09-18T01:42:54.001Z] 사용자 912738의 채팅방 목록 조회 요청
사용자 912738의 채팅방 수: 1개
[0mGET /api/chat/rooms [32m200[0m 2.059 ms - 423[0m
[2025-09-18T01:42:54.006Z] 🔍 인증된 사용자 - ID: 912738, 이메일: tennis1@playmate.com, 닉네임: 테니스초보
[2025-09-18T01:42:54.006Z] ✅ 안전한 매칭 데이터 반환: 한남테니스장 (ID: 1758094285772)
[2025-09-18T01:42:54.006Z] [0mGET /api/matchings/1758094285772 [32m200[0m 1.217 ms - 809[0m
[2025-09-18T01:43:04.006Z] 🔍 인증된 사용자 - ID: 912738, 이메일: tennis1@playmate.com, 닉네임: 테니스초보
[2025-09-18T01:43:04.006Z] 사용자 912738의 채팅방 목록 조회 요청
사용자 912738의 채팅방 수: 1개
[2025-09-18T01:43:04.007Z] [0mGET /api/chat/rooms [32m200[0m 1.589 ms - 423[0m
[2025-09-18T01:43:04.011Z] 🔍 인증된 사용자 - ID: 912738, 이메일: tennis1@playmate.com, 닉네임: 테니스초보
[2025-09-18T01:43:04.011Z] ✅ 안전한 매칭 데이터 반환: 한남테니스장 (ID: 1758094285772)
[2025-09-18T01:43:04.011Z] [0mGET /api/matchings/1758094285772 [32m200[0m 1.117 ms - 809[0m
[2025-09-18T01:43:14.001Z] 🔍 인증된 사용자 - ID: 912738, 이메일: tennis1@playmate.com, 닉네임: 테니스초보
[2025-09-18T01:43:14.001Z] 사용자 912738의 채팅방 목록 조회 요청
사용자 912738의 채팅방 수: 1개
[2025-09-18T01:43:14.001Z] [0mGET /api/chat/rooms [32m200[0m 1.955 ms - 423[0m
[2025-09-18T01:43:14.005Z] 🔍 인증된 사용자 - ID: 912738, 이메일: tennis1@playmate.com, 닉네임: 테니스초보
[2025-09-18T01:43:14.005Z] ✅ 안전한 매칭 데이터 반환: 한남테니스장 (ID: 1758094285772)
[2025-09-18T01:43:14.005Z] [0mGET /api/matchings/1758094285772 [32m200[0m 1.187 ms - 809[0m
[2025-09-18T01:43:18.347Z] 🔌 User disconnected: lX6Dj358ZO4dCQAyAAAL
[2025-09-18T01:43:18.986Z] 🔍 인증된 사용자 - ID: 912738, 이메일: tennis1@playmate.com, 닉네임: 테니스초보
[2025-09-18T01:43:18.987Z] [0mGET /api/auth/me [32m200[0m 1.525 ms - 97[0m
[2025-09-18T01:43:19.185Z] 🔍 인증된 사용자 - ID: 912738, 이메일: tennis1@playmate.com, 닉네임: 테니스초보
[2025-09-18T01:43:19.186Z] 📊 총 8개 안전한 매칭 데이터 반환
[2025-09-18T01:43:19.186Z] [0mGET /api/matchings?show_only_recruiting=false&show_only_following=false [32m200[0m 1.288 ms - 6398[0m
[2025-09-18T01:43:23.324Z] 🔌 User connected: IzS33AjljUFVhQSOAAAN
[2025-09-18T01:43:29.823Z] 📧 채팅 참여자: 발신자=912738, 대상자=974640
[2025-09-18T01:43:29.823Z] 메시지 전송 완료: 테니스초보 -> 방 1758095574165
[2025-09-18T01:43:34.160Z] 🔍 인증된 사용자 - ID: 912738, 이메일: tennis1@playmate.com, 닉네임: 테니스초보
[2025-09-18T01:43:34.161Z] 사용자 912738의 채팅방 목록 조회 요청
사용자 912738의 채팅방 수: 1개
[2025-09-18T01:43:34.161Z] [0mGET /api/chat/rooms [32m200[0m 1.900 ms - 423[0m
[2025-09-18T01:43:34.169Z] 🔍 인증된 사용자 - ID: 912738, 이메일: tennis1@playmate.com, 닉네임: 테니스초보
[2025-09-18T01:43:34.169Z] ✅ 안전한 매칭 데이터 반환: 한남테니스장 (ID: 1758094285772)
[0mGET /api/matchings/1758094285772 [32m200[0m 1.083 ms - 809[0m
[2025-09-18T01:43:44.152Z] 🔍 인증된 사용자 - ID: 912738, 이메일: tennis1@playmate.com, 닉네임: 테니스초보
[2025-09-18T01:43:44.153Z] 사용자 912738의 채팅방 목록 조회 요청
사용자 912738의 채팅방 수: 1개
[0mGET /api/chat/rooms [32m200[0m 0.988 ms - 423[0m
[2025-09-18T01:43:44.156Z] 🔍 인증된 사용자 - ID: 912738, 이메일: tennis1@playmate.com, 닉네임: 테니스초보
[2025-09-18T01:43:44.156Z] ✅ 안전한 매칭 데이터 반환: 한남테니스장 (ID: 1758094285772)
[2025-09-18T01:43:44.157Z] [0mGET /api/matchings/1758094285772 [32m200[0m 0.826 ms - 809[0m
[2025-09-18T01:43:54.149Z] 🔍 인증된 사용자 - ID: 912738, 이메일: tennis1@playmate.com, 닉네임: 테니스초보
사용자 912738의 채팅방 목록 조회 요청
[2025-09-18T01:43:54.150Z] 사용자 912738의 채팅방 수: 1개
[0mGET /api/chat/rooms [32m200[0m 0.463 ms - 423[0m
[2025-09-18T01:43:54.153Z] 🔍 인증된 사용자 - ID: 912738, 이메일: tennis1@playmate.com, 닉네임: 테니스초보
[2025-09-18T01:43:54.153Z] ✅ 안전한 매칭 데이터 반환: 한남테니스장 (ID: 1758094285772)
[0mGET /api/matchings/1758094285772 [32m200[0m 0.490 ms - 809[0m
[2025-09-18T01:44:04.152Z] 🔍 인증된 사용자 - ID: 912738, 이메일: tennis1@playmate.com, 닉네임: 테니스초보
[2025-09-18T01:44:04.152Z] 사용자 912738의 채팅방 목록 조회 요청
사용자 912738의 채팅방 수: 1개
[0mGET /api/chat/rooms [32m200[0m 1.077 ms - 423[0m
[2025-09-18T01:44:04.156Z] 🔍 인증된 사용자 - ID: 912738, 이메일: tennis1@playmate.com, 닉네임: 테니스초보
[2025-09-18T01:44:04.156Z] ✅ 안전한 매칭 데이터 반환: 한남테니스장 (ID: 1758094285772)
[0mGET /api/matchings/1758094285772 [32m200[0m 0.469 ms - 809[0m
[2025-09-18T01:44:14.154Z] 🔍 인증된 사용자 - ID: 912738, 이메일: tennis1@playmate.com, 닉네임: 테니스초보
[2025-09-18T01:44:14.154Z] 사용자 912738의 채팅방 목록 조회 요청
사용자 912738의 채팅방 수: 1개
[2025-09-18T01:44:14.154Z] [0mGET /api/chat/rooms [32m200[0m 2.289 ms - 423[0m
[2025-09-18T01:44:14.158Z] 🔍 인증된 사용자 - ID: 912738, 이메일: tennis1@playmate.com, 닉네임: 테니스초보
[2025-09-18T01:44:14.158Z] ✅ 안전한 매칭 데이터 반환: 한남테니스장 (ID: 1758094285772)
[2025-09-18T01:44:14.158Z] [0mGET /api/matchings/1758094285772 [32m200[0m 0.829 ms - 809[0m
[2025-09-18T01:44:24.150Z] 🔍 인증된 사용자 - ID: 912738, 이메일: tennis1@playmate.com, 닉네임: 테니스초보
사용자 912738의 채팅방 목록 조회 요청
[2025-09-18T01:44:24.150Z] 사용자 912738의 채팅방 수: 1개
[0mGET /api/chat/rooms [32m200[0m 1.142 ms - 423[0m
[2025-09-18T01:44:24.155Z] 🔍 인증된 사용자 - ID: 912738, 이메일: tennis1@playmate.com, 닉네임: 테니스초보
[2025-09-18T01:44:24.155Z] ✅ 안전한 매칭 데이터 반환: 한남테니스장 (ID: 1758094285772)
[0mGET /api/matchings/1758094285772 [32m200[0m 0.475 ms - 809[0m
[2025-09-18T01:44:34.149Z] 🔍 인증된 사용자 - ID: 912738, 이메일: tennis1@playmate.com, 닉네임: 테니스초보
[2025-09-18T01:44:34.150Z] 사용자 912738의 채팅방 목록 조회 요청
사용자 912738의 채팅방 수: 1개
[2025-09-18T01:44:34.151Z] [0mGET /api/chat/rooms [32m200[0m 1.811 ms - 423[0m
[2025-09-18T01:44:34.154Z] 🔍 인증된 사용자 - ID: 912738, 이메일: tennis1@playmate.com, 닉네임: 테니스초보
[2025-09-18T01:44:34.154Z] ✅ 안전한 매칭 데이터 반환: 한남테니스장 (ID: 1758094285772)
[0mGET /api/matchings/1758094285772 [32m200[0m 0.494 ms - 809[0m
[2025-09-18T01:44:44.149Z] 🔍 인증된 사용자 - ID: 912738, 이메일: tennis1@playmate.com, 닉네임: 테니스초보
사용자 912738의 채팅방 목록 조회 요청
[2025-09-18T01:44:44.149Z] 사용자 912738의 채팅방 수: 1개
[0mGET /api/chat/rooms [32m200[0m 0.490 ms - 423[0m
[2025-09-18T01:44:44.153Z] 🔍 인증된 사용자 - ID: 912738, 이메일: tennis1@playmate.com, 닉네임: 테니스초보
[2025-09-18T01:44:44.153Z] ✅ 안전한 매칭 데이터 반환: 한남테니스장 (ID: 1758094285772)
[0mGET /api/matchings/1758094285772 [32m200[0m 0.474 ms - 809[0m
[2025-09-18T01:44:54.151Z] 🔍 인증된 사용자 - ID: 912738, 이메일: tennis1@playmate.com, 닉네임: 테니스초보
[2025-09-18T01:44:54.151Z] 사용자 912738의 채팅방 목록 조회 요청
사용자 912738의 채팅방 수: 1개
[2025-09-18T01:44:54.152Z] [0mGET /api/chat/rooms [32m200[0m 2.023 ms - 423[0m
[2025-09-18T01:44:54.156Z] 🔍 인증된 사용자 - ID: 912738, 이메일: tennis1@playmate.com, 닉네임: 테니스초보
[2025-09-18T01:44:54.156Z] ✅ 안전한 매칭 데이터 반환: 한남테니스장 (ID: 1758094285772)
[2025-09-18T01:44:54.156Z] [0mGET /api/matchings/1758094285772 [32m200[0m 1.153 ms - 809[0m
[2025-09-18T01:45:04.150Z] 🔍 인증된 사용자 - ID: 912738, 이메일: tennis1@playmate.com, 닉네임: 테니스초보
[2025-09-18T01:45:04.151Z] 사용자 912738의 채팅방 목록 조회 요청
사용자 912738의 채팅방 수: 1개
[0mGET /api/chat/rooms [32m200[0m 2.041 ms - 423[0m
[2025-09-18T01:45:04.155Z] 🔍 인증된 사용자 - ID: 912738, 이메일: tennis1@playmate.com, 닉네임: 테니스초보
[2025-09-18T01:45:04.155Z] ✅ 안전한 매칭 데이터 반환: 한남테니스장 (ID: 1758094285772)
[2025-09-18T01:45:04.155Z] [0mGET /api/matchings/1758094285772 [32m200[0m 1.126 ms - 809[0m
[2025-09-18T01:45:14.149Z] 🔍 인증된 사용자 - ID: 912738, 이메일: tennis1@playmate.com, 닉네임: 테니스초보
[2025-09-18T01:45:14.149Z] 사용자 912738의 채팅방 목록 조회 요청
사용자 912738의 채팅방 수: 1개
[0mGET /api/chat/rooms [32m200[0m 1.899 ms - 423[0m
[2025-09-18T01:45:14.154Z] 🔍 인증된 사용자 - ID: 912738, 이메일: tennis1@playmate.com, 닉네임: 테니스초보
[2025-09-18T01:45:14.154Z] ✅ 안전한 매칭 데이터 반환: 한남테니스장 (ID: 1758094285772)
[2025-09-18T01:45:14.154Z] [0mGET /api/matchings/1758094285772 [32m200[0m 1.233 ms - 809[0m
[2025-09-18T01:45:24.150Z] 🔍 인증된 사용자 - ID: 912738, 이메일: tennis1@playmate.com, 닉네임: 테니스초보
[2025-09-18T01:45:24.151Z] 사용자 912738의 채팅방 목록 조회 요청
사용자 912738의 채팅방 수: 1개
[0mGET /api/chat/rooms [32m200[0m 1.967 ms - 423[0m
[2025-09-18T01:45:24.155Z] 🔍 인증된 사용자 - ID: 912738, 이메일: tennis1@playmate.com, 닉네임: 테니스초보
[2025-09-18T01:45:24.155Z] ✅ 안전한 매칭 데이터 반환: 한남테니스장 (ID: 1758094285772)
[2025-09-18T01:45:24.155Z] [0mGET /api/matchings/1758094285772 [32m200[0m 0.910 ms - 809[0m
[2025-09-18T01:45:34.149Z] 🔍 인증된 사용자 - ID: 912738, 이메일: tennis1@playmate.com, 닉네임: 테니스초보
[2025-09-18T01:45:34.150Z] 사용자 912738의 채팅방 목록 조회 요청
사용자 912738의 채팅방 수: 1개
[0mGET /api/chat/rooms [32m200[0m 1.887 ms - 423[0m
[2025-09-18T01:45:34.153Z] 🔍 인증된 사용자 - ID: 912738, 이메일: tennis1@playmate.com, 닉네임: 테니스초보
[2025-09-18T01:45:34.153Z] ✅ 안전한 매칭 데이터 반환: 한남테니스장 (ID: 1758094285772)
[2025-09-18T01:45:34.153Z] [0mGET /api/matchings/1758094285772 [32m200[0m 0.890 ms - 809[0m
[2025-09-18T01:45:44.149Z] 🔍 인증된 사용자 - ID: 912738, 이메일: tennis1@playmate.com, 닉네임: 테니스초보
[2025-09-18T01:45:44.149Z] 사용자 912738의 채팅방 목록 조회 요청
사용자 912738의 채팅방 수: 1개
[0mGET /api/chat/rooms [32m200[0m 1.207 ms - 423[0m
[2025-09-18T01:45:44.153Z] 🔍 인증된 사용자 - ID: 912738, 이메일: tennis1@playmate.com, 닉네임: 테니스초보
[2025-09-18T01:45:44.153Z] ✅ 안전한 매칭 데이터 반환: 한남테니스장 (ID: 1758094285772)
[2025-09-18T01:45:44.153Z] [0mGET /api/matchings/1758094285772 [32m200[0m 0.997 ms - 809[0m
[2025-09-18T01:45:53.238Z] 🔌 User disconnected: IzS33AjljUFVhQSOAAAN
[2025-09-18T01:45:53.863Z] 🔍 인증된 사용자 - ID: 912738, 이메일: tennis1@playmate.com, 닉네임: 테니스초보
[2025-09-18T01:45:53.863Z] [0mGET /api/auth/me [32m200[0m 1.638 ms - 97[0m
[2025-09-18T01:45:54.048Z] 🔍 인증된 사용자 - ID: 912738, 이메일: tennis1@playmate.com, 닉네임: 테니스초보
[2025-09-18T01:45:54.049Z] 📊 총 8개 안전한 매칭 데이터 반환
[2025-09-18T01:45:54.049Z] [0mGET /api/matchings?show_only_recruiting=false&show_only_following=false [32m200[0m 1.441 ms - 6398[0m
[2025-09-18T01:45:59.080Z] [0mPOST /api/matchings/1758095574165/request [33m404[0m 0.659 ms - 1067[0m
[2025-09-18T01:45:59.141Z] 🔌 User connected: ZwQVsKj6HuitUt3lAAAP
[2025-09-18T01:46:02.965Z] 📧 채팅 참여자: 발신자=912738, 대상자=974640
[2025-09-18T01:46:02.965Z] 메시지 전송 완료: 테니스초보 -> 방 1758095574165
[2025-09-18T01:46:08.060Z] 🔍 인증된 사용자 - ID: 912738, 이메일: tennis1@playmate.com, 닉네임: 테니스초보
사용자 912738의 채팅방 목록 조회 요청
[2025-09-18T01:46:08.060Z] 사용자 912738의 채팅방 수: 1개
[2025-09-18T01:46:08.061Z] [0mGET /api/chat/rooms [32m200[0m 1.703 ms - 423[0m
[2025-09-18T01:46:08.066Z] 🔍 인증된 사용자 - ID: 912738, 이메일: tennis1@playmate.com, 닉네임: 테니스초보
[2025-09-18T01:46:08.067Z] ✅ 안전한 매칭 데이터 반환: 한남테니스장 (ID: 1758094285772)
[2025-09-18T01:46:08.067Z] [0mGET /api/matchings/1758094285772 [32m200[0m 1.074 ms - 809[0m
[2025-09-18T01:46:18.050Z] 🔍 인증된 사용자 - ID: 912738, 이메일: tennis1@playmate.com, 닉네임: 테니스초보
[2025-09-18T01:46:18.050Z] 사용자 912738의 채팅방 목록 조회 요청
사용자 912738의 채팅방 수: 1개
[0mGET /api/chat/rooms [32m200[0m 1.927 ms - 423[0m
[2025-09-18T01:46:18.054Z] 🔍 인증된 사용자 - ID: 912738, 이메일: tennis1@playmate.com, 닉네임: 테니스초보
[2025-09-18T01:46:18.055Z] ✅ 안전한 매칭 데이터 반환: 한남테니스장 (ID: 1758094285772)
[2025-09-18T01:46:18.055Z] [0mGET /api/matchings/1758094285772 [32m200[0m 1.417 ms - 809[0m
[2025-09-18T01:46:28.051Z] 🔍 인증된 사용자 - ID: 912738, 이메일: tennis1@playmate.com, 닉네임: 테니스초보
[2025-09-18T01:46:28.051Z] 사용자 912738의 채팅방 목록 조회 요청
사용자 912738의 채팅방 수: 1개
[0mGET /api/chat/rooms [32m200[0m 2.193 ms - 423[0m
[2025-09-18T01:46:28.056Z] 🔍 인증된 사용자 - ID: 912738, 이메일: tennis1@playmate.com, 닉네임: 테니스초보
[2025-09-18T01:46:28.056Z] ✅ 안전한 매칭 데이터 반환: 한남테니스장 (ID: 1758094285772)
[2025-09-18T01:46:28.056Z] [0mGET /api/matchings/1758094285772 [32m200[0m 1.115 ms - 809[0m
[2025-09-18T01:46:38.049Z] 🔍 인증된 사용자 - ID: 912738, 이메일: tennis1@playmate.com, 닉네임: 테니스초보
사용자 912738의 채팅방 목록 조회 요청
[2025-09-18T01:46:38.049Z] 사용자 912738의 채팅방 수: 1개
[0mGET /api/chat/rooms [32m200[0m 0.506 ms - 423[0m
[2025-09-18T01:46:38.054Z] 🔍 인증된 사용자 - ID: 912738, 이메일: tennis1@playmate.com, 닉네임: 테니스초보
[2025-09-18T01:46:38.054Z] ✅ 안전한 매칭 데이터 반환: 한남테니스장 (ID: 1758094285772)
[0mGET /api/matchings/1758094285772 [32m200[0m 0.475 ms - 809[0m
[2025-09-18T01:46:48.048Z] 🔍 인증된 사용자 - ID: 912738, 이메일: tennis1@playmate.com, 닉네임: 테니스초보
사용자 912738의 채팅방 목록 조회 요청
[2025-09-18T01:46:48.048Z] 사용자 912738의 채팅방 수: 1개
[2025-09-18T01:46:48.049Z] [0mGET /api/chat/rooms [32m200[0m 1.110 ms - 423[0m
[2025-09-18T01:46:48.052Z] 🔍 인증된 사용자 - ID: 912738, 이메일: tennis1@playmate.com, 닉네임: 테니스초보
[2025-09-18T01:46:48.052Z] ✅ 안전한 매칭 데이터 반환: 한남테니스장 (ID: 1758094285772)
[0mGET /api/matchings/1758094285772 [32m200[0m 0.455 ms - 809[0m
[2025-09-18T01:46:58.103Z] 🔍 인증된 사용자 - ID: 912738, 이메일: tennis1@playmate.com, 닉네임: 테니스초보
[2025-09-18T01:46:58.103Z] 사용자 912738의 채팅방 목록 조회 요청
사용자 912738의 채팅방 수: 1개
[0mGET /api/chat/rooms [32m200[0m 0.734 ms - 423[0m
[2025-09-18T01:46:58.108Z] 🔍 인증된 사용자 - ID: 912738, 이메일: tennis1@playmate.com, 닉네임: 테니스초보
[2025-09-18T01:46:58.109Z] ✅ 안전한 매칭 데이터 반환: 한남테니스장 (ID: 1758094285772)
[2025-09-18T01:46:58.109Z] [0mGET /api/matchings/1758094285772 [32m200[0m 0.858 ms - 809[0m
[2025-09-18T01:47:08.101Z] 🔍 인증된 사용자 - ID: 912738, 이메일: tennis1@playmate.com, 닉네임: 테니스초보
[2025-09-18T01:47:08.101Z] 사용자 912738의 채팅방 목록 조회 요청
사용자 912738의 채팅방 수: 1개
[0mGET /api/chat/rooms [32m200[0m 0.986 ms - 423[0m
[2025-09-18T01:47:08.105Z] 🔍 인증된 사용자 - ID: 912738, 이메일: tennis1@playmate.com, 닉네임: 테니스초보
[2025-09-18T01:47:08.105Z] ✅ 안전한 매칭 데이터 반환: 한남테니스장 (ID: 1758094285772)
[0mGET /api/matchings/1758094285772 [32m200[0m 0.485 ms - 809[0m
[2025-09-18T01:47:18.104Z] 🔍 인증된 사용자 - ID: 912738, 이메일: tennis1@playmate.com, 닉네임: 테니스초보
[2025-09-18T01:47:18.104Z] 사용자 912738의 채팅방 목록 조회 요청
사용자 912738의 채팅방 수: 1개
[2025-09-18T01:47:18.105Z] [0mGET /api/chat/rooms [32m200[0m 3.421 ms - 423[0m
[2025-09-18T01:47:18.112Z] 🔍 인증된 사용자 - ID: 912738, 이메일: tennis1@playmate.com, 닉네임: 테니스초보
[2025-09-18T01:47:18.112Z] ✅ 안전한 매칭 데이터 반환: 한남테니스장 (ID: 1758094285772)
[2025-09-18T01:47:18.112Z] [0mGET /api/matchings/1758094285772 [32m200[0m 1.176 ms - 809[0m
[2025-09-18T01:47:28.102Z] 🔍 인증된 사용자 - ID: 912738, 이메일: tennis1@playmate.com, 닉네임: 테니스초보
사용자 912738의 채팅방 목록 조회 요청
사용자 912738의 채팅방 수: 1개
[2025-09-18T01:47:28.103Z] [0mGET /api/chat/rooms [32m200[0m 1.028 ms - 423[0m
[2025-09-18T01:47:28.106Z] 🔍 인증된 사용자 - ID: 912738, 이메일: tennis1@playmate.com, 닉네임: 테니스초보
[2025-09-18T01:47:28.106Z] ✅ 안전한 매칭 데이터 반환: 한남테니스장 (ID: 1758094285772)
[0mGET /api/matchings/1758094285772 [32m200[0m 0.470 ms - 809[0m
[2025-09-18T01:47:38.099Z] 🔍 인증된 사용자 - ID: 912738, 이메일: tennis1@playmate.com, 닉네임: 테니스초보
사용자 912738의 채팅방 목록 조회 요청
[2025-09-18T01:47:38.099Z] 사용자 912738의 채팅방 수: 1개
[0mGET /api/chat/rooms [32m200[0m 0.450 ms - 423[0m
[2025-09-18T01:47:38.103Z] 🔍 인증된 사용자 - ID: 912738, 이메일: tennis1@playmate.com, 닉네임: 테니스초보
[2025-09-18T01:47:38.104Z] ✅ 안전한 매칭 데이터 반환: 한남테니스장 (ID: 1758094285772)
[0mGET /api/matchings/1758094285772 [32m200[0m 0.495 ms - 809[0m
[2025-09-18T01:47:48.099Z] 🔍 인증된 사용자 - ID: 912738, 이메일: tennis1@playmate.com, 닉네임: 테니스초보
사용자 912738의 채팅방 목록 조회 요청
사용자 912738의 채팅방 수: 1개
[2025-09-18T01:47:48.099Z] [0mGET /api/chat/rooms [32m200[0m 0.466 ms - 423[0m
[2025-09-18T01:47:48.102Z] 🔍 인증된 사용자 - ID: 912738, 이메일: tennis1@playmate.com, 닉네임: 테니스초보
[2025-09-18T01:47:48.103Z] ✅ 안전한 매칭 데이터 반환: 한남테니스장 (ID: 1758094285772)
[0mGET /api/matchings/1758094285772 [32m200[0m 0.477 ms - 809[0m
[2025-09-18T01:47:58.099Z] 🔍 인증된 사용자 - ID: 912738, 이메일: tennis1@playmate.com, 닉네임: 테니스초보
사용자 912738의 채팅방 목록 조회 요청
[2025-09-18T01:47:58.099Z] 사용자 912738의 채팅방 수: 1개
[0mGET /api/chat/rooms [32m200[0m 0.480 ms - 423[0m
[2025-09-18T01:47:58.103Z] 🔍 인증된 사용자 - ID: 912738, 이메일: tennis1@playmate.com, 닉네임: 테니스초보
[2025-09-18T01:47:58.103Z] ✅ 안전한 매칭 데이터 반환: 한남테니스장 (ID: 1758094285772)
[0mGET /api/matchings/1758094285772 [32m200[0m 0.430 ms - 809[0m
[2025-09-18T01:48:04.611Z] 🔌 User disconnected: ZwQVsKj6HuitUt3lAAAP
[2025-09-18T01:48:05.213Z] 🔍 인증된 사용자 - ID: 912738, 이메일: tennis1@playmate.com, 닉네임: 테니스초보
[2025-09-18T01:48:05.213Z] [0mGET /api/auth/me [32m200[0m 1.961 ms - 97[0m
[2025-09-18T01:48:05.402Z] 🔍 인증된 사용자 - ID: 912738, 이메일: tennis1@playmate.com, 닉네임: 테니스초보
[2025-09-18T01:48:05.402Z] 📊 총 8개 안전한 매칭 데이터 반환
[2025-09-18T01:48:05.402Z] [0mGET /api/matchings?show_only_recruiting=false&show_only_following=false [32m200[0m 1.357 ms - 6398[0m
[2025-09-18T01:48:11.244Z] 🔍 인증된 사용자 - ID: 912738, 이메일: tennis1@playmate.com, 닉네임: 테니스초보
[2025-09-18T01:48:11.250Z] [0mPOST /api/matchings/1758095574165/join [31m500[0m 8.843 ms - 1329[0m
[2025-09-18T01:48:11.348Z] 🔌 User connected: 5tDc9VY5A8Ily7hVAAAR
[2025-09-18T01:48:19.846Z] 📧 채팅 참여자: 발신자=912738, 대상자=974640
[2025-09-18T01:48:19.846Z] 메시지 전송 완료: 테니스초보 -> 방 1758095574165
[2025-09-18T01:48:30.312Z] 🔍 인증된 사용자 - ID: 912738, 이메일: tennis1@playmate.com, 닉네임: 테니스초보
[2025-09-18T01:48:30.313Z] 사용자 912738의 채팅방 목록 조회 요청
사용자 912738의 채팅방 수: 1개
[0mGET /api/chat/rooms [32m200[0m 1.567 ms - 423[0m
[2025-09-18T01:48:30.318Z] 🔍 인증된 사용자 - ID: 912738, 이메일: tennis1@playmate.com, 닉네임: 테니스초보
[2025-09-18T01:48:30.318Z] ✅ 안전한 매칭 데이터 반환: 한남테니스장 (ID: 1758094285772)
[2025-09-18T01:48:30.319Z] [0mGET /api/matchings/1758094285772 [32m200[0m 1.447 ms - 809[0m
[2025-09-18T01:48:40.299Z] 🔍 인증된 사용자 - ID: 912738, 이메일: tennis1@playmate.com, 닉네임: 테니스초보
[2025-09-18T01:48:40.299Z] 사용자 912738의 채팅방 목록 조회 요청
사용자 912738의 채팅방 수: 1개
[0mGET /api/chat/rooms [32m200[0m 0.533 ms - 423[0m
[2025-09-18T01:48:40.304Z] 🔍 인증된 사용자 - ID: 912738, 이메일: tennis1@playmate.com, 닉네임: 테니스초보
[2025-09-18T01:48:40.304Z] ✅ 안전한 매칭 데이터 반환: 한남테니스장 (ID: 1758094285772)
[0mGET /api/matchings/1758094285772 [32m200[0m 0.436 ms - 809[0m
[2025-09-18T01:48:50.298Z] 🔍 인증된 사용자 - ID: 912738, 이메일: tennis1@playmate.com, 닉네임: 테니스초보
사용자 912738의 채팅방 목록 조회 요청
[2025-09-18T01:48:50.298Z] 사용자 912738의 채팅방 수: 1개
[0mGET /api/chat/rooms [32m200[0m 0.488 ms - 423[0m
[2025-09-18T01:48:50.301Z] 🔍 인증된 사용자 - ID: 912738, 이메일: tennis1@playmate.com, 닉네임: 테니스초보
[2025-09-18T01:48:50.301Z] ✅ 안전한 매칭 데이터 반환: 한남테니스장 (ID: 1758094285772)
[0mGET /api/matchings/1758094285772 [32m200[0m 0.423 ms - 809[0m
[2025-09-18T01:49:00.300Z] 🔍 인증된 사용자 - ID: 912738, 이메일: tennis1@playmate.com, 닉네임: 테니스초보
[2025-09-18T01:49:00.300Z] 사용자 912738의 채팅방 목록 조회 요청
사용자 912738의 채팅방 수: 1개
[2025-09-18T01:49:00.301Z] [0mGET /api/chat/rooms [32m200[0m 1.019 ms - 423[0m
[2025-09-18T01:49:00.303Z] 🔍 인증된 사용자 - ID: 912738, 이메일: tennis1@playmate.com, 닉네임: 테니스초보
[2025-09-18T01:49:00.304Z] ✅ 안전한 매칭 데이터 반환: 한남테니스장 (ID: 1758094285772)
[0mGET /api/matchings/1758094285772 [32m200[0m 0.602 ms - 809[0m
[2025-09-18T01:49:10.299Z] 🔍 인증된 사용자 - ID: 912738, 이메일: tennis1@playmate.com, 닉네임: 테니스초보
[2025-09-18T01:49:10.300Z] 사용자 912738의 채팅방 목록 조회 요청
사용자 912738의 채팅방 수: 1개
[0mGET /api/chat/rooms [32m200[0m 1.047 ms - 423[0m
[2025-09-18T01:49:10.304Z] 🔍 인증된 사용자 - ID: 912738, 이메일: tennis1@playmate.com, 닉네임: 테니스초보
[2025-09-18T01:49:10.304Z] ✅ 안전한 매칭 데이터 반환: 한남테니스장 (ID: 1758094285772)
[2025-09-18T01:49:10.304Z] [0mGET /api/matchings/1758094285772 [32m200[0m 0.773 ms - 809[0m
[2025-09-18T01:49:20.300Z] 🔍 인증된 사용자 - ID: 912738, 이메일: tennis1@playmate.com, 닉네임: 테니스초보
[2025-09-18T01:49:20.300Z] 사용자 912738의 채팅방 목록 조회 요청
사용자 912738의 채팅방 수: 1개
[2025-09-18T01:49:20.301Z] [0mGET /api/chat/rooms [32m200[0m 1.057 ms - 423[0m
[2025-09-18T01:49:20.304Z] 🔍 인증된 사용자 - ID: 912738, 이메일: tennis1@playmate.com, 닉네임: 테니스초보
[2025-09-18T01:49:20.305Z] ✅ 안전한 매칭 데이터 반환: 한남테니스장 (ID: 1758094285772)
[0mGET /api/matchings/1758094285772 [32m200[0m 0.931 ms - 809[0m
[2025-09-18T01:49:30.300Z] 🔍 인증된 사용자 - ID: 912738, 이메일: tennis1@playmate.com, 닉네임: 테니스초보
사용자 912738의 채팅방 목록 조회 요청
[2025-09-18T01:49:30.301Z] 사용자 912738의 채팅방 수: 1개
[0mGET /api/chat/rooms [32m200[0m 0.445 ms - 423[0m
[2025-09-18T01:49:30.304Z] 🔍 인증된 사용자 - ID: 912738, 이메일: tennis1@playmate.com, 닉네임: 테니스초보
[2025-09-18T01:49:30.305Z] ✅ 안전한 매칭 데이터 반환: 한남테니스장 (ID: 1758094285772)
[0mGET /api/matchings/1758094285772 [32m200[0m 0.446 ms - 809[0m
[2025-09-18T01:49:40.303Z] 🔍 인증된 사용자 - ID: 912738, 이메일: tennis1@playmate.com, 닉네임: 테니스초보
사용자 912738의 채팅방 목록 조회 요청
[2025-09-18T01:49:40.303Z] 사용자 912738의 채팅방 수: 1개
[0mGET /api/chat/rooms [32m200[0m 0.473 ms - 423[0m
[2025-09-18T01:49:40.306Z] 🔍 인증된 사용자 - ID: 912738, 이메일: tennis1@playmate.com, 닉네임: 테니스초보
[2025-09-18T01:49:40.307Z] ✅ 안전한 매칭 데이터 반환: 한남테니스장 (ID: 1758094285772)
[2025-09-18T01:49:40.307Z] [0mGET /api/matchings/1758094285772 [32m200[0m 0.966 ms - 809[0m
[2025-09-18T01:49:50.298Z] 🔍 인증된 사용자 - ID: 912738, 이메일: tennis1@playmate.com, 닉네임: 테니스초보
[2025-09-18T01:49:50.298Z] 사용자 912738의 채팅방 목록 조회 요청
사용자 912738의 채팅방 수: 1개
[0mGET /api/chat/rooms [32m200[0m 0.498 ms - 423[0m
[2025-09-18T01:49:50.301Z] 🔍 인증된 사용자 - ID: 912738, 이메일: tennis1@playmate.com, 닉네임: 테니스초보
[2025-09-18T01:49:50.301Z] ✅ 안전한 매칭 데이터 반환: 한남테니스장 (ID: 1758094285772)
[0mGET /api/matchings/1758094285772 [32m200[0m 0.439 ms - 809[0m
[2025-09-18T01:50:00.302Z] 🔍 인증된 사용자 - ID: 912738, 이메일: tennis1@playmate.com, 닉네임: 테니스초보
[2025-09-18T01:50:00.303Z] 사용자 912738의 채팅방 목록 조회 요청
사용자 912738의 채팅방 수: 1개
[2025-09-18T01:50:00.303Z] [0mGET /api/chat/rooms [32m200[0m 2.113 ms - 423[0m
[2025-09-18T01:50:00.306Z] 🔍 인증된 사용자 - ID: 912738, 이메일: tennis1@playmate.com, 닉네임: 테니스초보
[2025-09-18T01:50:00.307Z] ✅ 안전한 매칭 데이터 반환: 한남테니스장 (ID: 1758094285772)
[2025-09-18T01:50:00.307Z] [0mGET /api/matchings/1758094285772 [32m200[0m 0.960 ms - 809[0m
[2025-09-18T01:50:10.299Z] 🔍 인증된 사용자 - ID: 912738, 이메일: tennis1@playmate.com, 닉네임: 테니스초보
사용자 912738의 채팅방 목록 조회 요청
[2025-09-18T01:50:10.299Z] 사용자 912738의 채팅방 수: 1개
[0mGET /api/chat/rooms [32m200[0m 0.474 ms - 423[0m
[2025-09-18T01:50:10.304Z] 🔍 인증된 사용자 - ID: 912738, 이메일: tennis1@playmate.com, 닉네임: 테니스초보
[2025-09-18T01:50:10.304Z] ✅ 안전한 매칭 데이터 반환: 한남테니스장 (ID: 1758094285772)
[0mGET /api/matchings/1758094285772 [32m200[0m 0.509 ms - 809[0m
[2025-09-18T01:50:20.303Z] 🔍 인증된 사용자 - ID: 912738, 이메일: tennis1@playmate.com, 닉네임: 테니스초보
[2025-09-18T01:50:20.303Z] 사용자 912738의 채팅방 목록 조회 요청
사용자 912738의 채팅방 수: 1개
[0mGET /api/chat/rooms [32m200[0m 2.018 ms - 423[0m
[2025-09-18T01:50:20.308Z] 🔍 인증된 사용자 - ID: 912738, 이메일: tennis1@playmate.com, 닉네임: 테니스초보
[2025-09-18T01:50:20.309Z] ✅ 안전한 매칭 데이터 반환: 한남테니스장 (ID: 1758094285772)
[0mGET /api/matchings/1758094285772 [32m200[0m 0.938 ms - 809[0m
[2025-09-18T01:50:30.301Z] 🔍 인증된 사용자 - ID: 912738, 이메일: tennis1@playmate.com, 닉네임: 테니스초보
[2025-09-18T01:50:30.301Z] 사용자 912738의 채팅방 목록 조회 요청
사용자 912738의 채팅방 수: 1개
[0mGET /api/chat/rooms [32m200[0m 2.312 ms - 423[0m
[2025-09-18T01:50:30.305Z] 🔍 인증된 사용자 - ID: 912738, 이메일: tennis1@playmate.com, 닉네임: 테니스초보
[2025-09-18T01:50:30.305Z] ✅ 안전한 매칭 데이터 반환: 한남테니스장 (ID: 1758094285772)
[2025-09-18T01:50:30.306Z] [0mGET /api/matchings/1758094285772 [32m200[0m 0.925 ms - 809[0m
[2025-09-18T01:50:40.301Z] 🔍 인증된 사용자 - ID: 912738, 이메일: tennis1@playmate.com, 닉네임: 테니스초보
[2025-09-18T01:50:40.301Z] 사용자 912738의 채팅방 목록 조회 요청
사용자 912738의 채팅방 수: 1개
[2025-09-18T01:50:40.302Z] [0mGET /api/chat/rooms [32m200[0m 2.236 ms - 423[0m
[2025-09-18T01:50:40.305Z] 🔍 인증된 사용자 - ID: 912738, 이메일: tennis1@playmate.com, 닉네임: 테니스초보
[2025-09-18T01:50:40.306Z] ✅ 안전한 매칭 데이터 반환: 한남테니스장 (ID: 1758094285772)
[2025-09-18T01:50:40.306Z] [0mGET /api/matchings/1758094285772 [32m200[0m 1.126 ms - 809[0m
[2025-09-18T01:50:50.300Z] 🔍 인증된 사용자 - ID: 912738, 이메일: tennis1@playmate.com, 닉네임: 테니스초보
[2025-09-18T01:50:50.301Z] 사용자 912738의 채팅방 목록 조회 요청
사용자 912738의 채팅방 수: 1개
[2025-09-18T01:50:50.301Z] [0mGET /api/chat/rooms [32m200[0m 2.455 ms - 423[0m
[2025-09-18T01:50:50.304Z] 🔍 인증된 사용자 - ID: 912738, 이메일: tennis1@playmate.com, 닉네임: 테니스초보
[2025-09-18T01:50:50.305Z] ✅ 안전한 매칭 데이터 반환: 한남테니스장 (ID: 1758094285772)
[0mGET /api/matchings/1758094285772 [32m200[0m 0.781 ms - 809[0m
[2025-09-18T01:51:00.304Z] 🔍 인증된 사용자 - ID: 912738, 이메일: tennis1@playmate.com, 닉네임: 테니스초보
[2025-09-18T01:51:00.304Z] 사용자 912738의 채팅방 목록 조회 요청
사용자 912738의 채팅방 수: 1개
[0mGET /api/chat/rooms [32m200[0m 1.890 ms - 423[0m
[2025-09-18T01:51:00.308Z] 🔍 인증된 사용자 - ID: 912738, 이메일: tennis1@playmate.com, 닉네임: 테니스초보
[2025-09-18T01:51:00.308Z] ✅ 안전한 매칭 데이터 반환: 한남테니스장 (ID: 1758094285772)
[2025-09-18T01:51:00.309Z] [0mGET /api/matchings/1758094285772 [32m200[0m 0.922 ms - 809[0m
[2025-09-18T01:51:10.301Z] 🔍 인증된 사용자 - ID: 912738, 이메일: tennis1@playmate.com, 닉네임: 테니스초보
사용자 912738의 채팅방 목록 조회 요청
[2025-09-18T01:51:10.302Z] 사용자 912738의 채팅방 수: 1개
[0mGET /api/chat/rooms [32m200[0m 2.403 ms - 423[0m
[2025-09-18T01:51:10.306Z] 🔍 인증된 사용자 - ID: 912738, 이메일: tennis1@playmate.com, 닉네임: 테니스초보
[2025-09-18T01:51:10.306Z] ✅ 안전한 매칭 데이터 반환: 한남테니스장 (ID: 1758094285772)
[2025-09-18T01:51:10.306Z] [0mGET /api/matchings/1758094285772 [32m200[0m 1.119 ms - 809[0m
[2025-09-18T01:51:20.301Z] 🔍 인증된 사용자 - ID: 912738, 이메일: tennis1@playmate.com, 닉네임: 테니스초보
[2025-09-18T01:51:20.302Z] 사용자 912738의 채팅방 목록 조회 요청
사용자 912738의 채팅방 수: 1개
[0mGET /api/chat/rooms [32m200[0m 2.309 ms - 423[0m
[2025-09-18T01:51:20.305Z] 🔍 인증된 사용자 - ID: 912738, 이메일: tennis1@playmate.com, 닉네임: 테니스초보
[2025-09-18T01:51:20.305Z] ✅ 안전한 매칭 데이터 반환: 한남테니스장 (ID: 1758094285772)
[2025-09-18T01:51:20.305Z] [0mGET /api/matchings/1758094285772 [32m200[0m 0.817 ms - 809[0m
[2025-09-18T01:51:30.301Z] 🔍 인증된 사용자 - ID: 912738, 이메일: tennis1@playmate.com, 닉네임: 테니스초보
[2025-09-18T01:51:30.302Z] 사용자 912738의 채팅방 목록 조회 요청
사용자 912738의 채팅방 수: 1개
[0mGET /api/chat/rooms [32m200[0m 2.199 ms - 423[0m
[2025-09-18T01:51:30.306Z] 🔍 인증된 사용자 - ID: 912738, 이메일: tennis1@playmate.com, 닉네임: 테니스초보
[2025-09-18T01:51:30.307Z] ✅ 안전한 매칭 데이터 반환: 한남테니스장 (ID: 1758094285772)
[2025-09-18T01:51:30.307Z] [0mGET /api/matchings/1758094285772 [32m200[0m 1.077 ms - 809[0m
[2025-09-18T01:51:40.302Z] 🔍 인증된 사용자 - ID: 912738, 이메일: tennis1@playmate.com, 닉네임: 테니스초보
[2025-09-18T01:51:40.303Z] 사용자 912738의 채팅방 목록 조회 요청
사용자 912738의 채팅방 수: 1개
[0mGET /api/chat/rooms [32m200[0m 1.959 ms - 423[0m
[2025-09-18T01:51:40.307Z] 🔍 인증된 사용자 - ID: 912738, 이메일: tennis1@playmate.com, 닉네임: 테니스초보
[2025-09-18T01:51:40.307Z] ✅ 안전한 매칭 데이터 반환: 한남테니스장 (ID: 1758094285772)
[2025-09-18T01:51:40.308Z] [0mGET /api/matchings/1758094285772 [32m200[0m 1.771 ms - 809[0m
[2025-09-18T01:51:50.301Z] 🔍 인증된 사용자 - ID: 912738, 이메일: tennis1@playmate.com, 닉네임: 테니스초보
[2025-09-18T01:51:50.302Z] 사용자 912738의 채팅방 목록 조회 요청
사용자 912738의 채팅방 수: 1개
[0mGET /api/chat/rooms [32m200[0m 2.148 ms - 423[0m
[2025-09-18T01:51:50.305Z] 🔍 인증된 사용자 - ID: 912738, 이메일: tennis1@playmate.com, 닉네임: 테니스초보
[2025-09-18T01:51:50.306Z] ✅ 안전한 매칭 데이터 반환: 한남테니스장 (ID: 1758094285772)
[2025-09-18T01:51:50.306Z] [0mGET /api/matchings/1758094285772 [32m200[0m 1.065 ms - 809[0m
[2025-09-18T01:52:00.301Z] 🔍 인증된 사용자 - ID: 912738, 이메일: tennis1@playmate.com, 닉네임: 테니스초보
[2025-09-18T01:52:00.301Z] 사용자 912738의 채팅방 목록 조회 요청
사용자 912738의 채팅방 수: 1개
[2025-09-18T01:52:00.302Z] [0mGET /api/chat/rooms [32m200[0m 2.049 ms - 423[0m
[2025-09-18T01:52:00.305Z] 🔍 인증된 사용자 - ID: 912738, 이메일: tennis1@playmate.com, 닉네임: 테니스초보
[2025-09-18T01:52:00.305Z] ✅ 안전한 매칭 데이터 반환: 한남테니스장 (ID: 1758094285772)
[2025-09-18T01:52:00.305Z] [0mGET /api/matchings/1758094285772 [32m200[0m 0.873 ms - 809[0m
[2025-09-18T01:52:10.300Z] 🔍 인증된 사용자 - ID: 912738, 이메일: tennis1@playmate.com, 닉네임: 테니스초보
[2025-09-18T01:52:10.301Z] 사용자 912738의 채팅방 목록 조회 요청
사용자 912738의 채팅방 수: 1개
[0mGET /api/chat/rooms [32m200[0m 2.210 ms - 423[0m
[2025-09-18T01:52:10.305Z] 🔍 인증된 사용자 - ID: 912738, 이메일: tennis1@playmate.com, 닉네임: 테니스초보
[2025-09-18T01:52:10.305Z] ✅ 안전한 매칭 데이터 반환: 한남테니스장 (ID: 1758094285772)
[2025-09-18T01:52:10.305Z] [0mGET /api/matchings/1758094285772 [32m200[0m 0.890 ms - 809[0m
[2025-09-18T01:52:20.305Z] 🔍 인증된 사용자 - ID: 912738, 이메일: tennis1@playmate.com, 닉네임: 테니스초보
[2025-09-18T01:52:20.305Z] 사용자 912738의 채팅방 목록 조회 요청
사용자 912738의 채팅방 수: 1개
[0mGET /api/chat/rooms [32m200[0m 1.774 ms - 423[0m
[2025-09-18T01:52:20.309Z] 🔍 인증된 사용자 - ID: 912738, 이메일: tennis1@playmate.com, 닉네임: 테니스초보
[2025-09-18T01:52:20.309Z] ✅ 안전한 매칭 데이터 반환: 한남테니스장 (ID: 1758094285772)
[2025-09-18T01:52:20.309Z] [0mGET /api/matchings/1758094285772 [32m200[0m 1.297 ms - 809[0m
[2025-09-18T01:52:30.303Z] 🔍 인증된 사용자 - ID: 912738, 이메일: tennis1@playmate.com, 닉네임: 테니스초보
[2025-09-18T01:52:30.303Z] 사용자 912738의 채팅방 목록 조회 요청
사용자 912738의 채팅방 수: 1개
[0mGET /api/chat/rooms [32m200[0m 2.021 ms - 423[0m
[2025-09-18T01:52:30.307Z] 🔍 인증된 사용자 - ID: 912738, 이메일: tennis1@playmate.com, 닉네임: 테니스초보
[2025-09-18T01:52:30.307Z] ✅ 안전한 매칭 데이터 반환: 한남테니스장 (ID: 1758094285772)
[2025-09-18T01:52:30.307Z] [0mGET /api/matchings/1758094285772 [32m200[0m 1.110 ms - 809[0m
[2025-09-18T01:52:40.305Z] 🔍 인증된 사용자 - ID: 912738, 이메일: tennis1@playmate.com, 닉네임: 테니스초보
[2025-09-18T01:52:40.305Z] 사용자 912738의 채팅방 목록 조회 요청
사용자 912738의 채팅방 수: 1개
[0mGET /api/chat/rooms [32m200[0m 2.008 ms - 423[0m
[2025-09-18T01:52:40.313Z] 🔍 인증된 사용자 - ID: 912738, 이메일: tennis1@playmate.com, 닉네임: 테니스초보
[2025-09-18T01:52:40.313Z] ✅ 안전한 매칭 데이터 반환: 한남테니스장 (ID: 1758094285772)
[2025-09-18T01:52:40.313Z] [0mGET /api/matchings/1758094285772 [32m200[0m 1.039 ms - 809[0m
[2025-09-18T01:52:50.301Z] 🔍 인증된 사용자 - ID: 912738, 이메일: tennis1@playmate.com, 닉네임: 테니스초보
[2025-09-18T01:52:50.302Z] 사용자 912738의 채팅방 목록 조회 요청
사용자 912738의 채팅방 수: 1개
[2025-09-18T01:52:50.302Z] [0mGET /api/chat/rooms [32m200[0m 2.023 ms - 423[0m
[2025-09-18T01:52:50.305Z] 🔍 인증된 사용자 - ID: 912738, 이메일: tennis1@playmate.com, 닉네임: 테니스초보
[2025-09-18T01:52:50.306Z] ✅ 안전한 매칭 데이터 반환: 한남테니스장 (ID: 1758094285772)
[2025-09-18T01:52:50.306Z] [0mGET /api/matchings/1758094285772 [32m200[0m 1.061 ms - 809[0m
[2025-09-18T01:53:00.301Z] 🔍 인증된 사용자 - ID: 912738, 이메일: tennis1@playmate.com, 닉네임: 테니스초보
[2025-09-18T01:53:00.302Z] 사용자 912738의 채팅방 목록 조회 요청
사용자 912738의 채팅방 수: 1개
[0mGET /api/chat/rooms [32m200[0m 2.002 ms - 423[0m
[2025-09-18T01:53:00.306Z] 🔍 인증된 사용자 - ID: 912738, 이메일: tennis1@playmate.com, 닉네임: 테니스초보
[2025-09-18T01:53:00.306Z] ✅ 안전한 매칭 데이터 반환: 한남테니스장 (ID: 1758094285772)
[2025-09-18T01:53:00.306Z] [0mGET /api/matchings/1758094285772 [32m200[0m 1.159 ms - 809[0m
[2025-09-18T01:53:05.238Z] 🔍 인증된 사용자 - ID: 912738, 이메일: tennis1@playmate.com, 닉네임: 테니스초보
[2025-09-18T01:53:05.239Z] [0mGET /api/auth/me [32m200[0m 2.121 ms - 97[0m
[2025-09-18T01:53:10.300Z] 🔍 인증된 사용자 - ID: 912738, 이메일: tennis1@playmate.com, 닉네임: 테니스초보
[2025-09-18T01:53:10.301Z] 사용자 912738의 채팅방 목록 조회 요청
사용자 912738의 채팅방 수: 1개
[0mGET /api/chat/rooms [32m200[0m 1.922 ms - 423[0m
[2025-09-18T01:53:10.305Z] 🔍 인증된 사용자 - ID: 912738, 이메일: tennis1@playmate.com, 닉네임: 테니스초보
[2025-09-18T01:53:10.306Z] ✅ 안전한 매칭 데이터 반환: 한남테니스장 (ID: 1758094285772)
[2025-09-18T01:53:10.306Z] [0mGET /api/matchings/1758094285772 [32m200[0m 1.221 ms - 809[0m
[2025-09-18T01:53:20.302Z] 🔍 인증된 사용자 - ID: 912738, 이메일: tennis1@playmate.com, 닉네임: 테니스초보
[2025-09-18T01:53:20.303Z] 사용자 912738의 채팅방 목록 조회 요청
사용자 912738의 채팅방 수: 1개
[2025-09-18T01:53:20.304Z] [0mGET /api/chat/rooms [32m200[0m 1.989 ms - 423[0m
[2025-09-18T01:53:20.306Z] 🔍 인증된 사용자 - ID: 912738, 이메일: tennis1@playmate.com, 닉네임: 테니스초보
[2025-09-18T01:53:20.307Z] ✅ 안전한 매칭 데이터 반환: 한남테니스장 (ID: 1758094285772)
[2025-09-18T01:53:20.307Z] [0mGET /api/matchings/1758094285772 [32m200[0m 0.889 ms - 809[0m
[2025-09-18T01:53:30.303Z] 🔍 인증된 사용자 - ID: 912738, 이메일: tennis1@playmate.com, 닉네임: 테니스초보
[2025-09-18T01:53:30.304Z] 사용자 912738의 채팅방 목록 조회 요청
사용자 912738의 채팅방 수: 1개
[0mGET /api/chat/rooms [32m200[0m 2.069 ms - 423[0m
[2025-09-18T01:53:30.308Z] 🔍 인증된 사용자 - ID: 912738, 이메일: tennis1@playmate.com, 닉네임: 테니스초보
[2025-09-18T01:53:30.309Z] ✅ 안전한 매칭 데이터 반환: 한남테니스장 (ID: 1758094285772)
[2025-09-18T01:53:30.309Z] [0mGET /api/matchings/1758094285772 [32m200[0m 2.100 ms - 809[0m
[2025-09-18T01:53:40.301Z] 🔍 인증된 사용자 - ID: 912738, 이메일: tennis1@playmate.com, 닉네임: 테니스초보
[2025-09-18T01:53:40.301Z] 사용자 912738의 채팅방 목록 조회 요청
사용자 912738의 채팅방 수: 1개
[2025-09-18T01:53:40.302Z] [0mGET /api/chat/rooms [32m200[0m 2.136 ms - 423[0m
[2025-09-18T01:53:40.305Z] 🔍 인증된 사용자 - ID: 912738, 이메일: tennis1@playmate.com, 닉네임: 테니스초보
[2025-09-18T01:53:40.305Z] ✅ 안전한 매칭 데이터 반환: 한남테니스장 (ID: 1758094285772)
[2025-09-18T01:53:40.305Z] [0mGET /api/matchings/1758094285772 [32m200[0m 0.847 ms - 809[0m
[2025-09-18T01:53:50.303Z] 🔍 인증된 사용자 - ID: 912738, 이메일: tennis1@playmate.com, 닉네임: 테니스초보
[2025-09-18T01:53:50.304Z] 사용자 912738의 채팅방 목록 조회 요청
사용자 912738의 채팅방 수: 1개
[2025-09-18T01:53:50.304Z] [0mGET /api/chat/rooms [32m200[0m 2.216 ms - 423[0m
[2025-09-18T01:53:50.308Z] 🔍 인증된 사용자 - ID: 912738, 이메일: tennis1@playmate.com, 닉네임: 테니스초보
[2025-09-18T01:53:50.308Z] ✅ 안전한 매칭 데이터 반환: 한남테니스장 (ID: 1758094285772)
[2025-09-18T01:53:50.308Z] [0mGET /api/matchings/1758094285772 [32m200[0m 1.109 ms - 809[0m
[2025-09-18T01:54:00.301Z] 🔍 인증된 사용자 - ID: 912738, 이메일: tennis1@playmate.com, 닉네임: 테니스초보
[2025-09-18T01:54:00.301Z] 사용자 912738의 채팅방 목록 조회 요청
사용자 912738의 채팅방 수: 1개
[2025-09-18T01:54:00.302Z] [0mGET /api/chat/rooms [32m200[0m 1.679 ms - 423[0m
[2025-09-18T01:54:00.305Z] 🔍 인증된 사용자 - ID: 912738, 이메일: tennis1@playmate.com, 닉네임: 테니스초보
[2025-09-18T01:54:00.306Z] ✅ 안전한 매칭 데이터 반환: 한남테니스장 (ID: 1758094285772)
[2025-09-18T01:54:00.306Z] [0mGET /api/matchings/1758094285772 [32m200[0m 0.961 ms - 809[0m
[2025-09-18T01:54:10.301Z] 🔍 인증된 사용자 - ID: 912738, 이메일: tennis1@playmate.com, 닉네임: 테니스초보
[2025-09-18T01:54:10.302Z] 사용자 912738의 채팅방 목록 조회 요청
사용자 912738의 채팅방 수: 1개
[0mGET /api/chat/rooms [32m200[0m 2.119 ms - 423[0m
[2025-09-18T01:54:10.305Z] 🔍 인증된 사용자 - ID: 912738, 이메일: tennis1@playmate.com, 닉네임: 테니스초보
[2025-09-18T01:54:10.305Z] ✅ 안전한 매칭 데이터 반환: 한남테니스장 (ID: 1758094285772)
[2025-09-18T01:54:10.305Z] [0mGET /api/matchings/1758094285772 [32m200[0m 0.876 ms - 809[0m
[2025-09-18T01:54:20.303Z] 🔍 인증된 사용자 - ID: 912738, 이메일: tennis1@playmate.com, 닉네임: 테니스초보
[2025-09-18T01:54:20.304Z] 사용자 912738의 채팅방 목록 조회 요청
사용자 912738의 채팅방 수: 1개
[0mGET /api/chat/rooms [32m200[0m 2.011 ms - 423[0m
[2025-09-18T01:54:20.308Z] 🔍 인증된 사용자 - ID: 912738, 이메일: tennis1@playmate.com, 닉네임: 테니스초보
[2025-09-18T01:54:20.308Z] ✅ 안전한 매칭 데이터 반환: 한남테니스장 (ID: 1758094285772)
[0mGET /api/matchings/1758094285772 [32m200[0m 1.062 ms - 809[0m
[2025-09-18T01:54:30.301Z] 🔍 인증된 사용자 - ID: 912738, 이메일: tennis1@playmate.com, 닉네임: 테니스초보
[2025-09-18T01:54:30.301Z] 사용자 912738의 채팅방 목록 조회 요청
사용자 912738의 채팅방 수: 1개
[0mGET /api/chat/rooms [32m200[0m 2.024 ms - 423[0m
[2025-09-18T01:54:30.306Z] 🔍 인증된 사용자 - ID: 912738, 이메일: tennis1@playmate.com, 닉네임: 테니스초보
[2025-09-18T01:54:30.306Z] ✅ 안전한 매칭 데이터 반환: 한남테니스장 (ID: 1758094285772)
[2025-09-18T01:54:30.306Z] [0mGET /api/matchings/1758094285772 [32m200[0m 0.920 ms - 809[0m
[2025-09-18T01:54:40.301Z] 🔍 인증된 사용자 - ID: 912738, 이메일: tennis1@playmate.com, 닉네임: 테니스초보
[2025-09-18T01:54:40.302Z] 사용자 912738의 채팅방 목록 조회 요청
사용자 912738의 채팅방 수: 1개
[2025-09-18T01:54:40.302Z] [0mGET /api/chat/rooms [32m200[0m 2.075 ms - 423[0m
[2025-09-18T01:54:40.305Z] 🔍 인증된 사용자 - ID: 912738, 이메일: tennis1@playmate.com, 닉네임: 테니스초보
[2025-09-18T01:54:40.305Z] ✅ 안전한 매칭 데이터 반환: 한남테니스장 (ID: 1758094285772)
[2025-09-18T01:54:40.305Z] [0mGET /api/matchings/1758094285772 [32m200[0m 1.084 ms - 809[0m
[2025-09-18T01:54:50.301Z] 🔍 인증된 사용자 - ID: 912738, 이메일: tennis1@playmate.com, 닉네임: 테니스초보
[2025-09-18T01:54:50.302Z] 사용자 912738의 채팅방 목록 조회 요청
사용자 912738의 채팅방 수: 1개
[2025-09-18T01:54:50.302Z] [0mGET /api/chat/rooms [32m200[0m 2.193 ms - 423[0m
[2025-09-18T01:54:50.306Z] 🔍 인증된 사용자 - ID: 912738, 이메일: tennis1@playmate.com, 닉네임: 테니스초보
[2025-09-18T01:54:50.306Z] ✅ 안전한 매칭 데이터 반환: 한남테니스장 (ID: 1758094285772)
[2025-09-18T01:54:50.306Z] [0mGET /api/matchings/1758094285772 [32m200[0m 1.092 ms - 809[0m
[2025-09-18T01:55:00.301Z] 🔍 인증된 사용자 - ID: 912738, 이메일: tennis1@playmate.com, 닉네임: 테니스초보
[2025-09-18T01:55:00.302Z] 사용자 912738의 채팅방 목록 조회 요청
사용자 912738의 채팅방 수: 1개
[2025-09-18T01:55:00.303Z] [0mGET /api/chat/rooms [32m200[0m 2.232 ms - 423[0m
[2025-09-18T01:55:00.306Z] 🔍 인증된 사용자 - ID: 912738, 이메일: tennis1@playmate.com, 닉네임: 테니스초보
[2025-09-18T01:55:00.306Z] ✅ 안전한 매칭 데이터 반환: 한남테니스장 (ID: 1758094285772)
[2025-09-18T01:55:00.306Z] [0mGET /api/matchings/1758094285772 [32m200[0m 1.119 ms - 809[0m
[2025-09-18T01:55:10.303Z] 🔍 인증된 사용자 - ID: 912738, 이메일: tennis1@playmate.com, 닉네임: 테니스초보
사용자 912738의 채팅방 목록 조회 요청
[2025-09-18T01:55:10.303Z] 사용자 912738의 채팅방 수: 1개
[0mGET /api/chat/rooms [32m200[0m 1.026 ms - 423[0m
[2025-09-18T01:55:10.306Z] 🔍 인증된 사용자 - ID: 912738, 이메일: tennis1@playmate.com, 닉네임: 테니스초보
[2025-09-18T01:55:10.306Z] ✅ 안전한 매칭 데이터 반환: 한남테니스장 (ID: 1758094285772)
[0mGET /api/matchings/1758094285772 [32m200[0m 0.561 ms - 809[0m
[2025-09-18T01:55:20.302Z] 🔍 인증된 사용자 - ID: 912738, 이메일: tennis1@playmate.com, 닉네임: 테니스초보
[2025-09-18T01:55:20.302Z] 사용자 912738의 채팅방 목록 조회 요청
사용자 912738의 채팅방 수: 1개
[0mGET /api/chat/rooms [32m200[0m 2.080 ms - 423[0m
[2025-09-18T01:55:20.305Z] 🔍 인증된 사용자 - ID: 912738, 이메일: tennis1@playmate.com, 닉네임: 테니스초보
[2025-09-18T01:55:20.306Z] ✅ 안전한 매칭 데이터 반환: 한남테니스장 (ID: 1758094285772)
[2025-09-18T01:55:20.306Z] [0mGET /api/matchings/1758094285772 [32m200[0m 1.033 ms - 809[0m
[2025-09-18T01:55:30.303Z] 🔍 인증된 사용자 - ID: 912738, 이메일: tennis1@playmate.com, 닉네임: 테니스초보
[2025-09-18T01:55:30.303Z] 사용자 912738의 채팅방 목록 조회 요청
사용자 912738의 채팅방 수: 1개
[2025-09-18T01:55:30.304Z] [0mGET /api/chat/rooms [32m200[0m 2.031 ms - 423[0m
[2025-09-18T01:55:30.307Z] 🔍 인증된 사용자 - ID: 912738, 이메일: tennis1@playmate.com, 닉네임: 테니스초보
[2025-09-18T01:55:30.308Z] ✅ 안전한 매칭 데이터 반환: 한남테니스장 (ID: 1758094285772)
[2025-09-18T01:55:30.308Z] [0mGET /api/matchings/1758094285772 [32m200[0m 1.143 ms - 809[0m
[2025-09-18T01:55:40.302Z] 🔍 인증된 사용자 - ID: 912738, 이메일: tennis1@playmate.com, 닉네임: 테니스초보
[2025-09-18T01:55:40.302Z] 사용자 912738의 채팅방 목록 조회 요청
사용자 912738의 채팅방 수: 1개
[2025-09-18T01:55:40.303Z] [0mGET /api/chat/rooms [32m200[0m 2.293 ms - 423[0m
[2025-09-18T01:55:40.306Z] 🔍 인증된 사용자 - ID: 912738, 이메일: tennis1@playmate.com, 닉네임: 테니스초보
[2025-09-18T01:55:40.306Z] ✅ 안전한 매칭 데이터 반환: 한남테니스장 (ID: 1758094285772)
[2025-09-18T01:55:40.306Z] [0mGET /api/matchings/1758094285772 [32m200[0m 0.865 ms - 809[0m
[2025-09-18T01:55:50.301Z] 🔍 인증된 사용자 - ID: 912738, 이메일: tennis1@playmate.com, 닉네임: 테니스초보
[2025-09-18T01:55:50.301Z] 사용자 912738의 채팅방 목록 조회 요청
사용자 912738의 채팅방 수: 1개
[0mGET /api/chat/rooms [32m200[0m 2.085 ms - 423[0m
[2025-09-18T01:55:50.305Z] 🔍 인증된 사용자 - ID: 912738, 이메일: tennis1@playmate.com, 닉네임: 테니스초보
[2025-09-18T01:55:50.306Z] ✅ 안전한 매칭 데이터 반환: 한남테니스장 (ID: 1758094285772)
[2025-09-18T01:55:50.306Z] [0mGET /api/matchings/1758094285772 [32m200[0m 0.854 ms - 809[0m
[2025-09-18T01:56:00.304Z] 🔍 인증된 사용자 - ID: 912738, 이메일: tennis1@playmate.com, 닉네임: 테니스초보
[2025-09-18T01:56:00.305Z] 사용자 912738의 채팅방 목록 조회 요청
사용자 912738의 채팅방 수: 1개
[2025-09-18T01:56:00.305Z] [0mGET /api/chat/rooms [32m200[0m 2.127 ms - 423[0m
[2025-09-18T01:56:00.308Z] 🔍 인증된 사용자 - ID: 912738, 이메일: tennis1@playmate.com, 닉네임: 테니스초보
[2025-09-18T01:56:00.308Z] ✅ 안전한 매칭 데이터 반환: 한남테니스장 (ID: 1758094285772)
[2025-09-18T01:56:00.309Z] [0mGET /api/matchings/1758094285772 [32m200[0m 0.868 ms - 809[0m
[2025-09-18T01:56:10.303Z] 🔍 인증된 사용자 - ID: 912738, 이메일: tennis1@playmate.com, 닉네임: 테니스초보
[2025-09-18T01:56:10.304Z] 사용자 912738의 채팅방 목록 조회 요청
사용자 912738의 채팅방 수: 1개
[2025-09-18T01:56:10.304Z] [0mGET /api/chat/rooms [32m200[0m 2.010 ms - 423[0m
[2025-09-18T01:56:10.307Z] 🔍 인증된 사용자 - ID: 912738, 이메일: tennis1@playmate.com, 닉네임: 테니스초보
[2025-09-18T01:56:10.308Z] ✅ 안전한 매칭 데이터 반환: 한남테니스장 (ID: 1758094285772)
[2025-09-18T01:56:10.308Z] [0mGET /api/matchings/1758094285772 [32m200[0m 1.115 ms - 809[0m
[2025-09-18T01:56:20.302Z] 🔍 인증된 사용자 - ID: 912738, 이메일: tennis1@playmate.com, 닉네임: 테니스초보
[2025-09-18T01:56:20.303Z] 사용자 912738의 채팅방 목록 조회 요청
사용자 912738의 채팅방 수: 1개
[2025-09-18T01:56:20.303Z] [0mGET /api/chat/rooms [32m200[0m 2.141 ms - 423[0m
[2025-09-18T01:56:20.306Z] 🔍 인증된 사용자 - ID: 912738, 이메일: tennis1@playmate.com, 닉네임: 테니스초보
[2025-09-18T01:56:20.306Z] ✅ 안전한 매칭 데이터 반환: 한남테니스장 (ID: 1758094285772)
[2025-09-18T01:56:20.306Z] [0mGET /api/matchings/1758094285772 [32m200[0m 0.848 ms - 809[0m
[2025-09-18T01:56:30.303Z] 🔍 인증된 사용자 - ID: 912738, 이메일: tennis1@playmate.com, 닉네임: 테니스초보
[2025-09-18T01:56:30.304Z] 사용자 912738의 채팅방 목록 조회 요청
사용자 912738의 채팅방 수: 1개
[0mGET /api/chat/rooms [32m200[0m 1.972 ms - 423[0m
[2025-09-18T01:56:30.308Z] 🔍 인증된 사용자 - ID: 912738, 이메일: tennis1@playmate.com, 닉네임: 테니스초보
[2025-09-18T01:56:30.308Z] ✅ 안전한 매칭 데이터 반환: 한남테니스장 (ID: 1758094285772)
[2025-09-18T01:56:30.308Z] [0mGET /api/matchings/1758094285772 [32m200[0m 1.119 ms - 809[0m
[2025-09-18T01:56:40.302Z] 🔍 인증된 사용자 - ID: 912738, 이메일: tennis1@playmate.com, 닉네임: 테니스초보
[2025-09-18T01:56:40.303Z] 사용자 912738의 채팅방 목록 조회 요청
사용자 912738의 채팅방 수: 1개
[2025-09-18T01:56:40.303Z] [0mGET /api/chat/rooms [32m200[0m 2.090 ms - 423[0m
[2025-09-18T01:56:40.306Z] 🔍 인증된 사용자 - ID: 912738, 이메일: tennis1@playmate.com, 닉네임: 테니스초보
[2025-09-18T01:56:40.307Z] ✅ 안전한 매칭 데이터 반환: 한남테니스장 (ID: 1758094285772)
[2025-09-18T01:56:40.307Z] [0mGET /api/matchings/1758094285772 [32m200[0m 1.054 ms - 809[0m
[2025-09-18T01:56:50.300Z] 🔍 인증된 사용자 - ID: 912738, 이메일: tennis1@playmate.com, 닉네임: 테니스초보
[2025-09-18T01:56:50.301Z] 사용자 912738의 채팅방 목록 조회 요청
사용자 912738의 채팅방 수: 1개
[0mGET /api/chat/rooms [32m200[0m 1.463 ms - 423[0m
[2025-09-18T01:56:50.305Z] 🔍 인증된 사용자 - ID: 912738, 이메일: tennis1@playmate.com, 닉네임: 테니스초보
[2025-09-18T01:56:50.305Z] ✅ 안전한 매칭 데이터 반환: 한남테니스장 (ID: 1758094285772)
[2025-09-18T01:56:50.306Z] [0mGET /api/matchings/1758094285772 [32m200[0m 0.915 ms - 809[0m
[2025-09-18T01:57:00.302Z] 🔍 인증된 사용자 - ID: 912738, 이메일: tennis1@playmate.com, 닉네임: 테니스초보
[2025-09-18T01:57:00.303Z] 사용자 912738의 채팅방 목록 조회 요청
사용자 912738의 채팅방 수: 1개
[0mGET /api/chat/rooms [32m200[0m 2.025 ms - 423[0m
[2025-09-18T01:57:00.306Z] 🔍 인증된 사용자 - ID: 912738, 이메일: tennis1@playmate.com, 닉네임: 테니스초보
[2025-09-18T01:57:00.307Z] ✅ 안전한 매칭 데이터 반환: 한남테니스장 (ID: 1758094285772)
[2025-09-18T01:57:00.307Z] [0mGET /api/matchings/1758094285772 [32m200[0m 1.116 ms - 809[0m
[2025-09-18T01:57:10.301Z] 🔍 인증된 사용자 - ID: 912738, 이메일: tennis1@playmate.com, 닉네임: 테니스초보
[2025-09-18T01:57:10.301Z] 사용자 912738의 채팅방 목록 조회 요청
사용자 912738의 채팅방 수: 1개
[2025-09-18T01:57:10.302Z] [0mGET /api/chat/rooms [32m200[0m 1.950 ms - 423[0m
[2025-09-18T01:57:10.305Z] 🔍 인증된 사용자 - ID: 912738, 이메일: tennis1@playmate.com, 닉네임: 테니스초보
[2025-09-18T01:57:10.305Z] ✅ 안전한 매칭 데이터 반환: 한남테니스장 (ID: 1758094285772)
[2025-09-18T01:57:10.306Z] [0mGET /api/matchings/1758094285772 [32m200[0m 1.148 ms - 809[0m
[2025-09-18T01:57:20.301Z] 🔍 인증된 사용자 - ID: 912738, 이메일: tennis1@playmate.com, 닉네임: 테니스초보
[2025-09-18T01:57:20.301Z] 사용자 912738의 채팅방 목록 조회 요청
사용자 912738의 채팅방 수: 1개
[0mGET /api/chat/rooms [32m200[0m 1.976 ms - 423[0m
[2025-09-18T01:57:20.305Z] 🔍 인증된 사용자 - ID: 912738, 이메일: tennis1@playmate.com, 닉네임: 테니스초보
[2025-09-18T01:57:20.305Z] ✅ 안전한 매칭 데이터 반환: 한남테니스장 (ID: 1758094285772)
[2025-09-18T01:57:20.306Z] [0mGET /api/matchings/1758094285772 [32m200[0m 1.053 ms - 809[0m
[2025-09-18T01:57:30.301Z] 🔍 인증된 사용자 - ID: 912738, 이메일: tennis1@playmate.com, 닉네임: 테니스초보
사용자 912738의 채팅방 목록 조회 요청
[2025-09-18T01:57:30.302Z] 사용자 912738의 채팅방 수: 1개
[0mGET /api/chat/rooms [32m200[0m 1.814 ms - 423[0m
[2025-09-18T01:57:30.305Z] 🔍 인증된 사용자 - ID: 912738, 이메일: tennis1@playmate.com, 닉네임: 테니스초보
[2025-09-18T01:57:30.306Z] ✅ 안전한 매칭 데이터 반환: 한남테니스장 (ID: 1758094285772)
[2025-09-18T01:57:30.306Z] [0mGET /api/matchings/1758094285772 [32m200[0m 1.156 ms - 809[0m
[2025-09-18T01:57:40.301Z] 🔍 인증된 사용자 - ID: 912738, 이메일: tennis1@playmate.com, 닉네임: 테니스초보
[2025-09-18T01:57:40.302Z] 사용자 912738의 채팅방 목록 조회 요청
사용자 912738의 채팅방 수: 1개
[2025-09-18T01:57:40.302Z] [0mGET /api/chat/rooms [32m200[0m 1.959 ms - 423[0m
[2025-09-18T01:57:40.306Z] 🔍 인증된 사용자 - ID: 912738, 이메일: tennis1@playmate.com, 닉네임: 테니스초보
[2025-09-18T01:57:40.306Z] ✅ 안전한 매칭 데이터 반환: 한남테니스장 (ID: 1758094285772)
[2025-09-18T01:57:40.306Z] [0mGET /api/matchings/1758094285772 [32m200[0m 1.098 ms - 809[0m
[2025-09-18T01:57:50.301Z] 🔍 인증된 사용자 - ID: 912738, 이메일: tennis1@playmate.com, 닉네임: 테니스초보
[2025-09-18T01:57:50.301Z] 사용자 912738의 채팅방 목록 조회 요청
사용자 912738의 채팅방 수: 1개
[0mGET /api/chat/rooms [32m200[0m 1.987 ms - 423[0m
[2025-09-18T01:57:50.305Z] 🔍 인증된 사용자 - ID: 912738, 이메일: tennis1@playmate.com, 닉네임: 테니스초보
[2025-09-18T01:57:50.305Z] ✅ 안전한 매칭 데이터 반환: 한남테니스장 (ID: 1758094285772)
[2025-09-18T01:57:50.305Z] [0mGET /api/matchings/1758094285772 [32m200[0m 1.038 ms - 809[0m
[2025-09-18T01:58:00.302Z] 🔍 인증된 사용자 - ID: 912738, 이메일: tennis1@playmate.com, 닉네임: 테니스초보
[2025-09-18T01:58:00.302Z] 사용자 912738의 채팅방 목록 조회 요청
사용자 912738의 채팅방 수: 1개
[2025-09-18T01:58:00.303Z] [0mGET /api/chat/rooms [32m200[0m 1.972 ms - 423[0m
[2025-09-18T01:58:00.306Z] 🔍 인증된 사용자 - ID: 912738, 이메일: tennis1@playmate.com, 닉네임: 테니스초보
[2025-09-18T01:58:00.306Z] ✅ 안전한 매칭 데이터 반환: 한남테니스장 (ID: 1758094285772)
[2025-09-18T01:58:00.306Z] [0mGET /api/matchings/1758094285772 [32m200[0m 1.059 ms - 809[0m
[2025-09-18T01:58:05.233Z] 🔍 인증된 사용자 - ID: 912738, 이메일: tennis1@playmate.com, 닉네임: 테니스초보
[2025-09-18T01:58:05.234Z] [0mGET /api/auth/me [32m200[0m 1.305 ms - 97[0m
[2025-09-18T01:58:10.301Z] 🔍 인증된 사용자 - ID: 912738, 이메일: tennis1@playmate.com, 닉네임: 테니스초보
[2025-09-18T01:58:10.301Z] 사용자 912738의 채팅방 목록 조회 요청
사용자 912738의 채팅방 수: 1개
[0mGET /api/chat/rooms [32m200[0m 1.781 ms - 423[0m
[2025-09-18T01:58:10.305Z] 🔍 인증된 사용자 - ID: 912738, 이메일: tennis1@playmate.com, 닉네임: 테니스초보
[2025-09-18T01:58:10.305Z] ✅ 안전한 매칭 데이터 반환: 한남테니스장 (ID: 1758094285772)
[2025-09-18T01:58:10.306Z] [0mGET /api/matchings/1758094285772 [32m200[0m 1.107 ms - 809[0m
[2025-09-18T01:58:20.303Z] 🔍 인증된 사용자 - ID: 912738, 이메일: tennis1@playmate.com, 닉네임: 테니스초보
[2025-09-18T01:58:20.304Z] 사용자 912738의 채팅방 목록 조회 요청
사용자 912738의 채팅방 수: 1개
[2025-09-18T01:58:20.305Z] [0mGET /api/chat/rooms [32m200[0m 2.065 ms - 423[0m
[2025-09-18T01:58:20.308Z] 🔍 인증된 사용자 - ID: 912738, 이메일: tennis1@playmate.com, 닉네임: 테니스초보
[2025-09-18T01:58:20.308Z] ✅ 안전한 매칭 데이터 반환: 한남테니스장 (ID: 1758094285772)
[2025-09-18T01:58:20.308Z] [0mGET /api/matchings/1758094285772 [32m200[0m 1.028 ms - 809[0m
[2025-09-18T01:58:30.303Z] 🔍 인증된 사용자 - ID: 912738, 이메일: tennis1@playmate.com, 닉네임: 테니스초보
[2025-09-18T01:58:30.303Z] 사용자 912738의 채팅방 목록 조회 요청
사용자 912738의 채팅방 수: 1개
[0mGET /api/chat/rooms [32m200[0m 2.156 ms - 423[0m
[2025-09-18T01:58:30.306Z] 🔍 인증된 사용자 - ID: 912738, 이메일: tennis1@playmate.com, 닉네임: 테니스초보
[2025-09-18T01:58:30.307Z] ✅ 안전한 매칭 데이터 반환: 한남테니스장 (ID: 1758094285772)
[2025-09-18T01:58:30.307Z] [0mGET /api/matchings/1758094285772 [32m200[0m 1.033 ms - 809[0m
[2025-09-18T01:58:40.300Z] 🔍 인증된 사용자 - ID: 912738, 이메일: tennis1@playmate.com, 닉네임: 테니스초보
[2025-09-18T01:58:40.300Z] 사용자 912738의 채팅방 목록 조회 요청
사용자 912738의 채팅방 수: 1개
[2025-09-18T01:58:40.301Z] [0mGET /api/chat/rooms [32m200[0m 1.509 ms - 423[0m
[2025-09-18T01:58:40.304Z] 🔍 인증된 사용자 - ID: 912738, 이메일: tennis1@playmate.com, 닉네임: 테니스초보
[2025-09-18T01:58:40.304Z] ✅ 안전한 매칭 데이터 반환: 한남테니스장 (ID: 1758094285772)
[2025-09-18T01:58:40.305Z] [0mGET /api/matchings/1758094285772 [32m200[0m 0.873 ms - 809[0m
[2025-09-18T01:58:50.304Z] 🔍 인증된 사용자 - ID: 912738, 이메일: tennis1@playmate.com, 닉네임: 테니스초보
[2025-09-18T01:58:50.304Z] 사용자 912738의 채팅방 목록 조회 요청
사용자 912738의 채팅방 수: 1개
[2025-09-18T01:58:50.305Z] [0mGET /api/chat/rooms [32m200[0m 1.661 ms - 423[0m
[2025-09-18T01:58:50.308Z] 🔍 인증된 사용자 - ID: 912738, 이메일: tennis1@playmate.com, 닉네임: 테니스초보
[2025-09-18T01:58:50.309Z] ✅ 안전한 매칭 데이터 반환: 한남테니스장 (ID: 1758094285772)
[2025-09-18T01:58:50.309Z] [0mGET /api/matchings/1758094285772 [32m200[0m 1.352 ms - 809[0m
[2025-09-18T01:59:00.302Z] 🔍 인증된 사용자 - ID: 912738, 이메일: tennis1@playmate.com, 닉네임: 테니스초보
사용자 912738의 채팅방 목록 조회 요청
[2025-09-18T01:59:00.302Z] 사용자 912738의 채팅방 수: 1개
[0mGET /api/chat/rooms [32m200[0m 1.046 ms - 423[0m
[2025-09-18T01:59:00.306Z] 🔍 인증된 사용자 - ID: 912738, 이메일: tennis1@playmate.com, 닉네임: 테니스초보
[2025-09-18T01:59:00.306Z] ✅ 안전한 매칭 데이터 반환: 한남테니스장 (ID: 1758094285772)
[2025-09-18T01:59:00.307Z] [0mGET /api/matchings/1758094285772 [32m200[0m 0.958 ms - 809[0m
[2025-09-18T01:59:10.302Z] 🔍 인증된 사용자 - ID: 912738, 이메일: tennis1@playmate.com, 닉네임: 테니스초보
사용자 912738의 채팅방 목록 조회 요청
[2025-09-18T01:59:10.302Z] 사용자 912738의 채팅방 수: 1개
[0mGET /api/chat/rooms [32m200[0m 1.821 ms - 423[0m
[2025-09-18T01:59:10.306Z] 🔍 인증된 사용자 - ID: 912738, 이메일: tennis1@playmate.com, 닉네임: 테니스초보
[2025-09-18T01:59:10.306Z] ✅ 안전한 매칭 데이터 반환: 한남테니스장 (ID: 1758094285772)
[2025-09-18T01:59:10.306Z] [0mGET /api/matchings/1758094285772 [32m200[0m 0.866 ms - 809[0m
[2025-09-18T01:59:20.302Z] 🔍 인증된 사용자 - ID: 912738, 이메일: tennis1@playmate.com, 닉네임: 테니스초보
[2025-09-18T01:59:20.302Z] 사용자 912738의 채팅방 목록 조회 요청
사용자 912738의 채팅방 수: 1개
[2025-09-18T01:59:20.303Z] [0mGET /api/chat/rooms [32m200[0m 2.106 ms - 423[0m
[2025-09-18T01:59:20.306Z] 🔍 인증된 사용자 - ID: 912738, 이메일: tennis1@playmate.com, 닉네임: 테니스초보
[2025-09-18T01:59:20.306Z] ✅ 안전한 매칭 데이터 반환: 한남테니스장 (ID: 1758094285772)
[2025-09-18T01:59:20.306Z] [0mGET /api/matchings/1758094285772 [32m200[0m 0.978 ms - 809[0m
[2025-09-18T01:59:30.302Z] 🔍 인증된 사용자 - ID: 912738, 이메일: tennis1@playmate.com, 닉네임: 테니스초보
[2025-09-18T01:59:30.302Z] 사용자 912738의 채팅방 목록 조회 요청
사용자 912738의 채팅방 수: 1개
[2025-09-18T01:59:30.303Z] [0mGET /api/chat/rooms [32m200[0m 2.028 ms - 423[0m
[2025-09-18T01:59:30.306Z] 🔍 인증된 사용자 - ID: 912738, 이메일: tennis1@playmate.com, 닉네임: 테니스초보
[2025-09-18T01:59:30.306Z] ✅ 안전한 매칭 데이터 반환: 한남테니스장 (ID: 1758094285772)
[2025-09-18T01:59:30.306Z] [0mGET /api/matchings/1758094285772 [32m200[0m 1.144 ms - 809[0m
[2025-09-18T01:59:40.302Z] 🔍 인증된 사용자 - ID: 912738, 이메일: tennis1@playmate.com, 닉네임: 테니스초보
[2025-09-18T01:59:40.302Z] 사용자 912738의 채팅방 목록 조회 요청
사용자 912738의 채팅방 수: 1개
[2025-09-18T01:59:40.302Z] [0mGET /api/chat/rooms [32m200[0m 1.937 ms - 423[0m
[2025-09-18T01:59:40.306Z] 🔍 인증된 사용자 - ID: 912738, 이메일: tennis1@playmate.com, 닉네임: 테니스초보
[2025-09-18T01:59:40.306Z] ✅ 안전한 매칭 데이터 반환: 한남테니스장 (ID: 1758094285772)
[2025-09-18T01:59:40.306Z] [0mGET /api/matchings/1758094285772 [32m200[0m 0.934 ms - 809[0m
[2025-09-18T01:59:50.302Z] 🔍 인증된 사용자 - ID: 912738, 이메일: tennis1@playmate.com, 닉네임: 테니스초보
[2025-09-18T01:59:50.303Z] 사용자 912738의 채팅방 목록 조회 요청
사용자 912738의 채팅방 수: 1개
[2025-09-18T01:59:50.303Z] [0mGET /api/chat/rooms [32m200[0m 2.155 ms - 423[0m
[2025-09-18T01:59:50.306Z] 🔍 인증된 사용자 - ID: 912738, 이메일: tennis1@playmate.com, 닉네임: 테니스초보
[2025-09-18T01:59:50.307Z] ✅ 안전한 매칭 데이터 반환: 한남테니스장 (ID: 1758094285772)
[2025-09-18T01:59:50.307Z] [0mGET /api/matchings/1758094285772 [32m200[0m 1.136 ms - 809[0m
[2025-09-18T02:00:00.301Z] 🔍 인증된 사용자 - ID: 912738, 이메일: tennis1@playmate.com, 닉네임: 테니스초보
[2025-09-18T02:00:00.301Z] 사용자 912738의 채팅방 목록 조회 요청
사용자 912738의 채팅방 수: 1개
[2025-09-18T02:00:00.301Z] [0mGET /api/chat/rooms [32m200[0m 1.890 ms - 423[0m
[2025-09-18T02:00:00.305Z] 🔍 인증된 사용자 - ID: 912738, 이메일: tennis1@playmate.com, 닉네임: 테니스초보
[2025-09-18T02:00:00.305Z] ✅ 안전한 매칭 데이터 반환: 한남테니스장 (ID: 1758094285772)
[2025-09-18T02:00:00.305Z] [0mGET /api/matchings/1758094285772 [32m200[0m 1.042 ms - 809[0m
[2025-09-18T02:00:10.300Z] 🔍 인증된 사용자 - ID: 912738, 이메일: tennis1@playmate.com, 닉네임: 테니스초보
사용자 912738의 채팅방 목록 조회 요청
[2025-09-18T02:00:10.300Z] 사용자 912738의 채팅방 수: 1개
[0mGET /api/chat/rooms [32m200[0m 0.496 ms - 423[0m
[2025-09-18T02:00:10.304Z] 🔍 인증된 사용자 - ID: 912738, 이메일: tennis1@playmate.com, 닉네임: 테니스초보
[2025-09-18T02:00:10.305Z] ✅ 안전한 매칭 데이터 반환: 한남테니스장 (ID: 1758094285772)
[0mGET /api/matchings/1758094285772 [32m200[0m 0.910 ms - 809[0m
[2025-09-18T02:00:20.302Z] 🔍 인증된 사용자 - ID: 912738, 이메일: tennis1@playmate.com, 닉네임: 테니스초보
[2025-09-18T02:00:20.303Z] 사용자 912738의 채팅방 목록 조회 요청
사용자 912738의 채팅방 수: 1개
[0mGET /api/chat/rooms [32m200[0m 2.071 ms - 423[0m
[2025-09-18T02:00:20.306Z] 🔍 인증된 사용자 - ID: 912738, 이메일: tennis1@playmate.com, 닉네임: 테니스초보
[2025-09-18T02:00:20.307Z] ✅ 안전한 매칭 데이터 반환: 한남테니스장 (ID: 1758094285772)
[2025-09-18T02:00:20.307Z] [0mGET /api/matchings/1758094285772 [32m200[0m 0.974 ms - 809[0m
[2025-09-18T02:00:30.304Z] 🔍 인증된 사용자 - ID: 912738, 이메일: tennis1@playmate.com, 닉네임: 테니스초보
[2025-09-18T02:00:30.304Z] 사용자 912738의 채팅방 목록 조회 요청
사용자 912738의 채팅방 수: 1개
[2025-09-18T02:00:30.305Z] [0mGET /api/chat/rooms [32m200[0m 2.095 ms - 423[0m
[2025-09-18T02:00:30.308Z] 🔍 인증된 사용자 - ID: 912738, 이메일: tennis1@playmate.com, 닉네임: 테니스초보
[2025-09-18T02:00:30.308Z] ✅ 안전한 매칭 데이터 반환: 한남테니스장 (ID: 1758094285772)
[2025-09-18T02:00:30.308Z] [0mGET /api/matchings/1758094285772 [32m200[0m 1.209 ms - 809[0m
[2025-09-18T02:00:40.305Z] 🔍 인증된 사용자 - ID: 912738, 이메일: tennis1@playmate.com, 닉네임: 테니스초보
[2025-09-18T02:00:40.305Z] 사용자 912738의 채팅방 목록 조회 요청
사용자 912738의 채팅방 수: 1개
[0mGET /api/chat/rooms [32m200[0m 1.916 ms - 423[0m
[2025-09-18T02:00:40.308Z] 🔍 인증된 사용자 - ID: 912738, 이메일: tennis1@playmate.com, 닉네임: 테니스초보
[2025-09-18T02:00:40.309Z] ✅ 안전한 매칭 데이터 반환: 한남테니스장 (ID: 1758094285772)
[2025-09-18T02:00:40.309Z] [0mGET /api/matchings/1758094285772 [32m200[0m 1.076 ms - 809[0m
[2025-09-18T02:00:50.302Z] 🔍 인증된 사용자 - ID: 912738, 이메일: tennis1@playmate.com, 닉네임: 테니스초보
[2025-09-18T02:00:50.302Z] 사용자 912738의 채팅방 목록 조회 요청
사용자 912738의 채팅방 수: 1개
[2025-09-18T02:00:50.303Z] [0mGET /api/chat/rooms [32m200[0m 2.242 ms - 423[0m
[2025-09-18T02:00:50.306Z] 🔍 인증된 사용자 - ID: 912738, 이메일: tennis1@playmate.com, 닉네임: 테니스초보
[2025-09-18T02:00:50.307Z] ✅ 안전한 매칭 데이터 반환: 한남테니스장 (ID: 1758094285772)
[2025-09-18T02:00:50.307Z] [0mGET /api/matchings/1758094285772 [32m200[0m 0.981 ms - 809[0m
[2025-09-18T02:01:00.302Z] 🔍 인증된 사용자 - ID: 912738, 이메일: tennis1@playmate.com, 닉네임: 테니스초보
[2025-09-18T02:01:00.302Z] 사용자 912738의 채팅방 목록 조회 요청
사용자 912738의 채팅방 수: 1개
[0mGET /api/chat/rooms [32m200[0m 1.950 ms - 423[0m
[2025-09-18T02:01:00.306Z] 🔍 인증된 사용자 - ID: 912738, 이메일: tennis1@playmate.com, 닉네임: 테니스초보
[2025-09-18T02:01:00.306Z] ✅ 안전한 매칭 데이터 반환: 한남테니스장 (ID: 1758094285772)
[2025-09-18T02:01:00.306Z] [0mGET /api/matchings/1758094285772 [32m200[0m 0.889 ms - 809[0m
[2025-09-18T02:01:10.302Z] 🔍 인증된 사용자 - ID: 912738, 이메일: tennis1@playmate.com, 닉네임: 테니스초보
[2025-09-18T02:01:10.302Z] 사용자 912738의 채팅방 목록 조회 요청
사용자 912738의 채팅방 수: 1개
[0mGET /api/chat/rooms [32m200[0m 1.992 ms - 423[0m
[2025-09-18T02:01:10.306Z] 🔍 인증된 사용자 - ID: 912738, 이메일: tennis1@playmate.com, 닉네임: 테니스초보
✅ 안전한 매칭 데이터 반환: 한남테니스장 (ID: 1758094285772)
[2025-09-18T02:01:10.306Z] [0mGET /api/matchings/1758094285772 [32m200[0m 0.904 ms - 809[0m
[2025-09-18T02:01:20.304Z] 🔍 인증된 사용자 - ID: 912738, 이메일: tennis1@playmate.com, 닉네임: 테니스초보
[2025-09-18T02:01:20.305Z] 사용자 912738의 채팅방 목록 조회 요청
사용자 912738의 채팅방 수: 1개
[0mGET /api/chat/rooms [32m200[0m 2.085 ms - 423[0m
[2025-09-18T02:01:20.308Z] 🔍 인증된 사용자 - ID: 912738, 이메일: tennis1@playmate.com, 닉네임: 테니스초보
[2025-09-18T02:01:20.308Z] ✅ 안전한 매칭 데이터 반환: 한남테니스장 (ID: 1758094285772)
[2025-09-18T02:01:20.309Z] [0mGET /api/matchings/1758094285772 [32m200[0m 1.107 ms - 809[0m
[2025-09-18T02:01:30.302Z] 🔍 인증된 사용자 - ID: 912738, 이메일: tennis1@playmate.com, 닉네임: 테니스초보
[2025-09-18T02:01:30.303Z] 사용자 912738의 채팅방 목록 조회 요청
사용자 912738의 채팅방 수: 1개
[2025-09-18T02:01:30.303Z] [0mGET /api/chat/rooms [32m200[0m 2.068 ms - 423[0m
[2025-09-18T02:01:30.306Z] 🔍 인증된 사용자 - ID: 912738, 이메일: tennis1@playmate.com, 닉네임: 테니스초보
[2025-09-18T02:01:30.306Z] ✅ 안전한 매칭 데이터 반환: 한남테니스장 (ID: 1758094285772)
[2025-09-18T02:01:30.306Z] [0mGET /api/matchings/1758094285772 [32m200[0m 0.958 ms - 809[0m
[2025-09-18T02:01:40.303Z] 🔍 인증된 사용자 - ID: 912738, 이메일: tennis1@playmate.com, 닉네임: 테니스초보
[2025-09-18T02:01:40.303Z] 사용자 912738의 채팅방 목록 조회 요청
사용자 912738의 채팅방 수: 1개
[0mGET /api/chat/rooms [32m200[0m 2.103 ms - 423[0m
[2025-09-18T02:01:40.306Z] 🔍 인증된 사용자 - ID: 912738, 이메일: tennis1@playmate.com, 닉네임: 테니스초보
[2025-09-18T02:01:40.307Z] ✅ 안전한 매칭 데이터 반환: 한남테니스장 (ID: 1758094285772)
[2025-09-18T02:01:40.307Z] [0mGET /api/matchings/1758094285772 [32m200[0m 0.911 ms - 809[0m
[2025-09-18T02:01:50.304Z] 🔍 인증된 사용자 - ID: 912738, 이메일: tennis1@playmate.com, 닉네임: 테니스초보
[2025-09-18T02:01:50.305Z] 사용자 912738의 채팅방 목록 조회 요청
사용자 912738의 채팅방 수: 1개
[0mGET /api/chat/rooms [32m200[0m 2.015 ms - 423[0m
[2025-09-18T02:01:50.308Z] 🔍 인증된 사용자 - ID: 912738, 이메일: tennis1@playmate.com, 닉네임: 테니스초보
[2025-09-18T02:01:50.308Z] ✅ 안전한 매칭 데이터 반환: 한남테니스장 (ID: 1758094285772)
[2025-09-18T02:01:50.308Z] [0mGET /api/matchings/1758094285772 [32m200[0m 0.913 ms - 809[0m
[2025-09-18T02:02:00.301Z] 🔍 인증된 사용자 - ID: 912738, 이메일: tennis1@playmate.com, 닉네임: 테니스초보
[2025-09-18T02:02:00.302Z] 사용자 912738의 채팅방 목록 조회 요청
사용자 912738의 채팅방 수: 1개
[0mGET /api/chat/rooms [32m200[0m 1.280 ms - 423[0m
[2025-09-18T02:02:00.305Z] 🔍 인증된 사용자 - ID: 912738, 이메일: tennis1@playmate.com, 닉네임: 테니스초보
[2025-09-18T02:02:00.305Z] ✅ 안전한 매칭 데이터 반환: 한남테니스장 (ID: 1758094285772)
[2025-09-18T02:02:00.305Z] [0mGET /api/matchings/1758094285772 [32m200[0m 0.928 ms - 809[0m
[2025-09-18T02:02:10.304Z] 🔍 인증된 사용자 - ID: 912738, 이메일: tennis1@playmate.com, 닉네임: 테니스초보
[2025-09-18T02:02:10.304Z] 사용자 912738의 채팅방 목록 조회 요청
사용자 912738의 채팅방 수: 1개
[0mGET /api/chat/rooms [32m200[0m 2.032 ms - 423[0m
[2025-09-18T02:02:10.309Z] 🔍 인증된 사용자 - ID: 912738, 이메일: tennis1@playmate.com, 닉네임: 테니스초보
✅ 안전한 매칭 데이터 반환: 한남테니스장 (ID: 1758094285772)
[0mGET /api/matchings/1758094285772 [32m200[0m 0.908 ms - 809[0m
[2025-09-18T02:02:20.303Z] 🔍 인증된 사용자 - ID: 912738, 이메일: tennis1@playmate.com, 닉네임: 테니스초보
[2025-09-18T02:02:20.303Z] 사용자 912738의 채팅방 목록 조회 요청
사용자 912738의 채팅방 수: 1개
[0mGET /api/chat/rooms [32m200[0m 1.669 ms - 423[0m
[2025-09-18T02:02:20.307Z] 🔍 인증된 사용자 - ID: 912738, 이메일: tennis1@playmate.com, 닉네임: 테니스초보
[2025-09-18T02:02:20.307Z] ✅ 안전한 매칭 데이터 반환: 한남테니스장 (ID: 1758094285772)
[2025-09-18T02:02:20.308Z] [0mGET /api/matchings/1758094285772 [32m200[0m 1.002 ms - 809[0m
[2025-09-18T02:02:30.303Z] 🔍 인증된 사용자 - ID: 912738, 이메일: tennis1@playmate.com, 닉네임: 테니스초보
사용자 912738의 채팅방 목록 조회 요청
[2025-09-18T02:02:30.303Z] 사용자 912738의 채팅방 수: 1개
[0mGET /api/chat/rooms [32m200[0m 2.082 ms - 423[0m
[2025-09-18T02:02:30.306Z] 🔍 인증된 사용자 - ID: 912738, 이메일: tennis1@playmate.com, 닉네임: 테니스초보
[2025-09-18T02:02:30.306Z] ✅ 안전한 매칭 데이터 반환: 한남테니스장 (ID: 1758094285772)
[2025-09-18T02:02:30.307Z] [0mGET /api/matchings/1758094285772 [32m200[0m 0.826 ms - 809[0m
[2025-09-18T02:02:40.301Z] 🔍 인증된 사용자 - ID: 912738, 이메일: tennis1@playmate.com, 닉네임: 테니스초보
[2025-09-18T02:02:40.302Z] 사용자 912738의 채팅방 목록 조회 요청
사용자 912738의 채팅방 수: 1개
[2025-09-18T02:02:40.302Z] [0mGET /api/chat/rooms [32m200[0m 1.939 ms - 423[0m
[2025-09-18T02:02:40.306Z] 🔍 인증된 사용자 - ID: 912738, 이메일: tennis1@playmate.com, 닉네임: 테니스초보
[2025-09-18T02:02:40.306Z] ✅ 안전한 매칭 데이터 반환: 한남테니스장 (ID: 1758094285772)
[2025-09-18T02:02:40.306Z] [0mGET /api/matchings/1758094285772 [32m200[0m 0.859 ms - 809[0m
[2025-09-18T02:02:50.303Z] 🔍 인증된 사용자 - ID: 912738, 이메일: tennis1@playmate.com, 닉네임: 테니스초보
[2025-09-18T02:02:50.304Z] 사용자 912738의 채팅방 목록 조회 요청
사용자 912738의 채팅방 수: 1개
[0mGET /api/chat/rooms [32m200[0m 2.189 ms - 423[0m
[2025-09-18T02:02:50.306Z] 🔍 인증된 사용자 - ID: 912738, 이메일: tennis1@playmate.com, 닉네임: 테니스초보
[2025-09-18T02:02:50.307Z] ✅ 안전한 매칭 데이터 반환: 한남테니스장 (ID: 1758094285772)
[2025-09-18T02:02:50.307Z] [0mGET /api/matchings/1758094285772 [32m200[0m 0.879 ms - 809[0m
[2025-09-18T02:03:00.302Z] 🔍 인증된 사용자 - ID: 912738, 이메일: tennis1@playmate.com, 닉네임: 테니스초보
[2025-09-18T02:03:00.303Z] 사용자 912738의 채팅방 목록 조회 요청
사용자 912738의 채팅방 수: 1개
[2025-09-18T02:03:00.303Z] [0mGET /api/chat/rooms [32m200[0m 2.254 ms - 423[0m
[2025-09-18T02:03:00.306Z] 🔍 인증된 사용자 - ID: 912738, 이메일: tennis1@playmate.com, 닉네임: 테니스초보
[2025-09-18T02:03:00.307Z] ✅ 안전한 매칭 데이터 반환: 한남테니스장 (ID: 1758094285772)
[2025-09-18T02:03:00.307Z] [0mGET /api/matchings/1758094285772 [32m200[0m 1.070 ms - 809[0m
[2025-09-18T02:03:05.234Z] 🔍 인증된 사용자 - ID: 912738, 이메일: tennis1@playmate.com, 닉네임: 테니스초보
[2025-09-18T02:03:05.235Z] [0mGET /api/auth/me [32m200[0m 1.890 ms - 97[0m
[2025-09-18T02:03:10.302Z] 🔍 인증된 사용자 - ID: 912738, 이메일: tennis1@playmate.com, 닉네임: 테니스초보
[2025-09-18T02:03:10.302Z] 사용자 912738의 채팅방 목록 조회 요청
사용자 912738의 채팅방 수: 1개
[2025-09-18T02:03:10.303Z] [0mGET /api/chat/rooms [32m200[0m 1.986 ms - 423[0m
[2025-09-18T02:03:10.306Z] 🔍 인증된 사용자 - ID: 912738, 이메일: tennis1@playmate.com, 닉네임: 테니스초보
[2025-09-18T02:03:10.306Z] ✅ 안전한 매칭 데이터 반환: 한남테니스장 (ID: 1758094285772)
[2025-09-18T02:03:10.306Z] [0mGET /api/matchings/1758094285772 [32m200[0m 1.150 ms - 809[0m
[2025-09-18T02:03:20.303Z] 🔍 인증된 사용자 - ID: 912738, 이메일: tennis1@playmate.com, 닉네임: 테니스초보
[2025-09-18T02:03:20.303Z] 사용자 912738의 채팅방 목록 조회 요청
사용자 912738의 채팅방 수: 1개
[2025-09-18T02:03:20.304Z] [0mGET /api/chat/rooms [32m200[0m 1.928 ms - 423[0m
[2025-09-18T02:03:20.308Z] 🔍 인증된 사용자 - ID: 912738, 이메일: tennis1@playmate.com, 닉네임: 테니스초보
[2025-09-18T02:03:20.308Z] ✅ 안전한 매칭 데이터 반환: 한남테니스장 (ID: 1758094285772)
[2025-09-18T02:03:20.308Z] [0mGET /api/matchings/1758094285772 [32m200[0m 1.097 ms - 809[0m
[2025-09-18T02:03:30.302Z] 🔍 인증된 사용자 - ID: 912738, 이메일: tennis1@playmate.com, 닉네임: 테니스초보
[2025-09-18T02:03:30.302Z] 사용자 912738의 채팅방 목록 조회 요청
사용자 912738의 채팅방 수: 1개
[0mGET /api/chat/rooms [32m200[0m 1.860 ms - 423[0m
[2025-09-18T02:03:30.306Z] 🔍 인증된 사용자 - ID: 912738, 이메일: tennis1@playmate.com, 닉네임: 테니스초보
[2025-09-18T02:03:30.307Z] ✅ 안전한 매칭 데이터 반환: 한남테니스장 (ID: 1758094285772)
[2025-09-18T02:03:30.307Z] [0mGET /api/matchings/1758094285772 [32m200[0m 1.080 ms - 809[0m
[2025-09-18T02:03:40.302Z] 🔍 인증된 사용자 - ID: 912738, 이메일: tennis1@playmate.com, 닉네임: 테니스초보
[2025-09-18T02:03:40.302Z] 사용자 912738의 채팅방 목록 조회 요청
사용자 912738의 채팅방 수: 1개
[0mGET /api/chat/rooms [32m200[0m 1.242 ms - 423[0m
[2025-09-18T02:03:40.307Z] 🔍 인증된 사용자 - ID: 912738, 이메일: tennis1@playmate.com, 닉네임: 테니스초보
[2025-09-18T02:03:40.307Z] ✅ 안전한 매칭 데이터 반환: 한남테니스장 (ID: 1758094285772)
[2025-09-18T02:03:40.307Z] [0mGET /api/matchings/1758094285772 [32m200[0m 1.434 ms - 809[0m
[2025-09-18T02:03:50.302Z] 🔍 인증된 사용자 - ID: 912738, 이메일: tennis1@playmate.com, 닉네임: 테니스초보
[2025-09-18T02:03:50.302Z] 사용자 912738의 채팅방 목록 조회 요청
사용자 912738의 채팅방 수: 1개
[0mGET /api/chat/rooms [32m200[0m 1.339 ms - 423[0m
[2025-09-18T02:03:50.307Z] 🔍 인증된 사용자 - ID: 912738, 이메일: tennis1@playmate.com, 닉네임: 테니스초보
[2025-09-18T02:03:50.307Z] ✅ 안전한 매칭 데이터 반환: 한남테니스장 (ID: 1758094285772)
[2025-09-18T02:03:50.307Z] [0mGET /api/matchings/1758094285772 [32m200[0m 1.005 ms - 809[0m
[2025-09-18T02:03:51.439Z] 🔌 User disconnected: 5tDc9VY5A8Ily7hVAAAR
[2025-09-18T02:03:52.049Z] 🔍 인증된 사용자 - ID: 912738, 이메일: tennis1@playmate.com, 닉네임: 테니스초보
[2025-09-18T02:03:52.050Z] [0mGET /api/auth/me [32m200[0m 1.839 ms - 97[0m
[2025-09-18T02:03:52.238Z] 🔍 인증된 사용자 - ID: 912738, 이메일: tennis1@playmate.com, 닉네임: 테니스초보
[2025-09-18T02:03:52.238Z] 📊 총 8개 안전한 매칭 데이터 반환
[2025-09-18T02:03:52.239Z] [0mGET /api/matchings?show_only_recruiting=false&show_only_following=false [32m200[0m 1.773 ms - 6398[0m
[2025-09-18T02:03:54.132Z] 🔍 인증된 사용자 - ID: 912738, 이메일: tennis1@playmate.com, 닉네임: 테니스초보
[2025-09-18T02:03:54.132Z] 사용자 912738의 채팅방 목록 조회 요청
사용자 912738의 채팅방 수: 1개
[0mGET /api/chat/rooms [32m200[0m 1.822 ms - 423[0m
[2025-09-18T02:03:54.138Z] 🔍 인증된 사용자 - ID: 912738, 이메일: tennis1@playmate.com, 닉네임: 테니스초보
[2025-09-18T02:03:54.138Z] ✅ 안전한 매칭 데이터 반환: 한남테니스장 (ID: 1758094285772)
[0mGET /api/matchings/1758094285772 [32m200[0m 1.182 ms - 809[0m
[2025-09-18T02:03:56.723Z] 🔍 인증된 사용자 - ID: 912738, 이메일: tennis1@playmate.com, 닉네임: 테니스초보
[2025-09-18T02:03:56.724Z] 📊 총 8개 안전한 매칭 데이터 반환
[2025-09-18T02:03:56.724Z] [0mGET /api/matchings?show_only_recruiting=false&show_only_following=false [32m200[0m 2.467 ms - 6398[0m
[2025-09-18T02:03:59.463Z] 🔍 인증된 사용자 - ID: 912738, 이메일: tennis1@playmate.com, 닉네임: 테니스초보
[2025-09-18T02:03:59.463Z] 사용자 912738의 채팅방 목록 조회 요청
사용자 912738의 채팅방 수: 1개
[2025-09-18T02:03:59.463Z] [0mGET /api/chat/rooms [32m200[0m 2.469 ms - 423[0m
[2025-09-18T02:03:59.471Z] 🔍 인증된 사용자 - ID: 912738, 이메일: tennis1@playmate.com, 닉네임: 테니스초보
[2025-09-18T02:03:59.471Z] ✅ 안전한 매칭 데이터 반환: 한남테니스장 (ID: 1758094285772)
[0mGET /api/matchings/1758094285772 [32m200[0m 0.919 ms - 809[0m
[2025-09-18T02:04:00.384Z] 🔍 인증된 사용자 - ID: 912738, 이메일: tennis1@playmate.com, 닉네임: 테니스초보
[2025-09-18T02:04:00.385Z] 📊 총 8개 안전한 매칭 데이터 반환
[2025-09-18T02:04:00.385Z] [0mGET /api/matchings?show_only_recruiting=false&show_only_following=false [32m200[0m 2.111 ms - 6398[0m
[2025-09-18T02:04:04.411Z] 🔍 인증된 사용자 - ID: 912738, 이메일: tennis1@playmate.com, 닉네임: 테니스초보
[2025-09-18T02:04:04.412Z] [0mPOST /api/matchings/1758095574165/join [31m500[0m 2.575 ms - 1329[0m
[2025-09-18T02:04:04.483Z] 🔌 User connected: pLe4kJtr1z69WwhtAAAT
[2025-09-18T02:04:09.174Z] 📧 채팅 참여자: 발신자=912738, 대상자=974640
[2025-09-18T02:04:09.175Z] 메시지 전송 완료: 테니스초보 -> 방 1758095574165
[2025-09-18T02:04:13.279Z] 🔍 인증된 사용자 - ID: 912738, 이메일: tennis1@playmate.com, 닉네임: 테니스초보
[2025-09-18T02:04:13.280Z] 사용자 912738의 채팅방 목록 조회 요청
사용자 912738의 채팅방 수: 1개
[0mGET /api/chat/rooms [32m200[0m 1.441 ms - 423[0m
[2025-09-18T02:04:13.285Z] 🔍 인증된 사용자 - ID: 912738, 이메일: tennis1@playmate.com, 닉네임: 테니스초보
[2025-09-18T02:04:13.285Z] ✅ 안전한 매칭 데이터 반환: 한남테니스장 (ID: 1758094285772)
[2025-09-18T02:04:13.285Z] [0mGET /api/matchings/1758094285772 [32m200[0m 1.534 ms - 809[0m
[2025-09-18T02:04:23.271Z] 🔍 인증된 사용자 - ID: 912738, 이메일: tennis1@playmate.com, 닉네임: 테니스초보
[2025-09-18T02:04:23.271Z] 사용자 912738의 채팅방 목록 조회 요청
사용자 912738의 채팅방 수: 1개
[2025-09-18T02:04:23.271Z] [0mGET /api/chat/rooms [32m200[0m 2.459 ms - 423[0m
[2025-09-18T02:04:23.275Z] 🔍 인증된 사용자 - ID: 912738, 이메일: tennis1@playmate.com, 닉네임: 테니스초보
[2025-09-18T02:04:23.275Z] ✅ 안전한 매칭 데이터 반환: 한남테니스장 (ID: 1758094285772)
[2025-09-18T02:04:23.275Z] [0mGET /api/matchings/1758094285772 [32m200[0m 1.025 ms - 809[0m
[2025-09-18T02:04:33.270Z] 🔍 인증된 사용자 - ID: 912738, 이메일: tennis1@playmate.com, 닉네임: 테니스초보
[2025-09-18T02:04:33.270Z] 사용자 912738의 채팅방 목록 조회 요청
사용자 912738의 채팅방 수: 1개
[0mGET /api/chat/rooms [32m200[0m 2.356 ms - 423[0m
[2025-09-18T02:04:33.274Z] 🔍 인증된 사용자 - ID: 912738, 이메일: tennis1@playmate.com, 닉네임: 테니스초보
[2025-09-18T02:04:33.274Z] ✅ 안전한 매칭 데이터 반환: 한남테니스장 (ID: 1758094285772)
[2025-09-18T02:04:33.274Z] [0mGET /api/matchings/1758094285772 [32m200[0m 0.884 ms - 809[0m
[2025-09-18T02:04:43.267Z] 🔍 인증된 사용자 - ID: 912738, 이메일: tennis1@playmate.com, 닉네임: 테니스초보
사용자 912738의 채팅방 목록 조회 요청
[2025-09-18T02:04:43.267Z] 사용자 912738의 채팅방 수: 1개
[0mGET /api/chat/rooms [32m200[0m 0.520 ms - 423[0m
[2025-09-18T02:04:43.272Z] 🔍 인증된 사용자 - ID: 912738, 이메일: tennis1@playmate.com, 닉네임: 테니스초보
[2025-09-18T02:04:43.272Z] ✅ 안전한 매칭 데이터 반환: 한남테니스장 (ID: 1758094285772)
[0mGET /api/matchings/1758094285772 [32m200[0m 0.499 ms - 809[0m
[2025-09-18T02:04:53.270Z] 🔍 인증된 사용자 - ID: 912738, 이메일: tennis1@playmate.com, 닉네임: 테니스초보
사용자 912738의 채팅방 목록 조회 요청
[2025-09-18T02:04:53.270Z] 사용자 912738의 채팅방 수: 1개
[0mGET /api/chat/rooms [32m200[0m 0.515 ms - 423[0m
[2025-09-18T02:04:53.274Z] 🔍 인증된 사용자 - ID: 912738, 이메일: tennis1@playmate.com, 닉네임: 테니스초보
[2025-09-18T02:04:53.274Z] ✅ 안전한 매칭 데이터 반환: 한남테니스장 (ID: 1758094285772)
[0mGET /api/matchings/1758094285772 [32m200[0m 0.411 ms - 809[0m
[2025-09-18T02:05:03.268Z] 🔍 인증된 사용자 - ID: 912738, 이메일: tennis1@playmate.com, 닉네임: 테니스초보
[2025-09-18T02:05:03.268Z] 사용자 912738의 채팅방 목록 조회 요청
사용자 912738의 채팅방 수: 1개
[0mGET /api/chat/rooms [32m200[0m 0.543 ms - 423[0m
[2025-09-18T02:05:03.272Z] 🔍 인증된 사용자 - ID: 912738, 이메일: tennis1@playmate.com, 닉네임: 테니스초보
[2025-09-18T02:05:03.272Z] ✅ 안전한 매칭 데이터 반환: 한남테니스장 (ID: 1758094285772)
[0mGET /api/matchings/1758094285772 [32m200[0m 0.447 ms - 809[0m
[2025-09-18T02:05:13.268Z] 🔍 인증된 사용자 - ID: 912738, 이메일: tennis1@playmate.com, 닉네임: 테니스초보
사용자 912738의 채팅방 목록 조회 요청
[2025-09-18T02:05:13.268Z] 사용자 912738의 채팅방 수: 1개
[0mGET /api/chat/rooms [32m200[0m 0.464 ms - 423[0m
[2025-09-18T02:05:13.271Z] 🔍 인증된 사용자 - ID: 912738, 이메일: tennis1@playmate.com, 닉네임: 테니스초보
[2025-09-18T02:05:13.271Z] ✅ 안전한 매칭 데이터 반환: 한남테니스장 (ID: 1758094285772)
[2025-09-18T02:05:13.271Z] [0mGET /api/matchings/1758094285772 [32m200[0m 0.474 ms - 809[0m
[2025-09-18T02:05:23.268Z] 🔍 인증된 사용자 - ID: 912738, 이메일: tennis1@playmate.com, 닉네임: 테니스초보
사용자 912738의 채팅방 목록 조회 요청
[2025-09-18T02:05:23.268Z] 사용자 912738의 채팅방 수: 1개
[0mGET /api/chat/rooms [32m200[0m 0.504 ms - 423[0m
[2025-09-18T02:05:23.271Z] 🔍 인증된 사용자 - ID: 912738, 이메일: tennis1@playmate.com, 닉네임: 테니스초보
[2025-09-18T02:05:23.272Z] ✅ 안전한 매칭 데이터 반환: 한남테니스장 (ID: 1758094285772)
[0mGET /api/matchings/1758094285772 [32m200[0m 0.441 ms - 809[0m
[2025-09-18T02:05:33.269Z] 🔍 인증된 사용자 - ID: 912738, 이메일: tennis1@playmate.com, 닉네임: 테니스초보
사용자 912738의 채팅방 목록 조회 요청
[2025-09-18T02:05:33.269Z] 사용자 912738의 채팅방 수: 1개
[0mGET /api/chat/rooms [32m200[0m 0.450 ms - 423[0m
[2025-09-18T02:05:33.272Z] 🔍 인증된 사용자 - ID: 912738, 이메일: tennis1@playmate.com, 닉네임: 테니스초보
[2025-09-18T02:05:33.272Z] ✅ 안전한 매칭 데이터 반환: 한남테니스장 (ID: 1758094285772)
[0mGET /api/matchings/1758094285772 [32m200[0m 0.431 ms - 809[0m
[2025-09-18T02:05:43.273Z] 🔍 인증된 사용자 - ID: 912738, 이메일: tennis1@playmate.com, 닉네임: 테니스초보
[2025-09-18T02:05:43.273Z] 사용자 912738의 채팅방 목록 조회 요청
사용자 912738의 채팅방 수: 1개
[0mGET /api/chat/rooms [32m200[0m 1.128 ms - 423[0m
[2025-09-18T02:05:43.277Z] 🔍 인증된 사용자 - ID: 912738, 이메일: tennis1@playmate.com, 닉네임: 테니스초보
[2025-09-18T02:05:43.277Z] ✅ 안전한 매칭 데이터 반환: 한남테니스장 (ID: 1758094285772)
[0mGET /api/matchings/1758094285772 [32m200[0m 0.587 ms - 809[0m
[2025-09-18T02:05:53.268Z] 🔍 인증된 사용자 - ID: 912738, 이메일: tennis1@playmate.com, 닉네임: 테니스초보
사용자 912738의 채팅방 목록 조회 요청
[2025-09-18T02:05:53.268Z] 사용자 912738의 채팅방 수: 1개
[0mGET /api/chat/rooms [32m200[0m 0.516 ms - 423[0m
[2025-09-18T02:05:53.271Z] 🔍 인증된 사용자 - ID: 912738, 이메일: tennis1@playmate.com, 닉네임: 테니스초보
[2025-09-18T02:05:53.272Z] ✅ 안전한 매칭 데이터 반환: 한남테니스장 (ID: 1758094285772)
[0mGET /api/matchings/1758094285772 [32m200[0m 0.422 ms - 809[0m
[2025-09-18T02:06:03.270Z] 🔍 인증된 사용자 - ID: 912738, 이메일: tennis1@playmate.com, 닉네임: 테니스초보
사용자 912738의 채팅방 목록 조회 요청
사용자 912738의 채팅방 수: 1개
[2025-09-18T02:06:03.270Z] [0mGET /api/chat/rooms [32m200[0m 0.537 ms - 423[0m
[2025-09-18T02:06:03.274Z] 🔍 인증된 사용자 - ID: 912738, 이메일: tennis1@playmate.com, 닉네임: 테니스초보
[2025-09-18T02:06:03.274Z] ✅ 안전한 매칭 데이터 반환: 한남테니스장 (ID: 1758094285772)
[0mGET /api/matchings/1758094285772 [32m200[0m 0.445 ms - 809[0m
[2025-09-18T02:06:13.268Z] 🔍 인증된 사용자 - ID: 912738, 이메일: tennis1@playmate.com, 닉네임: 테니스초보
사용자 912738의 채팅방 목록 조회 요청
[2025-09-18T02:06:13.268Z] 사용자 912738의 채팅방 수: 1개
[0mGET /api/chat/rooms [32m200[0m 0.485 ms - 423[0m
[2025-09-18T02:06:13.272Z] 🔍 인증된 사용자 - ID: 912738, 이메일: tennis1@playmate.com, 닉네임: 테니스초보
[2025-09-18T02:06:13.272Z] ✅ 안전한 매칭 데이터 반환: 한남테니스장 (ID: 1758094285772)
[0mGET /api/matchings/1758094285772 [32m200[0m 0.545 ms - 809[0m
[2025-09-18T02:06:23.268Z] 🔍 인증된 사용자 - ID: 912738, 이메일: tennis1@playmate.com, 닉네임: 테니스초보
사용자 912738의 채팅방 목록 조회 요청
[2025-09-18T02:06:23.269Z] 사용자 912738의 채팅방 수: 1개
[0mGET /api/chat/rooms [32m200[0m 0.479 ms - 423[0m
[2025-09-18T02:06:23.272Z] 🔍 인증된 사용자 - ID: 912738, 이메일: tennis1@playmate.com, 닉네임: 테니스초보
[2025-09-18T02:06:23.272Z] ✅ 안전한 매칭 데이터 반환: 한남테니스장 (ID: 1758094285772)
[0mGET /api/matchings/1758094285772 [32m200[0m 0.456 ms - 809[0m
[2025-09-18T02:06:33.269Z] 🔍 인증된 사용자 - ID: 912738, 이메일: tennis1@playmate.com, 닉네임: 테니스초보
사용자 912738의 채팅방 목록 조회 요청
[2025-09-18T02:06:33.269Z] 사용자 912738의 채팅방 수: 1개
[0mGET /api/chat/rooms [32m200[0m 0.438 ms - 423[0m
[2025-09-18T02:06:33.273Z] 🔍 인증된 사용자 - ID: 912738, 이메일: tennis1@playmate.com, 닉네임: 테니스초보
[2025-09-18T02:06:33.273Z] ✅ 안전한 매칭 데이터 반환: 한남테니스장 (ID: 1758094285772)
[2025-09-18T02:06:33.273Z] [0mGET /api/matchings/1758094285772 [32m200[0m 0.556 ms - 809[0m
[2025-09-18T02:06:43.270Z] 🔍 인증된 사용자 - ID: 912738, 이메일: tennis1@playmate.com, 닉네임: 테니스초보
[2025-09-18T02:06:43.270Z] 사용자 912738의 채팅방 목록 조회 요청
사용자 912738의 채팅방 수: 1개
[0mGET /api/chat/rooms [32m200[0m 0.996 ms - 423[0m
[2025-09-18T02:06:43.274Z] 🔍 인증된 사용자 - ID: 912738, 이메일: tennis1@playmate.com, 닉네임: 테니스초보
[2025-09-18T02:06:43.275Z] ✅ 안전한 매칭 데이터 반환: 한남테니스장 (ID: 1758094285772)
[0mGET /api/matchings/1758094285772 [32m200[0m 0.544 ms - 809[0m
[2025-09-18T02:06:53.268Z] 🔍 인증된 사용자 - ID: 912738, 이메일: tennis1@playmate.com, 닉네임: 테니스초보
[2025-09-18T02:06:53.268Z] 사용자 912738의 채팅방 목록 조회 요청
사용자 912738의 채팅방 수: 1개
[2025-09-18T02:06:53.268Z] [0mGET /api/chat/rooms [32m200[0m 0.562 ms - 423[0m
[2025-09-18T02:06:53.271Z] 🔍 인증된 사용자 - ID: 912738, 이메일: tennis1@playmate.com, 닉네임: 테니스초보
[2025-09-18T02:06:53.272Z] ✅ 안전한 매칭 데이터 반환: 한남테니스장 (ID: 1758094285772)
[2025-09-18T02:06:53.272Z] [0mGET /api/matchings/1758094285772 [32m200[0m 0.474 ms - 809[0m
[2025-09-18T02:07:03.269Z] 🔍 인증된 사용자 - ID: 912738, 이메일: tennis1@playmate.com, 닉네임: 테니스초보
[2025-09-18T02:07:03.270Z] 사용자 912738의 채팅방 목록 조회 요청
사용자 912738의 채팅방 수: 1개
[0mGET /api/chat/rooms [32m200[0m 1.955 ms - 423[0m
[2025-09-18T02:07:03.274Z] 🔍 인증된 사용자 - ID: 912738, 이메일: tennis1@playmate.com, 닉네임: 테니스초보
[2025-09-18T02:07:03.274Z] ✅ 안전한 매칭 데이터 반환: 한남테니스장 (ID: 1758094285772)
[2025-09-18T02:07:03.274Z] [0mGET /api/matchings/1758094285772 [32m200[0m 0.872 ms - 809[0m
[2025-09-18T02:07:13.269Z] 🔍 인증된 사용자 - ID: 912738, 이메일: tennis1@playmate.com, 닉네임: 테니스초보
사용자 912738의 채팅방 목록 조회 요청
[2025-09-18T02:07:13.269Z] 사용자 912738의 채팅방 수: 1개
[0mGET /api/chat/rooms [32m200[0m 0.468 ms - 423[0m
[2025-09-18T02:07:13.272Z] 🔍 인증된 사용자 - ID: 912738, 이메일: tennis1@playmate.com, 닉네임: 테니스초보
[2025-09-18T02:07:13.272Z] ✅ 안전한 매칭 데이터 반환: 한남테니스장 (ID: 1758094285772)
[2025-09-18T02:07:13.272Z] [0mGET /api/matchings/1758094285772 [32m200[0m 0.504 ms - 809[0m
[2025-09-18T02:07:23.268Z] 🔍 인증된 사용자 - ID: 912738, 이메일: tennis1@playmate.com, 닉네임: 테니스초보
[2025-09-18T02:07:23.268Z] 사용자 912738의 채팅방 목록 조회 요청
사용자 912738의 채팅방 수: 1개
[0mGET /api/chat/rooms [32m200[0m 1.482 ms - 423[0m
[2025-09-18T02:07:23.272Z] 🔍 인증된 사용자 - ID: 912738, 이메일: tennis1@playmate.com, 닉네임: 테니스초보
[2025-09-18T02:07:23.272Z] ✅ 안전한 매칭 데이터 반환: 한남테니스장 (ID: 1758094285772)
[2025-09-18T02:07:23.273Z] [0mGET /api/matchings/1758094285772 [32m200[0m 1.103 ms - 809[0m
[2025-09-18T02:07:33.270Z] 🔍 인증된 사용자 - ID: 912738, 이메일: tennis1@playmate.com, 닉네임: 테니스초보
[2025-09-18T02:07:33.270Z] 사용자 912738의 채팅방 목록 조회 요청
사용자 912738의 채팅방 수: 1개
[0mGET /api/chat/rooms [32m200[0m 1.898 ms - 423[0m
[2025-09-18T02:07:33.274Z] 🔍 인증된 사용자 - ID: 912738, 이메일: tennis1@playmate.com, 닉네임: 테니스초보
[2025-09-18T02:07:33.274Z] ✅ 안전한 매칭 데이터 반환: 한남테니스장 (ID: 1758094285772)
[2025-09-18T02:07:33.274Z] [0mGET /api/matchings/1758094285772 [32m200[0m 1.052 ms - 809[0m
[2025-09-18T02:07:43.269Z] 🔍 인증된 사용자 - ID: 912738, 이메일: tennis1@playmate.com, 닉네임: 테니스초보
[2025-09-18T02:07:43.269Z] 사용자 912738의 채팅방 목록 조회 요청
사용자 912738의 채팅방 수: 1개
[2025-09-18T02:07:43.270Z] [0mGET /api/chat/rooms [32m200[0m 1.106 ms - 423[0m
[2025-09-18T02:07:43.274Z] 🔍 인증된 사용자 - ID: 912738, 이메일: tennis1@playmate.com, 닉네임: 테니스초보
[2025-09-18T02:07:43.274Z] ✅ 안전한 매칭 데이터 반환: 한남테니스장 (ID: 1758094285772)
[2025-09-18T02:07:43.274Z] [0mGET /api/matchings/1758094285772 [32m200[0m 1.052 ms - 809[0m
[2025-09-18T02:07:53.269Z] 🔍 인증된 사용자 - ID: 912738, 이메일: tennis1@playmate.com, 닉네임: 테니스초보
[2025-09-18T02:07:53.269Z] 사용자 912738의 채팅방 목록 조회 요청
사용자 912738의 채팅방 수: 1개
[2025-09-18T02:07:53.270Z] [0mGET /api/chat/rooms [32m200[0m 1.929 ms - 423[0m
[2025-09-18T02:07:53.273Z] 🔍 인증된 사용자 - ID: 912738, 이메일: tennis1@playmate.com, 닉네임: 테니스초보
[2025-09-18T02:07:53.274Z] ✅ 안전한 매칭 데이터 반환: 한남테니스장 (ID: 1758094285772)
[2025-09-18T02:07:53.274Z] [0mGET /api/matchings/1758094285772 [32m200[0m 1.267 ms - 809[0m
[2025-09-18T02:08:03.268Z] 🔍 인증된 사용자 - ID: 912738, 이메일: tennis1@playmate.com, 닉네임: 테니스초보
사용자 912738의 채팅방 목록 조회 요청
[2025-09-18T02:08:03.269Z] 사용자 912738의 채팅방 수: 1개
[0mGET /api/chat/rooms [32m200[0m 0.502 ms - 423[0m
[2025-09-18T02:08:03.272Z] 🔍 인증된 사용자 - ID: 912738, 이메일: tennis1@playmate.com, 닉네임: 테니스초보
[2025-09-18T02:08:03.272Z] ✅ 안전한 매칭 데이터 반환: 한남테니스장 (ID: 1758094285772)
[0mGET /api/matchings/1758094285772 [32m200[0m 0.474 ms - 809[0m
[2025-09-18T02:08:13.270Z] 🔍 인증된 사용자 - ID: 912738, 이메일: tennis1@playmate.com, 닉네임: 테니스초보
[2025-09-18T02:08:13.271Z] 사용자 912738의 채팅방 목록 조회 요청
사용자 912738의 채팅방 수: 1개
[0mGET /api/chat/rooms [32m200[0m 2.211 ms - 423[0m
[2025-09-18T02:08:13.274Z] 🔍 인증된 사용자 - ID: 912738, 이메일: tennis1@playmate.com, 닉네임: 테니스초보
[2025-09-18T02:08:13.275Z] ✅ 안전한 매칭 데이터 반환: 한남테니스장 (ID: 1758094285772)
[2025-09-18T02:08:13.275Z] [0mGET /api/matchings/1758094285772 [32m200[0m 1.151 ms - 809[0m
[2025-09-18T02:08:23.270Z] 🔍 인증된 사용자 - ID: 912738, 이메일: tennis1@playmate.com, 닉네임: 테니스초보
[2025-09-18T02:08:23.271Z] 사용자 912738의 채팅방 목록 조회 요청
사용자 912738의 채팅방 수: 1개
[2025-09-18T02:08:23.271Z] [0mGET /api/chat/rooms [32m200[0m 1.915 ms - 423[0m
[2025-09-18T02:08:23.275Z] 🔍 인증된 사용자 - ID: 912738, 이메일: tennis1@playmate.com, 닉네임: 테니스초보
[2025-09-18T02:08:23.276Z] ✅ 안전한 매칭 데이터 반환: 한남테니스장 (ID: 1758094285772)
[2025-09-18T02:08:23.276Z] [0mGET /api/matchings/1758094285772 [32m200[0m 1.109 ms - 809[0m
[2025-09-18T02:08:33.271Z] 🔍 인증된 사용자 - ID: 912738, 이메일: tennis1@playmate.com, 닉네임: 테니스초보
[2025-09-18T02:08:33.271Z] 사용자 912738의 채팅방 목록 조회 요청
사용자 912738의 채팅방 수: 1개
[0mGET /api/chat/rooms [32m200[0m 1.975 ms - 423[0m
[2025-09-18T02:08:33.276Z] 🔍 인증된 사용자 - ID: 912738, 이메일: tennis1@playmate.com, 닉네임: 테니스초보
[2025-09-18T02:08:33.276Z] ✅ 안전한 매칭 데이터 반환: 한남테니스장 (ID: 1758094285772)
[2025-09-18T02:08:33.277Z] [0mGET /api/matchings/1758094285772 [32m200[0m 1.197 ms - 809[0m
[2025-09-18T02:08:43.270Z] 🔍 인증된 사용자 - ID: 912738, 이메일: tennis1@playmate.com, 닉네임: 테니스초보
[2025-09-18T02:08:43.271Z] 사용자 912738의 채팅방 목록 조회 요청
사용자 912738의 채팅방 수: 1개
[0mGET /api/chat/rooms [32m200[0m 1.753 ms - 423[0m
[2025-09-18T02:08:43.274Z] 🔍 인증된 사용자 - ID: 912738, 이메일: tennis1@playmate.com, 닉네임: 테니스초보
[2025-09-18T02:08:43.274Z] ✅ 안전한 매칭 데이터 반환: 한남테니스장 (ID: 1758094285772)
[2025-09-18T02:08:43.275Z] [0mGET /api/matchings/1758094285772 [32m200[0m 0.913 ms - 809[0m
[2025-09-18T02:08:52.071Z] 🔍 인증된 사용자 - ID: 912738, 이메일: tennis1@playmate.com, 닉네임: 테니스초보
[2025-09-18T02:08:52.071Z] [0mGET /api/auth/me [32m200[0m 0.461 ms - 97[0m
[2025-09-18T02:08:53.268Z] 🔍 인증된 사용자 - ID: 912738, 이메일: tennis1@playmate.com, 닉네임: 테니스초보
사용자 912738의 채팅방 목록 조회 요청
[2025-09-18T02:08:53.268Z] 사용자 912738의 채팅방 수: 1개
[0mGET /api/chat/rooms [32m200[0m 0.483 ms - 423[0m
[2025-09-18T02:08:53.272Z] 🔍 인증된 사용자 - ID: 912738, 이메일: tennis1@playmate.com, 닉네임: 테니스초보
[2025-09-18T02:08:53.272Z] ✅ 안전한 매칭 데이터 반환: 한남테니스장 (ID: 1758094285772)
[0mGET /api/matchings/1758094285772 [32m200[0m 0.417 ms - 809[0m
[2025-09-18T02:09:03.270Z] 🔍 인증된 사용자 - ID: 912738, 이메일: tennis1@playmate.com, 닉네임: 테니스초보
[2025-09-18T02:09:03.270Z] 사용자 912738의 채팅방 목록 조회 요청
사용자 912738의 채팅방 수: 1개
[2025-09-18T02:09:03.270Z] [0mGET /api/chat/rooms [32m200[0m 1.869 ms - 423[0m
[2025-09-18T02:09:03.274Z] 🔍 인증된 사용자 - ID: 912738, 이메일: tennis1@playmate.com, 닉네임: 테니스초보
[2025-09-18T02:09:03.274Z] ✅ 안전한 매칭 데이터 반환: 한남테니스장 (ID: 1758094285772)
[2025-09-18T02:09:03.274Z] [0mGET /api/matchings/1758094285772 [32m200[0m 1.410 ms - 809[0m
[2025-09-18T02:09:13.269Z] 🔍 인증된 사용자 - ID: 912738, 이메일: tennis1@playmate.com, 닉네임: 테니스초보
[2025-09-18T02:09:13.270Z] 사용자 912738의 채팅방 목록 조회 요청
사용자 912738의 채팅방 수: 1개
[0mGET /api/chat/rooms [32m200[0m 1.536 ms - 423[0m
[2025-09-18T02:09:13.274Z] 🔍 인증된 사용자 - ID: 912738, 이메일: tennis1@playmate.com, 닉네임: 테니스초보
[2025-09-18T02:09:13.274Z] ✅ 안전한 매칭 데이터 반환: 한남테니스장 (ID: 1758094285772)
[2025-09-18T02:09:13.274Z] [0mGET /api/matchings/1758094285772 [32m200[0m 0.966 ms - 809[0m
[2025-09-18T02:09:20.211Z] [0mGET /api/health [32m200[0m 0.127 ms - 137[0m
[2025-09-18T02:09:23.272Z] 🔍 인증된 사용자 - ID: 912738, 이메일: tennis1@playmate.com, 닉네임: 테니스초보
사용자 912738의 채팅방 목록 조회 요청
[2025-09-18T02:09:23.272Z] 사용자 912738의 채팅방 수: 1개
[0mGET /api/chat/rooms [32m200[0m 0.495 ms - 423[0m
[2025-09-18T02:09:23.276Z] 🔍 인증된 사용자 - ID: 912738, 이메일: tennis1@playmate.com, 닉네임: 테니스초보
[2025-09-18T02:09:23.276Z] ✅ 안전한 매칭 데이터 반환: 한남테니스장 (ID: 1758094285772)
[0mGET /api/matchings/1758094285772 [32m200[0m 0.482 ms - 809[0m
[2025-09-18T02:09:33.271Z] 🔍 인증된 사용자 - ID: 912738, 이메일: tennis1@playmate.com, 닉네임: 테니스초보
[2025-09-18T02:09:33.271Z] 사용자 912738의 채팅방 목록 조회 요청
사용자 912738의 채팅방 수: 1개
[0mGET /api/chat/rooms [32m200[0m 1.047 ms - 423[0m
[2025-09-18T02:09:33.275Z] 🔍 인증된 사용자 - ID: 912738, 이메일: tennis1@playmate.com, 닉네임: 테니스초보
✅ 안전한 매칭 데이터 반환: 한남테니스장 (ID: 1758094285772)
[2025-09-18T02:09:33.275Z] [0mGET /api/matchings/1758094285772 [32m200[0m 0.424 ms - 809[0m
[2025-09-18T02:09:43.269Z] 🔍 인증된 사용자 - ID: 912738, 이메일: tennis1@playmate.com, 닉네임: 테니스초보
사용자 912738의 채팅방 목록 조회 요청
[2025-09-18T02:09:43.269Z] 사용자 912738의 채팅방 수: 1개
[0mGET /api/chat/rooms [32m200[0m 0.480 ms - 423[0m
[2025-09-18T02:09:43.272Z] 🔍 인증된 사용자 - ID: 912738, 이메일: tennis1@playmate.com, 닉네임: 테니스초보
[2025-09-18T02:09:43.272Z] ✅ 안전한 매칭 데이터 반환: 한남테니스장 (ID: 1758094285772)
[0mGET /api/matchings/1758094285772 [32m200[0m 0.508 ms - 809[0m
[2025-09-18T02:09:53.268Z] 🔍 인증된 사용자 - ID: 912738, 이메일: tennis1@playmate.com, 닉네임: 테니스초보
사용자 912738의 채팅방 목록 조회 요청
[2025-09-18T02:09:53.268Z] 사용자 912738의 채팅방 수: 1개
[0mGET /api/chat/rooms [32m200[0m 0.524 ms - 423[0m
[2025-09-18T02:09:53.273Z] 🔍 인증된 사용자 - ID: 912738, 이메일: tennis1@playmate.com, 닉네임: 테니스초보
[2025-09-18T02:09:53.273Z] ✅ 안전한 매칭 데이터 반환: 한남테니스장 (ID: 1758094285772)
[0mGET /api/matchings/1758094285772 [32m200[0m 0.479 ms - 809[0m
[2025-09-18T02:10:03.268Z] 🔍 인증된 사용자 - ID: 912738, 이메일: tennis1@playmate.com, 닉네임: 테니스초보
사용자 912738의 채팅방 목록 조회 요청
[2025-09-18T02:10:03.268Z] 사용자 912738의 채팅방 수: 1개
[0mGET /api/chat/rooms [32m200[0m 0.451 ms - 423[0m
[2025-09-18T02:10:03.271Z] 🔍 인증된 사용자 - ID: 912738, 이메일: tennis1@playmate.com, 닉네임: 테니스초보
[2025-09-18T02:10:03.272Z] ✅ 안전한 매칭 데이터 반환: 한남테니스장 (ID: 1758094285772)
[0mGET /api/matchings/1758094285772 [32m200[0m 0.494 ms - 809[0m
[2025-09-18T02:10:07.141Z] 🔍 인증된 사용자 - ID: 912738, 이메일: tennis1@playmate.com, 닉네임: 테니스초보
[2025-09-18T02:10:07.142Z] [0mPOST /api/matchings/1758095574165/join [31m500[0m 0.881 ms - 1329[0m
[2025-09-18T02:10:13.270Z] 🔍 인증된 사용자 - ID: 912738, 이메일: tennis1@playmate.com, 닉네임: 테니스초보
[2025-09-18T02:10:13.270Z] 사용자 912738의 채팅방 목록 조회 요청
사용자 912738의 채팅방 수: 1개
[2025-09-18T02:10:13.271Z] [0mGET /api/chat/rooms [32m200[0m 2.014 ms - 423[0m
[2025-09-18T02:10:13.274Z] 🔍 인증된 사용자 - ID: 912738, 이메일: tennis1@playmate.com, 닉네임: 테니스초보
[2025-09-18T02:10:13.275Z] ✅ 안전한 매칭 데이터 반환: 한남테니스장 (ID: 1758094285772)
[2025-09-18T02:10:13.275Z] [0mGET /api/matchings/1758094285772 [32m200[0m 1.080 ms - 809[0m
[2025-09-18T02:10:23.269Z] 🔍 인증된 사용자 - ID: 912738, 이메일: tennis1@playmate.com, 닉네임: 테니스초보
사용자 912738의 채팅방 목록 조회 요청
[2025-09-18T02:10:23.269Z] 사용자 912738의 채팅방 수: 1개
[0mGET /api/chat/rooms [32m200[0m 0.511 ms - 423[0m
[2025-09-18T02:10:23.273Z] 🔍 인증된 사용자 - ID: 912738, 이메일: tennis1@playmate.com, 닉네임: 테니스초보
[2025-09-18T02:10:23.273Z] ✅ 안전한 매칭 데이터 반환: 한남테니스장 (ID: 1758094285772)
[0mGET /api/matchings/1758094285772 [32m200[0m 0.468 ms - 809[0m
[2025-09-18T02:10:33.977Z] [dotenv@17.2.2] injecting env (14) from config.development.env -- tip: 🔐 prevent building .env in docker: https://dotenvx.com/prebuild
[2025-09-18T02:10:34.165Z] 📁 파일에서 8개 매칭 로드됨
[2025-09-18T02:10:34.165Z] 🔍 파일에서 887887 매칭을 찾을 수 없음
[2025-09-18T02:10:34.165Z] 기본 게시글 데이터 생성 완료
[2025-09-18T02:10:34.166Z] 댓글 데이터 파일이 없습니다. 빈 배열로 시작합니다.
[2025-09-18T02:10:34.166Z] 채팅방 데이터 로드 완료: 1개
채팅 메시지 데이터 로드 완료: 0개
[2025-09-18T02:10:34.182Z] 테니스장 데이터 로드 완료: 6개
[2025-09-18T02:10:34.211Z] 🔧 서버 포트 고정: 3000
[2025-09-18T02:10:34.212Z] 🔄 Socket.IO 초기화 중...
[2025-09-18T02:10:34.212Z] ✅ Socket.IO 초기화 완료
[2025-09-18T02:10:34.216Z] 🚀 Server running on port 3000 in development mode
[2025-09-18T02:10:34.216Z] 📱 API Base URL: http://localhost:3000/api
📱 API Base URL (Android): http://10.0.2.2:3000/api
📱 API Base URL (Network): http://192.168.6.100:3000/api
🔗 Health Check: http://localhost:3000/api/health
⏱️  서버 시작 시간: 5ms
[2025-09-18T02:10:34.216Z] ✅ 사용자 데이터 로드 완료: 4명, 다음 ID: 1
[2025-09-18T02:10:34.854Z] [dotenv@17.2.2] injecting env (14) from config.development.env -- tip: 📡 observe env with Radar: https://dotenvx.com/radar
[2025-09-18T02:10:34.962Z] 📁 파일에서 8개 매칭 로드됨
[2025-09-18T02:10:34.962Z] 🔍 파일에서 887887 매칭을 찾을 수 없음
[2025-09-18T02:10:34.963Z] 기본 게시글 데이터 생성 완료
[2025-09-18T02:10:34.963Z] 댓글 데이터 파일이 없습니다. 빈 배열로 시작합니다.
[2025-09-18T02:10:34.963Z] 채팅방 데이터 로드 완료: 1개
[2025-09-18T02:10:34.963Z] 채팅 메시지 데이터 로드 완료: 0개
[2025-09-18T02:10:34.971Z] 테니스장 데이터 로드 완료: 6개
[2025-09-18T02:10:34.986Z] 🔧 서버 포트 고정: 3000
[2025-09-18T02:10:34.986Z] 🔄 Socket.IO 초기화 중...
[2025-09-18T02:10:34.987Z] ✅ Socket.IO 초기화 완료
[2025-09-18T02:10:37.625Z] 🔌 User connected: kePb3j8iYeSOA0GxAAAB
[2025-09-18T02:10:40.014Z] [dotenv@17.2.2] injecting env (14) from config.development.env -- tip: 📡 auto-backup env with Radar: https://dotenvx.com/radar
[2025-09-18T02:10:40.116Z] 📁 파일에서 8개 매칭 로드됨
[2025-09-18T02:10:40.116Z] 🔍 파일에서 887887 매칭을 찾을 수 없음
[2025-09-18T02:10:40.117Z] 기본 게시글 데이터 생성 완료
[2025-09-18T02:10:40.117Z] 댓글 데이터 파일이 없습니다. 빈 배열로 시작합니다.
[2025-09-18T02:10:40.117Z] 채팅방 데이터 로드 완료: 1개
[2025-09-18T02:10:40.117Z] 채팅 메시지 데이터 로드 완료: 0개
[2025-09-18T02:10:40.125Z] 테니스장 데이터 로드 완료: 6개
[2025-09-18T02:10:40.140Z] 🔧 서버 포트 고정: 3000
[2025-09-18T02:10:40.140Z] 🔄 Socket.IO 초기화 중...
[2025-09-18T02:10:40.141Z] ✅ Socket.IO 초기화 완료
[2025-09-18T02:10:43.276Z] 🔍 인증된 사용자 - ID: 912738, 이메일: tennis1@playmate.com, 닉네임: 테니스초보
[2025-09-18T02:10:43.276Z] 사용자 912738의 채팅방 목록 조회 요청
사용자 912738의 채팅방 수: 1개
[2025-09-18T02:10:43.277Z] [0mGET /api/chat/rooms [32m200[0m 3.709 ms - 423[0m
[2025-09-18T02:10:43.284Z] 🔍 인증된 사용자 - ID: 912738, 이메일: tennis1@playmate.com, 닉네임: 테니스초보
[2025-09-18T02:10:43.284Z] ✅ 안전한 매칭 데이터 반환: 한남테니스장 (ID: 1758094285772)
[2025-09-18T02:10:43.285Z] [0mGET /api/matchings/1758094285772 [32m200[0m 1.165 ms - 809[0m
[2025-09-18T02:10:45.171Z] [dotenv@17.2.2] injecting env (14) from config.development.env -- tip: ⚙️  enable debug logging with { debug: true }
[2025-09-18T02:10:45.276Z] 📁 파일에서 8개 매칭 로드됨
[2025-09-18T02:10:45.276Z] 🔍 파일에서 887887 매칭을 찾을 수 없음
[2025-09-18T02:10:45.277Z] 기본 게시글 데이터 생성 완료
[2025-09-18T02:10:45.277Z] 댓글 데이터 파일이 없습니다. 빈 배열로 시작합니다.
[2025-09-18T02:10:45.277Z] 채팅방 데이터 로드 완료: 1개
[2025-09-18T02:10:45.278Z] 채팅 메시지 데이터 로드 완료: 0개
[2025-09-18T02:10:45.286Z] 테니스장 데이터 로드 완료: 6개
[2025-09-18T02:10:45.300Z] 🔧 서버 포트 고정: 3000
[2025-09-18T02:10:45.300Z] 🔄 Socket.IO 초기화 중...
[2025-09-18T02:10:45.301Z] ✅ Socket.IO 초기화 완료
[2025-09-18T02:10:50.330Z] [dotenv@17.2.2] injecting env (14) from config.development.env -- tip: ⚙️  load multiple .env files with { path: ['.env.local', '.env'] }
[2025-09-18T02:10:50.431Z] 📁 파일에서 8개 매칭 로드됨
[2025-09-18T02:10:50.431Z] 🔍 파일에서 887887 매칭을 찾을 수 없음
[2025-09-18T02:10:50.432Z] 기본 게시글 데이터 생성 완료
[2025-09-18T02:10:50.432Z] 댓글 데이터 파일이 없습니다. 빈 배열로 시작합니다.
[2025-09-18T02:10:50.432Z] 채팅방 데이터 로드 완료: 1개
[2025-09-18T02:10:50.432Z] 채팅 메시지 데이터 로드 완료: 0개
[2025-09-18T02:10:50.440Z] 테니스장 데이터 로드 완료: 6개
[2025-09-18T02:10:50.454Z] 🔧 서버 포트 고정: 3000
[2025-09-18T02:10:50.455Z] 🔄 Socket.IO 초기화 중...
[2025-09-18T02:10:50.455Z] ✅ Socket.IO 초기화 완료
[2025-09-18T02:10:53.271Z] 🔍 인증된 사용자 - ID: 912738, 이메일: tennis1@playmate.com, 닉네임: 테니스초보
사용자 912738의 채팅방 목록 조회 요청
사용자 912738의 채팅방 수: 1개
[2025-09-18T02:10:53.271Z] [0mGET /api/chat/rooms [32m200[0m 0.651 ms - 423[0m
[2025-09-18T02:10:53.275Z] 🔍 인증된 사용자 - ID: 912738, 이메일: tennis1@playmate.com, 닉네임: 테니스초보
[2025-09-18T02:10:53.276Z] ✅ 안전한 매칭 데이터 반환: 한남테니스장 (ID: 1758094285772)
[2025-09-18T02:10:53.276Z] [0mGET /api/matchings/1758094285772 [32m200[0m 0.659 ms - 809[0m
[2025-09-18T02:10:55.484Z] [dotenv@17.2.2] injecting env (14) from config.development.env -- tip: 🔐 encrypt with Dotenvx: https://dotenvx.com
[2025-09-18T02:10:55.590Z] 📁 파일에서 8개 매칭 로드됨
[2025-09-18T02:10:55.590Z] 🔍 파일에서 887887 매칭을 찾을 수 없음
[2025-09-18T02:10:55.591Z] 기본 게시글 데이터 생성 완료
[2025-09-18T02:10:55.591Z] 댓글 데이터 파일이 없습니다. 빈 배열로 시작합니다.
[2025-09-18T02:10:55.591Z] 채팅방 데이터 로드 완료: 1개
[2025-09-18T02:10:55.591Z] 채팅 메시지 데이터 로드 완료: 0개
[2025-09-18T02:10:55.599Z] 테니스장 데이터 로드 완료: 6개
[2025-09-18T02:10:55.615Z] 🔧 서버 포트 고정: 3000
[2025-09-18T02:10:55.615Z] 🔄 Socket.IO 초기화 중...
[2025-09-18T02:10:55.616Z] ✅ Socket.IO 초기화 완료
[2025-09-18T02:11:00.645Z] [dotenv@17.2.2] injecting env (14) from config.development.env -- tip: ⚙️  enable debug logging with { debug: true }
[2025-09-18T02:11:00.747Z] 📁 파일에서 8개 매칭 로드됨
[2025-09-18T02:11:00.747Z] 🔍 파일에서 887887 매칭을 찾을 수 없음
[2025-09-18T02:11:00.747Z] 기본 게시글 데이터 생성 완료
[2025-09-18T02:11:00.747Z] 댓글 데이터 파일이 없습니다. 빈 배열로 시작합니다.
[2025-09-18T02:11:00.748Z] 채팅방 데이터 로드 완료: 1개
[2025-09-18T02:11:00.748Z] 채팅 메시지 데이터 로드 완료: 0개
[2025-09-18T02:11:00.756Z] 테니스장 데이터 로드 완료: 6개
[2025-09-18T02:11:00.770Z] 🔧 서버 포트 고정: 3000
[2025-09-18T02:11:00.770Z] 🔄 Socket.IO 초기화 중...
[2025-09-18T02:11:00.771Z] ✅ Socket.IO 초기화 완료
[2025-09-18T02:11:03.269Z] 🔍 인증된 사용자 - ID: 912738, 이메일: tennis1@playmate.com, 닉네임: 테니스초보
사용자 912738의 채팅방 목록 조회 요청
[2025-09-18T02:11:03.270Z] 사용자 912738의 채팅방 수: 1개
[2025-09-18T02:11:03.270Z] [0mGET /api/chat/rooms [32m200[0m 1.268 ms - 423[0m
[2025-09-18T02:11:03.273Z] 🔍 인증된 사용자 - ID: 912738, 이메일: tennis1@playmate.com, 닉네임: 테니스초보
[2025-09-18T02:11:03.273Z] ✅ 안전한 매칭 데이터 반환: 한남테니스장 (ID: 1758094285772)
[2025-09-18T02:11:03.274Z] [0mGET /api/matchings/1758094285772 [32m200[0m 0.578 ms - 809[0m
[2025-09-18T02:11:05.800Z] [dotenv@17.2.2] injecting env (14) from config.development.env -- tip: 📡 version env with Radar: https://dotenvx.com/radar
[2025-09-18T02:11:05.905Z] 📁 파일에서 8개 매칭 로드됨
[2025-09-18T02:11:05.905Z] 🔍 파일에서 887887 매칭을 찾을 수 없음
[2025-09-18T02:11:05.906Z] 기본 게시글 데이터 생성 완료
[2025-09-18T02:11:05.906Z] 댓글 데이터 파일이 없습니다. 빈 배열로 시작합니다.
[2025-09-18T02:11:05.906Z] 채팅방 데이터 로드 완료: 1개
[2025-09-18T02:11:05.906Z] 채팅 메시지 데이터 로드 완료: 0개
[2025-09-18T02:11:05.914Z] 테니스장 데이터 로드 완료: 6개
[2025-09-18T02:11:05.929Z] 🔧 서버 포트 고정: 3000
[2025-09-18T02:11:05.929Z] 🔄 Socket.IO 초기화 중...
[2025-09-18T02:11:05.930Z] ✅ Socket.IO 초기화 완료
[2025-09-18T02:11:10.958Z] [dotenv@17.2.2] injecting env (14) from config.development.env -- tip: 🛠️  run anywhere with `dotenvx run -- yourcommand`
[2025-09-18T02:11:11.059Z] 📁 파일에서 8개 매칭 로드됨
[2025-09-18T02:11:11.059Z] 🔍 파일에서 887887 매칭을 찾을 수 없음
[2025-09-18T02:11:11.060Z] 기본 게시글 데이터 생성 완료
[2025-09-18T02:11:11.060Z] 댓글 데이터 파일이 없습니다. 빈 배열로 시작합니다.
[2025-09-18T02:11:11.061Z] 채팅방 데이터 로드 완료: 1개
[2025-09-18T02:11:11.061Z] 채팅 메시지 데이터 로드 완료: 0개
[2025-09-18T02:11:11.069Z] 테니스장 데이터 로드 완료: 6개
[2025-09-18T02:11:11.083Z] 🔧 서버 포트 고정: 3000
[2025-09-18T02:11:11.083Z] 🔄 Socket.IO 초기화 중...
[2025-09-18T02:11:11.084Z] ✅ Socket.IO 초기화 완료
[2025-09-18T02:11:13.268Z] 🔍 인증된 사용자 - ID: 912738, 이메일: tennis1@playmate.com, 닉네임: 테니스초보
사용자 912738의 채팅방 목록 조회 요청
[2025-09-18T02:11:13.269Z] 사용자 912738의 채팅방 수: 1개
[0mGET /api/chat/rooms [32m200[0m 0.664 ms - 423[0m
[2025-09-18T02:11:13.272Z] 🔍 인증된 사용자 - ID: 912738, 이메일: tennis1@playmate.com, 닉네임: 테니스초보
[2025-09-18T02:11:13.273Z] ✅ 안전한 매칭 데이터 반환: 한남테니스장 (ID: 1758094285772)
[2025-09-18T02:11:13.273Z] [0mGET /api/matchings/1758094285772 [32m200[0m 0.520 ms - 809[0m
[2025-09-18T02:11:16.113Z] [dotenv@17.2.2] injecting env (14) from config.development.env -- tip: 🔐 encrypt with Dotenvx: https://dotenvx.com
[2025-09-18T02:11:16.239Z] 📁 파일에서 8개 매칭 로드됨
🔍 파일에서 887887 매칭을 찾을 수 없음
[2025-09-18T02:11:16.239Z] 기본 게시글 데이터 생성 완료
[2025-09-18T02:11:16.239Z] 댓글 데이터 파일이 없습니다. 빈 배열로 시작합니다.
[2025-09-18T02:11:16.240Z] 채팅방 데이터 로드 완료: 1개
[2025-09-18T02:11:16.240Z] 채팅 메시지 데이터 로드 완료: 0개
[2025-09-18T02:11:16.247Z] 테니스장 데이터 로드 완료: 6개
[2025-09-18T02:11:16.262Z] 🔧 서버 포트 고정: 3000
[2025-09-18T02:11:16.262Z] 🔄 Socket.IO 초기화 중...
[2025-09-18T02:11:16.263Z] ✅ Socket.IO 초기화 완료
[2025-09-18T02:11:21.295Z] [dotenv@17.2.2] injecting env (14) from config.development.env -- tip: 📡 version env with Radar: https://dotenvx.com/radar
[2025-09-18T02:11:21.397Z] 📁 파일에서 8개 매칭 로드됨
🔍 파일에서 887887 매칭을 찾을 수 없음
[2025-09-18T02:11:21.398Z] 기본 게시글 데이터 생성 완료
[2025-09-18T02:11:21.398Z] 댓글 데이터 파일이 없습니다. 빈 배열로 시작합니다.
[2025-09-18T02:11:21.398Z] 채팅방 데이터 로드 완료: 1개
[2025-09-18T02:11:21.398Z] 채팅 메시지 데이터 로드 완료: 0개
[2025-09-18T02:11:21.407Z] 테니스장 데이터 로드 완료: 6개
[2025-09-18T02:11:21.421Z] 🔧 서버 포트 고정: 3000
[2025-09-18T02:11:21.422Z] 🔄 Socket.IO 초기화 중...
[2025-09-18T02:11:21.422Z] ✅ Socket.IO 초기화 완료
[2025-09-18T02:11:23.274Z] 🔍 인증된 사용자 - ID: 912738, 이메일: tennis1@playmate.com, 닉네임: 테니스초보
사용자 912738의 채팅방 목록 조회 요청
[2025-09-18T02:11:23.274Z] 사용자 912738의 채팅방 수: 1개
[2025-09-18T02:11:23.275Z] [0mGET /api/chat/rooms [32m200[0m 1.956 ms - 423[0m
[2025-09-18T02:11:23.281Z] 🔍 인증된 사용자 - ID: 912738, 이메일: tennis1@playmate.com, 닉네임: 테니스초보
✅ 안전한 매칭 데이터 반환: 한남테니스장 (ID: 1758094285772)
[2025-09-18T02:11:23.282Z] [0mGET /api/matchings/1758094285772 [32m200[0m 0.575 ms - 809[0m
[2025-09-18T02:11:26.450Z] [dotenv@17.2.2] injecting env (14) from config.development.env -- tip: ⚙️  specify custom .env file path with { path: '/custom/path/.env' }
[2025-09-18T02:11:26.555Z] 📁 파일에서 8개 매칭 로드됨
🔍 파일에서 887887 매칭을 찾을 수 없음
[2025-09-18T02:11:26.556Z] 기본 게시글 데이터 생성 완료
[2025-09-18T02:11:26.556Z] 댓글 데이터 파일이 없습니다. 빈 배열로 시작합니다.
[2025-09-18T02:11:26.556Z] 채팅방 데이터 로드 완료: 1개
[2025-09-18T02:11:26.557Z] 채팅 메시지 데이터 로드 완료: 0개
[2025-09-18T02:11:26.565Z] 테니스장 데이터 로드 완료: 6개
[2025-09-18T02:11:26.580Z] 🔧 서버 포트 고정: 3000
[2025-09-18T02:11:26.580Z] 🔄 Socket.IO 초기화 중...
[2025-09-18T02:11:26.581Z] ✅ Socket.IO 초기화 완료
[2025-09-18T02:11:31.608Z] [dotenv@17.2.2] injecting env (14) from config.development.env -- tip: ⚙️  suppress all logs with { quiet: true }
[2025-09-18T02:11:31.712Z] 📁 파일에서 8개 매칭 로드됨
🔍 파일에서 887887 매칭을 찾을 수 없음
[2025-09-18T02:11:31.712Z] 기본 게시글 데이터 생성 완료
[2025-09-18T02:11:31.712Z] 댓글 데이터 파일이 없습니다. 빈 배열로 시작합니다.
[2025-09-18T02:11:31.713Z] 채팅방 데이터 로드 완료: 1개
[2025-09-18T02:11:31.713Z] 채팅 메시지 데이터 로드 완료: 0개
[2025-09-18T02:11:31.721Z] 테니스장 데이터 로드 완료: 6개
[2025-09-18T02:11:31.735Z] 🔧 서버 포트 고정: 3000
[2025-09-18T02:11:31.736Z] 🔄 Socket.IO 초기화 중...
[2025-09-18T02:11:31.736Z] ✅ Socket.IO 초기화 완료
[2025-09-18T02:11:33.270Z] 🔍 인증된 사용자 - ID: 912738, 이메일: tennis1@playmate.com, 닉네임: 테니스초보
[2025-09-18T02:11:33.270Z] 사용자 912738의 채팅방 목록 조회 요청
사용자 912738의 채팅방 수: 1개
[2025-09-18T02:11:33.271Z] [0mGET /api/chat/rooms [32m200[0m 1.479 ms - 423[0m
[2025-09-18T02:11:33.274Z] 🔍 인증된 사용자 - ID: 912738, 이메일: tennis1@playmate.com, 닉네임: 테니스초보
[2025-09-18T02:11:33.274Z] ✅ 안전한 매칭 데이터 반환: 한남테니스장 (ID: 1758094285772)
[2025-09-18T02:11:33.275Z] [0mGET /api/matchings/1758094285772 [32m200[0m 0.984 ms - 809[0m
[2025-09-18T02:11:36.765Z] [dotenv@17.2.2] injecting env (14) from config.development.env -- tip: 🔐 prevent building .env in docker: https://dotenvx.com/prebuild
[2025-09-18T02:11:36.872Z] 📁 파일에서 8개 매칭 로드됨
[2025-09-18T02:11:36.872Z] 🔍 파일에서 887887 매칭을 찾을 수 없음
[2025-09-18T02:11:36.873Z] 기본 게시글 데이터 생성 완료
[2025-09-18T02:11:36.873Z] 댓글 데이터 파일이 없습니다. 빈 배열로 시작합니다.
[2025-09-18T02:11:36.873Z] 채팅방 데이터 로드 완료: 1개
[2025-09-18T02:11:36.873Z] 채팅 메시지 데이터 로드 완료: 0개
[2025-09-18T02:11:36.881Z] 테니스장 데이터 로드 완료: 6개
[2025-09-18T02:11:36.896Z] 🔧 서버 포트 고정: 3000
[2025-09-18T02:11:36.896Z] 🔄 Socket.IO 초기화 중...
[2025-09-18T02:11:36.897Z] ✅ Socket.IO 초기화 완료
[2025-09-18T02:11:41.924Z] [dotenv@17.2.2] injecting env (14) from config.development.env -- tip: 📡 version env with Radar: https://dotenvx.com/radar
[2025-09-18T02:11:42.027Z] 📁 파일에서 8개 매칭 로드됨
[2025-09-18T02:11:42.028Z] 🔍 파일에서 887887 매칭을 찾을 수 없음
[2025-09-18T02:11:42.028Z] 기본 게시글 데이터 생성 완료
[2025-09-18T02:11:42.028Z] 댓글 데이터 파일이 없습니다. 빈 배열로 시작합니다.
[2025-09-18T02:11:42.029Z] 채팅방 데이터 로드 완료: 1개
[2025-09-18T02:11:42.029Z] 채팅 메시지 데이터 로드 완료: 0개
[2025-09-18T02:11:42.037Z] 테니스장 데이터 로드 완료: 6개
[2025-09-18T02:11:42.051Z] 🔧 서버 포트 고정: 3000
[2025-09-18T02:11:42.052Z] 🔄 Socket.IO 초기화 중...
[2025-09-18T02:11:42.052Z] ✅ Socket.IO 초기화 완료
[2025-09-18T02:11:43.269Z] 🔍 인증된 사용자 - ID: 912738, 이메일: tennis1@playmate.com, 닉네임: 테니스초보
사용자 912738의 채팅방 목록 조회 요청
사용자 912738의 채팅방 수: 1개
[2025-09-18T02:11:43.269Z] [0mGET /api/chat/rooms [32m200[0m 1.326 ms - 423[0m
[2025-09-18T02:11:43.273Z] 🔍 인증된 사용자 - ID: 912738, 이메일: tennis1@playmate.com, 닉네임: 테니스초보
[2025-09-18T02:11:43.273Z] ✅ 안전한 매칭 데이터 반환: 한남테니스장 (ID: 1758094285772)
[2025-09-18T02:11:43.273Z] [0mGET /api/matchings/1758094285772 [32m200[0m 0.899 ms - 809[0m
[2025-09-18T02:11:47.080Z] [dotenv@17.2.2] injecting env (14) from config.development.env -- tip: 🔐 prevent committing .env to code: https://dotenvx.com/precommit
[2025-09-18T02:11:47.187Z] 📁 파일에서 8개 매칭 로드됨
[2025-09-18T02:11:47.187Z] 🔍 파일에서 887887 매칭을 찾을 수 없음
[2025-09-18T02:11:47.188Z] 기본 게시글 데이터 생성 완료
[2025-09-18T02:11:47.188Z] 댓글 데이터 파일이 없습니다. 빈 배열로 시작합니다.
[2025-09-18T02:11:47.188Z] 채팅방 데이터 로드 완료: 1개
[2025-09-18T02:11:47.188Z] 채팅 메시지 데이터 로드 완료: 0개
[2025-09-18T02:11:47.196Z] 테니스장 데이터 로드 완료: 6개
[2025-09-18T02:11:47.212Z] 🔧 서버 포트 고정: 3000
[2025-09-18T02:11:47.212Z] 🔄 Socket.IO 초기화 중...
[2025-09-18T02:11:47.212Z] ✅ Socket.IO 초기화 완료
[2025-09-18T02:11:52.240Z] [dotenv@17.2.2] injecting env (14) from config.development.env -- tip: ⚙️  load multiple .env files with { path: ['.env.local', '.env'] }
[2025-09-18T02:11:52.343Z] 📁 파일에서 8개 매칭 로드됨
[2025-09-18T02:11:52.343Z] 🔍 파일에서 887887 매칭을 찾을 수 없음
[2025-09-18T02:11:52.344Z] 기본 게시글 데이터 생성 완료
[2025-09-18T02:11:52.344Z] 댓글 데이터 파일이 없습니다. 빈 배열로 시작합니다.
[2025-09-18T02:11:52.345Z] 채팅방 데이터 로드 완료: 1개
[2025-09-18T02:11:52.345Z] 채팅 메시지 데이터 로드 완료: 0개
[2025-09-18T02:11:52.352Z] 테니스장 데이터 로드 완료: 6개
[2025-09-18T02:11:52.366Z] 🔧 서버 포트 고정: 3000
[2025-09-18T02:11:52.367Z] 🔄 Socket.IO 초기화 중...
[2025-09-18T02:11:52.367Z] ✅ Socket.IO 초기화 완료
[2025-09-18T02:11:53.270Z] 🔍 인증된 사용자 - ID: 912738, 이메일: tennis1@playmate.com, 닉네임: 테니스초보
[2025-09-18T02:11:53.270Z] 사용자 912738의 채팅방 목록 조회 요청
사용자 912738의 채팅방 수: 1개
[2025-09-18T02:11:53.270Z] [0mGET /api/chat/rooms [32m200[0m 1.091 ms - 423[0m
[2025-09-18T02:11:53.274Z] 🔍 인증된 사용자 - ID: 912738, 이메일: tennis1@playmate.com, 닉네임: 테니스초보
[2025-09-18T02:11:53.274Z] ✅ 안전한 매칭 데이터 반환: 한남테니스장 (ID: 1758094285772)
[0mGET /api/matchings/1758094285772 [32m200[0m 0.587 ms - 809[0m
[2025-09-18T02:11:57.396Z] [dotenv@17.2.2] injecting env (14) from config.development.env -- tip: 📡 version env with Radar: https://dotenvx.com/radar
[2025-09-18T02:11:57.503Z] 📁 파일에서 8개 매칭 로드됨
[2025-09-18T02:11:57.503Z] 🔍 파일에서 887887 매칭을 찾을 수 없음
[2025-09-18T02:11:57.504Z] 기본 게시글 데이터 생성 완료
[2025-09-18T02:11:57.504Z] 댓글 데이터 파일이 없습니다. 빈 배열로 시작합니다.
[2025-09-18T02:11:57.504Z] 채팅방 데이터 로드 완료: 1개
[2025-09-18T02:11:57.504Z] 채팅 메시지 데이터 로드 완료: 0개
[2025-09-18T02:11:57.512Z] 테니스장 데이터 로드 완료: 6개
[2025-09-18T02:11:57.527Z] 🔧 서버 포트 고정: 3000
[2025-09-18T02:11:57.527Z] 🔄 Socket.IO 초기화 중...
[2025-09-18T02:11:57.528Z] ✅ Socket.IO 초기화 완료
[2025-09-18T02:12:02.558Z] [dotenv@17.2.2] injecting env (14) from config.development.env -- tip: ⚙️  suppress all logs with { quiet: true }
[2025-09-18T02:12:02.661Z] 📁 파일에서 8개 매칭 로드됨
🔍 파일에서 887887 매칭을 찾을 수 없음
[2025-09-18T02:12:02.661Z] 기본 게시글 데이터 생성 완료
[2025-09-18T02:12:02.661Z] 댓글 데이터 파일이 없습니다. 빈 배열로 시작합니다.
[2025-09-18T02:12:02.662Z] 채팅방 데이터 로드 완료: 1개
[2025-09-18T02:12:02.662Z] 채팅 메시지 데이터 로드 완료: 0개
[2025-09-18T02:12:02.669Z] 테니스장 데이터 로드 완료: 6개
[2025-09-18T02:12:02.684Z] 🔧 서버 포트 고정: 3000
[2025-09-18T02:12:02.684Z] 🔄 Socket.IO 초기화 중...
[2025-09-18T02:12:02.685Z] ✅ Socket.IO 초기화 완료
[2025-09-18T02:12:03.268Z] 🔍 인증된 사용자 - ID: 912738, 이메일: tennis1@playmate.com, 닉네임: 테니스초보
사용자 912738의 채팅방 목록 조회 요청
[2025-09-18T02:12:03.269Z] 사용자 912738의 채팅방 수: 1개
[0mGET /api/chat/rooms [32m200[0m 0.520 ms - 423[0m
[2025-09-18T02:12:03.272Z] 🔍 인증된 사용자 - ID: 912738, 이메일: tennis1@playmate.com, 닉네임: 테니스초보
✅ 안전한 매칭 데이터 반환: 한남테니스장 (ID: 1758094285772)
[2025-09-18T02:12:03.272Z] [0mGET /api/matchings/1758094285772 [32m200[0m 0.450 ms - 809[0m
[2025-09-18T02:12:07.711Z] [dotenv@17.2.2] injecting env (14) from config.development.env -- tip: ⚙️  override existing env vars with { override: true }
[2025-09-18T02:12:07.816Z] 📁 파일에서 8개 매칭 로드됨
[2025-09-18T02:12:07.817Z] 🔍 파일에서 887887 매칭을 찾을 수 없음
[2025-09-18T02:12:07.818Z] 기본 게시글 데이터 생성 완료
[2025-09-18T02:12:07.818Z] 댓글 데이터 파일이 없습니다. 빈 배열로 시작합니다.
[2025-09-18T02:12:07.818Z] 채팅방 데이터 로드 완료: 1개
[2025-09-18T02:12:07.818Z] 채팅 메시지 데이터 로드 완료: 0개
[2025-09-18T02:12:07.826Z] 테니스장 데이터 로드 완료: 6개
[2025-09-18T02:12:07.841Z] 🔧 서버 포트 고정: 3000
[2025-09-18T02:12:07.842Z] 🔄 Socket.IO 초기화 중...
[2025-09-18T02:12:07.842Z] ✅ Socket.IO 초기화 완료
[2025-09-18T02:12:12.874Z] [dotenv@17.2.2] injecting env (14) from config.development.env -- tip: ⚙️  write to custom object with { processEnv: myObject }
[2025-09-18T02:12:12.979Z] 📁 파일에서 8개 매칭 로드됨
[2025-09-18T02:12:12.979Z] 🔍 파일에서 887887 매칭을 찾을 수 없음
[2025-09-18T02:12:12.979Z] 기본 게시글 데이터 생성 완료
[2025-09-18T02:12:12.979Z] 댓글 데이터 파일이 없습니다. 빈 배열로 시작합니다.
[2025-09-18T02:12:12.980Z] 채팅방 데이터 로드 완료: 1개
[2025-09-18T02:12:12.980Z] 채팅 메시지 데이터 로드 완료: 0개
[2025-09-18T02:12:12.988Z] 테니스장 데이터 로드 완료: 6개
[2025-09-18T02:12:13.003Z] 🔧 서버 포트 고정: 3000
[2025-09-18T02:12:13.003Z] 🔄 Socket.IO 초기화 중...
[2025-09-18T02:12:13.003Z] ✅ Socket.IO 초기화 완료
[2025-09-18T02:12:13.271Z] 🔍 인증된 사용자 - ID: 912738, 이메일: tennis1@playmate.com, 닉네임: 테니스초보
[2025-09-18T02:12:13.271Z] 사용자 912738의 채팅방 목록 조회 요청
사용자 912738의 채팅방 수: 1개
[0mGET /api/chat/rooms [32m200[0m 0.754 ms - 423[0m
[2025-09-18T02:12:13.274Z] 🔍 인증된 사용자 - ID: 912738, 이메일: tennis1@playmate.com, 닉네임: 테니스초보
[2025-09-18T02:12:13.274Z] ✅ 안전한 매칭 데이터 반환: 한남테니스장 (ID: 1758094285772)
[0mGET /api/matchings/1758094285772 [32m200[0m 0.445 ms - 809[0m
[2025-09-18T02:12:18.032Z] [dotenv@17.2.2] injecting env (14) from config.development.env -- tip: 📡 observe env with Radar: https://dotenvx.com/radar
[2025-09-18T02:12:18.138Z] 📁 파일에서 8개 매칭 로드됨
[2025-09-18T02:12:18.138Z] 🔍 파일에서 887887 매칭을 찾을 수 없음
[2025-09-18T02:12:18.138Z] 기본 게시글 데이터 생성 완료
[2025-09-18T02:12:18.138Z] 댓글 데이터 파일이 없습니다. 빈 배열로 시작합니다.
[2025-09-18T02:12:18.139Z] 채팅방 데이터 로드 완료: 1개
[2025-09-18T02:12:18.139Z] 채팅 메시지 데이터 로드 완료: 0개
[2025-09-18T02:12:18.148Z] 테니스장 데이터 로드 완료: 6개
[2025-09-18T02:12:18.162Z] 🔧 서버 포트 고정: 3000
[2025-09-18T02:12:18.163Z] 🔄 Socket.IO 초기화 중...
[2025-09-18T02:12:18.163Z] ✅ Socket.IO 초기화 완료
[2025-09-18T02:12:23.193Z] [dotenv@17.2.2] injecting env (14) from config.development.env -- tip: 📡 auto-backup env with Radar: https://dotenvx.com/radar
[2025-09-18T02:12:23.272Z] 🔍 인증된 사용자 - ID: 912738, 이메일: tennis1@playmate.com, 닉네임: 테니스초보
사용자 912738의 채팅방 목록 조회 요청
[2025-09-18T02:12:23.272Z] 사용자 912738의 채팅방 수: 1개
[0mGET /api/chat/rooms [32m200[0m 0.432 ms - 423[0m
[2025-09-18T02:12:23.275Z] 🔍 인증된 사용자 - ID: 912738, 이메일: tennis1@playmate.com, 닉네임: 테니스초보
[2025-09-18T02:12:23.275Z] ✅ 안전한 매칭 데이터 반환: 한남테니스장 (ID: 1758094285772)
[0mGET /api/matchings/1758094285772 [32m200[0m 0.507 ms - 809[0m
[2025-09-18T02:12:23.298Z] 📁 파일에서 8개 매칭 로드됨
🔍 파일에서 887887 매칭을 찾을 수 없음
[2025-09-18T02:12:23.298Z] 기본 게시글 데이터 생성 완료
[2025-09-18T02:12:23.298Z] 댓글 데이터 파일이 없습니다. 빈 배열로 시작합니다.
[2025-09-18T02:12:23.299Z] 채팅방 데이터 로드 완료: 1개
[2025-09-18T02:12:23.299Z] 채팅 메시지 데이터 로드 완료: 0개
[2025-09-18T02:12:23.306Z] 테니스장 데이터 로드 완료: 6개
[2025-09-18T02:12:23.322Z] 🔧 서버 포트 고정: 3000
[2025-09-18T02:12:23.323Z] 🔄 Socket.IO 초기화 중...
[2025-09-18T02:12:23.323Z] ✅ Socket.IO 초기화 완료
[2025-09-18T02:12:28.350Z] [dotenv@17.2.2] injecting env (14) from config.development.env -- tip: 📡 auto-backup env with Radar: https://dotenvx.com/radar
[2025-09-18T02:12:28.457Z] 📁 파일에서 8개 매칭 로드됨
[2025-09-18T02:12:28.457Z] 🔍 파일에서 887887 매칭을 찾을 수 없음
[2025-09-18T02:12:28.457Z] 기본 게시글 데이터 생성 완료
[2025-09-18T02:12:28.457Z] 댓글 데이터 파일이 없습니다. 빈 배열로 시작합니다.
[2025-09-18T02:12:28.458Z] 채팅방 데이터 로드 완료: 1개
[2025-09-18T02:12:28.459Z] 채팅 메시지 데이터 로드 완료: 0개
[2025-09-18T02:12:28.466Z] 테니스장 데이터 로드 완료: 6개
[2025-09-18T02:12:28.482Z] 🔧 서버 포트 고정: 3000
[2025-09-18T02:12:28.482Z] 🔄 Socket.IO 초기화 중...
[2025-09-18T02:12:28.483Z] ✅ Socket.IO 초기화 완료
[2025-09-18T02:12:33.269Z] 🔍 인증된 사용자 - ID: 912738, 이메일: tennis1@playmate.com, 닉네임: 테니스초보
[2025-09-18T02:12:33.270Z] 사용자 912738의 채팅방 목록 조회 요청
사용자 912738의 채팅방 수: 1개
[2025-09-18T02:12:33.270Z] [0mGET /api/chat/rooms [32m200[0m 1.194 ms - 423[0m
[2025-09-18T02:12:33.274Z] 🔍 인증된 사용자 - ID: 912738, 이메일: tennis1@playmate.com, 닉네임: 테니스초보
[2025-09-18T02:12:33.274Z] ✅ 안전한 매칭 데이터 반환: 한남테니스장 (ID: 1758094285772)
[2025-09-18T02:12:33.274Z] [0mGET /api/matchings/1758094285772 [32m200[0m 1.012 ms - 809[0m
[2025-09-18T02:12:33.514Z] [dotenv@17.2.2] injecting env (14) from config.development.env -- tip: 🛠️  run anywhere with `dotenvx run -- yourcommand`
[2025-09-18T02:12:33.619Z] 📁 파일에서 8개 매칭 로드됨
[2025-09-18T02:12:33.619Z] 🔍 파일에서 887887 매칭을 찾을 수 없음
[2025-09-18T02:12:33.620Z] 기본 게시글 데이터 생성 완료
[2025-09-18T02:12:33.620Z] 댓글 데이터 파일이 없습니다. 빈 배열로 시작합니다.
[2025-09-18T02:12:33.620Z] 채팅방 데이터 로드 완료: 1개
[2025-09-18T02:12:33.620Z] 채팅 메시지 데이터 로드 완료: 0개
[2025-09-18T02:12:33.628Z] 테니스장 데이터 로드 완료: 6개
[2025-09-18T02:12:33.643Z] 🔧 서버 포트 고정: 3000
[2025-09-18T02:12:33.643Z] 🔄 Socket.IO 초기화 중...
[2025-09-18T02:12:33.644Z] ✅ Socket.IO 초기화 완료
[2025-09-18T02:12:38.672Z] [dotenv@17.2.2] injecting env (14) from config.development.env -- tip: 📡 version env with Radar: https://dotenvx.com/radar
[2025-09-18T02:12:38.776Z] 📁 파일에서 8개 매칭 로드됨
[2025-09-18T02:12:38.776Z] 🔍 파일에서 887887 매칭을 찾을 수 없음
[2025-09-18T02:12:38.777Z] 기본 게시글 데이터 생성 완료
[2025-09-18T02:12:38.777Z] 댓글 데이터 파일이 없습니다. 빈 배열로 시작합니다.
[2025-09-18T02:12:38.778Z] 채팅방 데이터 로드 완료: 1개
[2025-09-18T02:12:38.778Z] 채팅 메시지 데이터 로드 완료: 0개
[2025-09-18T02:12:38.786Z] 테니스장 데이터 로드 완료: 6개
[2025-09-18T02:12:38.801Z] 🔧 서버 포트 고정: 3000
[2025-09-18T02:12:38.802Z] 🔄 Socket.IO 초기화 중...
[2025-09-18T02:12:38.802Z] ✅ Socket.IO 초기화 완료
[2025-09-18T02:12:43.271Z] 🔍 인증된 사용자 - ID: 912738, 이메일: tennis1@playmate.com, 닉네임: 테니스초보
[2025-09-18T02:12:43.271Z] 사용자 912738의 채팅방 목록 조회 요청
사용자 912738의 채팅방 수: 1개
[2025-09-18T02:12:43.272Z] [0mGET /api/chat/rooms [32m200[0m 1.450 ms - 423[0m
[2025-09-18T02:12:43.275Z] 🔍 인증된 사용자 - ID: 912738, 이메일: tennis1@playmate.com, 닉네임: 테니스초보
[2025-09-18T02:12:43.275Z] ✅ 안전한 매칭 데이터 반환: 한남테니스장 (ID: 1758094285772)
[2025-09-18T02:12:43.275Z] [0mGET /api/matchings/1758094285772 [32m200[0m 0.955 ms - 809[0m
[2025-09-18T02:12:43.833Z] [dotenv@17.2.2] injecting env (14) from config.development.env -- tip: ⚙️  enable debug logging with { debug: true }
[2025-09-18T02:12:43.937Z] 📁 파일에서 8개 매칭 로드됨
[2025-09-18T02:12:43.937Z] 🔍 파일에서 887887 매칭을 찾을 수 없음
[2025-09-18T02:12:43.938Z] 기본 게시글 데이터 생성 완료
[2025-09-18T02:12:43.938Z] 댓글 데이터 파일이 없습니다. 빈 배열로 시작합니다.
[2025-09-18T02:12:43.938Z] 채팅방 데이터 로드 완료: 1개
[2025-09-18T02:12:43.939Z] 채팅 메시지 데이터 로드 완료: 0개
[2025-09-18T02:12:43.946Z] 테니스장 데이터 로드 완료: 6개
[2025-09-18T02:12:43.961Z] 🔧 서버 포트 고정: 3000
[2025-09-18T02:12:43.961Z] 🔄 Socket.IO 초기화 중...
[2025-09-18T02:12:43.962Z] ✅ Socket.IO 초기화 완료
[2025-09-18T02:12:48.989Z] [dotenv@17.2.2] injecting env (14) from config.development.env -- tip: 🛠️  run anywhere with `dotenvx run -- yourcommand`
[2025-09-18T02:12:49.101Z] 📁 파일에서 8개 매칭 로드됨
[2025-09-18T02:12:49.101Z] 🔍 파일에서 887887 매칭을 찾을 수 없음
[2025-09-18T02:12:49.102Z] 기본 게시글 데이터 생성 완료
[2025-09-18T02:12:49.102Z] 댓글 데이터 파일이 없습니다. 빈 배열로 시작합니다.
[2025-09-18T02:12:49.102Z] 채팅방 데이터 로드 완료: 1개
[2025-09-18T02:12:49.102Z] 채팅 메시지 데이터 로드 완료: 0개
[2025-09-18T02:12:49.111Z] 테니스장 데이터 로드 완료: 6개
[2025-09-18T02:12:49.126Z] 🔧 서버 포트 고정: 3000
[2025-09-18T02:12:49.126Z] 🔄 Socket.IO 초기화 중...
[2025-09-18T02:12:49.126Z] ✅ Socket.IO 초기화 완료
[2025-09-18T02:12:53.269Z] 🔍 인증된 사용자 - ID: 912738, 이메일: tennis1@playmate.com, 닉네임: 테니스초보
[2025-09-18T02:12:53.270Z] 사용자 912738의 채팅방 목록 조회 요청
사용자 912738의 채팅방 수: 1개
[2025-09-18T02:12:53.271Z] [0mGET /api/chat/rooms [32m200[0m 1.214 ms - 423[0m
[2025-09-18T02:12:53.274Z] 🔍 인증된 사용자 - ID: 912738, 이메일: tennis1@playmate.com, 닉네임: 테니스초보
[2025-09-18T02:12:53.274Z] ✅ 안전한 매칭 데이터 반환: 한남테니스장 (ID: 1758094285772)
[2025-09-18T02:12:53.274Z] [0mGET /api/matchings/1758094285772 [32m200[0m 0.540 ms - 809[0m
[2025-09-18T02:12:54.159Z] [dotenv@17.2.2] injecting env (14) from config.development.env -- tip: 🔐 prevent building .env in docker: https://dotenvx.com/prebuild
[2025-09-18T02:12:54.262Z] 📁 파일에서 8개 매칭 로드됨
[2025-09-18T02:12:54.262Z] 🔍 파일에서 887887 매칭을 찾을 수 없음
[2025-09-18T02:12:54.263Z] 기본 게시글 데이터 생성 완료
[2025-09-18T02:12:54.263Z] 댓글 데이터 파일이 없습니다. 빈 배열로 시작합니다.
[2025-09-18T02:12:54.263Z] 채팅방 데이터 로드 완료: 1개
[2025-09-18T02:12:54.264Z] 채팅 메시지 데이터 로드 완료: 0개
[2025-09-18T02:12:54.272Z] 테니스장 데이터 로드 완료: 6개
[2025-09-18T02:12:54.288Z] 🔧 서버 포트 고정: 3000
[2025-09-18T02:12:54.288Z] 🔄 Socket.IO 초기화 중...
[2025-09-18T02:12:54.288Z] ✅ Socket.IO 초기화 완료
[2025-09-18T02:12:59.316Z] [dotenv@17.2.2] injecting env (14) from config.development.env -- tip: ⚙️  enable debug logging with { debug: true }
[2025-09-18T02:12:59.419Z] 📁 파일에서 8개 매칭 로드됨
[2025-09-18T02:12:59.420Z] 🔍 파일에서 887887 매칭을 찾을 수 없음
[2025-09-18T02:12:59.420Z] 기본 게시글 데이터 생성 완료
[2025-09-18T02:12:59.420Z] 댓글 데이터 파일이 없습니다. 빈 배열로 시작합니다.
[2025-09-18T02:12:59.421Z] 채팅방 데이터 로드 완료: 1개
[2025-09-18T02:12:59.421Z] 채팅 메시지 데이터 로드 완료: 0개
[2025-09-18T02:12:59.428Z] 테니스장 데이터 로드 완료: 6개
[2025-09-18T02:12:59.443Z] 🔧 서버 포트 고정: 3000
[2025-09-18T02:12:59.443Z] 🔄 Socket.IO 초기화 중...
[2025-09-18T02:12:59.444Z] ✅ Socket.IO 초기화 완료
[2025-09-18T02:13:03.273Z] 🔍 인증된 사용자 - ID: 912738, 이메일: tennis1@playmate.com, 닉네임: 테니스초보
[2025-09-18T02:13:03.273Z] 사용자 912738의 채팅방 목록 조회 요청
사용자 912738의 채팅방 수: 1개
[0mGET /api/chat/rooms [32m200[0m 0.644 ms - 423[0m
[2025-09-18T02:13:03.277Z] 🔍 인증된 사용자 - ID: 912738, 이메일: tennis1@playmate.com, 닉네임: 테니스초보
[2025-09-18T02:13:03.277Z] ✅ 안전한 매칭 데이터 반환: 한남테니스장 (ID: 1758094285772)
[0mGET /api/matchings/1758094285772 [32m200[0m 0.562 ms - 809[0m
[2025-09-18T02:13:04.471Z] [dotenv@17.2.2] injecting env (14) from config.development.env -- tip: ⚙️  suppress all logs with { quiet: true }
[2025-09-18T02:13:04.580Z] 📁 파일에서 8개 매칭 로드됨
[2025-09-18T02:13:04.580Z] 🔍 파일에서 887887 매칭을 찾을 수 없음
[2025-09-18T02:13:04.581Z] 기본 게시글 데이터 생성 완료
[2025-09-18T02:13:04.581Z] 댓글 데이터 파일이 없습니다. 빈 배열로 시작합니다.
[2025-09-18T02:13:04.582Z] 채팅방 데이터 로드 완료: 1개
[2025-09-18T02:13:04.582Z] 채팅 메시지 데이터 로드 완료: 0개
[2025-09-18T02:13:04.590Z] 테니스장 데이터 로드 완료: 6개
[2025-09-18T02:13:04.604Z] 🔧 서버 포트 고정: 3000
[2025-09-18T02:13:04.605Z] 🔄 Socket.IO 초기화 중...
[2025-09-18T02:13:04.606Z] ✅ Socket.IO 초기화 완료
[2025-09-18T02:13:09.632Z] [dotenv@17.2.2] injecting env (14) from config.development.env -- tip: 🔐 prevent committing .env to code: https://dotenvx.com/precommit
[2025-09-18T02:13:09.733Z] 📁 파일에서 8개 매칭 로드됨
[2025-09-18T02:13:09.733Z] 🔍 파일에서 887887 매칭을 찾을 수 없음
[2025-09-18T02:13:09.734Z] 기본 게시글 데이터 생성 완료
[2025-09-18T02:13:09.734Z] 댓글 데이터 파일이 없습니다. 빈 배열로 시작합니다.
[2025-09-18T02:13:09.735Z] 채팅방 데이터 로드 완료: 1개
[2025-09-18T02:13:09.735Z] 채팅 메시지 데이터 로드 완료: 0개
[2025-09-18T02:13:09.743Z] 테니스장 데이터 로드 완료: 6개
[2025-09-18T02:13:09.758Z] 🔧 서버 포트 고정: 3000
[2025-09-18T02:13:09.758Z] 🔄 Socket.IO 초기화 중...
[2025-09-18T02:13:09.759Z] ✅ Socket.IO 초기화 완료
[2025-09-18T02:13:13.271Z] 🔍 인증된 사용자 - ID: 912738, 이메일: tennis1@playmate.com, 닉네임: 테니스초보
[2025-09-18T02:13:13.271Z] 사용자 912738의 채팅방 목록 조회 요청
사용자 912738의 채팅방 수: 1개
[2025-09-18T02:13:13.271Z] [0mGET /api/chat/rooms [32m200[0m 0.436 ms - 423[0m
[2025-09-18T02:13:13.275Z] 🔍 인증된 사용자 - ID: 912738, 이메일: tennis1@playmate.com, 닉네임: 테니스초보
[2025-09-18T02:13:13.275Z] ✅ 안전한 매칭 데이터 반환: 한남테니스장 (ID: 1758094285772)
[2025-09-18T02:13:13.275Z] [0mGET /api/matchings/1758094285772 [32m200[0m 0.523 ms - 809[0m
[2025-09-18T02:13:14.787Z] [dotenv@17.2.2] injecting env (14) from config.development.env -- tip: ⚙️  override existing env vars with { override: true }
[2025-09-18T02:13:14.895Z] 📁 파일에서 8개 매칭 로드됨
[2025-09-18T02:13:14.896Z] 🔍 파일에서 887887 매칭을 찾을 수 없음
[2025-09-18T02:13:14.896Z] 기본 게시글 데이터 생성 완료
[2025-09-18T02:13:14.896Z] 댓글 데이터 파일이 없습니다. 빈 배열로 시작합니다.
[2025-09-18T02:13:14.897Z] 채팅방 데이터 로드 완료: 1개
[2025-09-18T02:13:14.897Z] 채팅 메시지 데이터 로드 완료: 0개
[2025-09-18T02:13:14.905Z] 테니스장 데이터 로드 완료: 6개
[2025-09-18T02:13:14.920Z] 🔧 서버 포트 고정: 3000
[2025-09-18T02:13:14.921Z] 🔄 Socket.IO 초기화 중...
[2025-09-18T02:13:14.921Z] ✅ Socket.IO 초기화 완료
[2025-09-18T02:13:19.951Z] [dotenv@17.2.2] injecting env (14) from config.development.env -- tip: 📡 version env with Radar: https://dotenvx.com/radar
[2025-09-18T02:13:20.053Z] 📁 파일에서 8개 매칭 로드됨
[2025-09-18T02:13:20.053Z] 🔍 파일에서 887887 매칭을 찾을 수 없음
[2025-09-18T02:13:20.054Z] 기본 게시글 데이터 생성 완료
[2025-09-18T02:13:20.054Z] 댓글 데이터 파일이 없습니다. 빈 배열로 시작합니다.
[2025-09-18T02:13:20.054Z] 채팅방 데이터 로드 완료: 1개
[2025-09-18T02:13:20.054Z] 채팅 메시지 데이터 로드 완료: 0개
[2025-09-18T02:13:20.062Z] 테니스장 데이터 로드 완료: 6개
[2025-09-18T02:13:20.077Z] 🔧 서버 포트 고정: 3000
[2025-09-18T02:13:20.077Z] 🔄 Socket.IO 초기화 중...
[2025-09-18T02:13:20.078Z] ✅ Socket.IO 초기화 완료
[2025-09-18T02:13:23.270Z] 🔍 인증된 사용자 - ID: 912738, 이메일: tennis1@playmate.com, 닉네임: 테니스초보
[2025-09-18T02:13:23.270Z] 사용자 912738의 채팅방 목록 조회 요청
사용자 912738의 채팅방 수: 1개
[2025-09-18T02:13:23.271Z] [0mGET /api/chat/rooms [32m200[0m 1.109 ms - 423[0m
[2025-09-18T02:13:23.274Z] 🔍 인증된 사용자 - ID: 912738, 이메일: tennis1@playmate.com, 닉네임: 테니스초보
[2025-09-18T02:13:23.274Z] ✅ 안전한 매칭 데이터 반환: 한남테니스장 (ID: 1758094285772)
[0mGET /api/matchings/1758094285772 [32m200[0m 0.549 ms - 809[0m
[2025-09-18T02:13:25.108Z] [dotenv@17.2.2] injecting env (14) from config.development.env -- tip: ⚙️  override existing env vars with { override: true }
[2025-09-18T02:13:25.216Z] 📁 파일에서 8개 매칭 로드됨
[2025-09-18T02:13:25.216Z] 🔍 파일에서 887887 매칭을 찾을 수 없음
[2025-09-18T02:13:25.216Z] 기본 게시글 데이터 생성 완료
[2025-09-18T02:13:25.216Z] 댓글 데이터 파일이 없습니다. 빈 배열로 시작합니다.
[2025-09-18T02:13:25.217Z] 채팅방 데이터 로드 완료: 1개
[2025-09-18T02:13:25.217Z] 채팅 메시지 데이터 로드 완료: 0개
[2025-09-18T02:13:25.225Z] 테니스장 데이터 로드 완료: 6개
[2025-09-18T02:13:25.241Z] 🔧 서버 포트 고정: 3000
[2025-09-18T02:13:25.241Z] 🔄 Socket.IO 초기화 중...
[2025-09-18T02:13:25.241Z] ✅ Socket.IO 초기화 완료
[2025-09-18T02:13:30.269Z] [dotenv@17.2.2] injecting env (14) from config.development.env -- tip: 🔐 prevent building .env in docker: https://dotenvx.com/prebuild
[2025-09-18T02:13:30.371Z] 📁 파일에서 8개 매칭 로드됨
[2025-09-18T02:13:30.372Z] 🔍 파일에서 887887 매칭을 찾을 수 없음
[2025-09-18T02:13:30.372Z] 기본 게시글 데이터 생성 완료
[2025-09-18T02:13:30.372Z] 댓글 데이터 파일이 없습니다. 빈 배열로 시작합니다.
[2025-09-18T02:13:30.373Z] 채팅방 데이터 로드 완료: 1개
[2025-09-18T02:13:30.373Z] 채팅 메시지 데이터 로드 완료: 0개
[2025-09-18T02:13:30.380Z] 테니스장 데이터 로드 완료: 6개
[2025-09-18T02:13:30.394Z] 🔧 서버 포트 고정: 3000
[2025-09-18T02:13:30.395Z] 🔄 Socket.IO 초기화 중...
[2025-09-18T02:13:30.395Z] ✅ Socket.IO 초기화 완료
[2025-09-18T02:13:33.268Z] 🔍 인증된 사용자 - ID: 912738, 이메일: tennis1@playmate.com, 닉네임: 테니스초보
[2025-09-18T02:13:33.268Z] 사용자 912738의 채팅방 목록 조회 요청
사용자 912738의 채팅방 수: 1개
[0mGET /api/chat/rooms [32m200[0m 0.474 ms - 423[0m
[2025-09-18T02:13:33.272Z] 🔍 인증된 사용자 - ID: 912738, 이메일: tennis1@playmate.com, 닉네임: 테니스초보
[2025-09-18T02:13:33.272Z] ✅ 안전한 매칭 데이터 반환: 한남테니스장 (ID: 1758094285772)
[0mGET /api/matchings/1758094285772 [32m200[0m 0.448 ms - 809[0m
[2025-09-18T02:13:35.425Z] [dotenv@17.2.2] injecting env (14) from config.development.env -- tip: 🔐 prevent building .env in docker: https://dotenvx.com/prebuild
[2025-09-18T02:13:35.531Z] 📁 파일에서 8개 매칭 로드됨
[2025-09-18T02:13:35.532Z] 🔍 파일에서 887887 매칭을 찾을 수 없음
[2025-09-18T02:13:35.532Z] 기본 게시글 데이터 생성 완료
[2025-09-18T02:13:35.532Z] 댓글 데이터 파일이 없습니다. 빈 배열로 시작합니다.
[2025-09-18T02:13:35.533Z] 채팅방 데이터 로드 완료: 1개
[2025-09-18T02:13:35.533Z] 채팅 메시지 데이터 로드 완료: 0개
[2025-09-18T02:13:35.541Z] 테니스장 데이터 로드 완료: 6개
[2025-09-18T02:13:35.556Z] 🔧 서버 포트 고정: 3000
[2025-09-18T02:13:35.556Z] 🔄 Socket.IO 초기화 중...
[2025-09-18T02:13:35.557Z] ✅ Socket.IO 초기화 완료
[2025-09-18T02:13:40.585Z] [dotenv@17.2.2] injecting env (14) from config.development.env -- tip: 📡 observe env with Radar: https://dotenvx.com/radar
[2025-09-18T02:13:40.687Z] 📁 파일에서 8개 매칭 로드됨
[2025-09-18T02:13:40.687Z] 🔍 파일에서 887887 매칭을 찾을 수 없음
[2025-09-18T02:13:40.687Z] 기본 게시글 데이터 생성 완료
[2025-09-18T02:13:40.687Z] 댓글 데이터 파일이 없습니다. 빈 배열로 시작합니다.
[2025-09-18T02:13:40.688Z] 채팅방 데이터 로드 완료: 1개
[2025-09-18T02:13:40.688Z] 채팅 메시지 데이터 로드 완료: 0개
[2025-09-18T02:13:40.696Z] 테니스장 데이터 로드 완료: 6개
[2025-09-18T02:13:40.711Z] 🔧 서버 포트 고정: 3000
[2025-09-18T02:13:40.711Z] 🔄 Socket.IO 초기화 중...
[2025-09-18T02:13:40.711Z] ✅ Socket.IO 초기화 완료
[2025-09-18T02:13:43.268Z] 🔍 인증된 사용자 - ID: 912738, 이메일: tennis1@playmate.com, 닉네임: 테니스초보
[2025-09-18T02:13:43.269Z] 사용자 912738의 채팅방 목록 조회 요청
사용자 912738의 채팅방 수: 1개
[0mGET /api/chat/rooms [32m200[0m 0.481 ms - 423[0m
[2025-09-18T02:13:43.272Z] 🔍 인증된 사용자 - ID: 912738, 이메일: tennis1@playmate.com, 닉네임: 테니스초보
[2025-09-18T02:13:43.273Z] ✅ 안전한 매칭 데이터 반환: 한남테니스장 (ID: 1758094285772)
[2025-09-18T02:13:43.273Z] [0mGET /api/matchings/1758094285772 [32m200[0m 0.575 ms - 809[0m
[2025-09-18T02:13:45.743Z] [dotenv@17.2.2] injecting env (14) from config.development.env -- tip: ⚙️  suppress all logs with { quiet: true }
[2025-09-18T02:13:45.848Z] 📁 파일에서 8개 매칭 로드됨
[2025-09-18T02:13:45.848Z] 🔍 파일에서 887887 매칭을 찾을 수 없음
[2025-09-18T02:13:45.849Z] 기본 게시글 데이터 생성 완료
[2025-09-18T02:13:45.849Z] 댓글 데이터 파일이 없습니다. 빈 배열로 시작합니다.
[2025-09-18T02:13:45.850Z] 채팅방 데이터 로드 완료: 1개
[2025-09-18T02:13:45.850Z] 채팅 메시지 데이터 로드 완료: 0개
[2025-09-18T02:13:45.858Z] 테니스장 데이터 로드 완료: 6개
[2025-09-18T02:13:45.873Z] 🔧 서버 포트 고정: 3000
[2025-09-18T02:13:45.873Z] 🔄 Socket.IO 초기화 중...
[2025-09-18T02:13:45.874Z] ✅ Socket.IO 초기화 완료
[2025-09-18T02:13:50.901Z] [dotenv@17.2.2] injecting env (14) from config.development.env -- tip: ⚙️  specify custom .env file path with { path: '/custom/path/.env' }
[2025-09-18T02:13:51.003Z] 📁 파일에서 8개 매칭 로드됨
[2025-09-18T02:13:51.003Z] 🔍 파일에서 887887 매칭을 찾을 수 없음
[2025-09-18T02:13:51.004Z] 기본 게시글 데이터 생성 완료
[2025-09-18T02:13:51.004Z] 댓글 데이터 파일이 없습니다. 빈 배열로 시작합니다.
[2025-09-18T02:13:51.004Z] 채팅방 데이터 로드 완료: 1개
[2025-09-18T02:13:51.005Z] 채팅 메시지 데이터 로드 완료: 0개
[2025-09-18T02:13:51.012Z] 테니스장 데이터 로드 완료: 6개
[2025-09-18T02:13:51.027Z] 🔧 서버 포트 고정: 3000
[2025-09-18T02:13:51.027Z] 🔄 Socket.IO 초기화 중...
[2025-09-18T02:13:51.028Z] ✅ Socket.IO 초기화 완료
[2025-09-18T02:13:52.071Z] 🔍 인증된 사용자 - ID: 912738, 이메일: tennis1@playmate.com, 닉네임: 테니스초보
[2025-09-18T02:13:52.072Z] [0mGET /api/auth/me [32m200[0m 1.266 ms - 97[0m
[2025-09-18T02:13:53.268Z] 🔍 인증된 사용자 - ID: 912738, 이메일: tennis1@playmate.com, 닉네임: 테니스초보
[2025-09-18T02:13:53.268Z] 사용자 912738의 채팅방 목록 조회 요청
사용자 912738의 채팅방 수: 1개
[0mGET /api/chat/rooms [32m200[0m 0.447 ms - 423[0m
[2025-09-18T02:13:53.272Z] 🔍 인증된 사용자 - ID: 912738, 이메일: tennis1@playmate.com, 닉네임: 테니스초보
[2025-09-18T02:13:53.272Z] ✅ 안전한 매칭 데이터 반환: 한남테니스장 (ID: 1758094285772)
[0mGET /api/matchings/1758094285772 [32m200[0m 0.501 ms - 809[0m
[2025-09-18T02:13:56.058Z] [dotenv@17.2.2] injecting env (14) from config.development.env -- tip: ⚙️  enable debug logging with { debug: true }
[2025-09-18T02:13:56.165Z] 📁 파일에서 8개 매칭 로드됨
[2025-09-18T02:13:56.165Z] 🔍 파일에서 887887 매칭을 찾을 수 없음
[2025-09-18T02:13:56.165Z] 기본 게시글 데이터 생성 완료
[2025-09-18T02:13:56.166Z] 댓글 데이터 파일이 없습니다. 빈 배열로 시작합니다.
[2025-09-18T02:13:56.166Z] 채팅방 데이터 로드 완료: 1개
[2025-09-18T02:13:56.166Z] 채팅 메시지 데이터 로드 완료: 0개
[2025-09-18T02:13:56.175Z] 테니스장 데이터 로드 완료: 6개
[2025-09-18T02:13:56.190Z] 🔧 서버 포트 고정: 3000
[2025-09-18T02:13:56.190Z] 🔄 Socket.IO 초기화 중...
[2025-09-18T02:13:56.191Z] ✅ Socket.IO 초기화 완료
[2025-09-18T02:14:01.219Z] [dotenv@17.2.2] injecting env (14) from config.development.env -- tip: ⚙️  specify custom .env file path with { path: '/custom/path/.env' }
[2025-09-18T02:14:01.316Z] 📁 파일에서 8개 매칭 로드됨
[2025-09-18T02:14:01.316Z] 🔍 파일에서 887887 매칭을 찾을 수 없음
[2025-09-18T02:14:01.317Z] 기본 게시글 데이터 생성 완료
[2025-09-18T02:14:01.317Z] 댓글 데이터 파일이 없습니다. 빈 배열로 시작합니다.
[2025-09-18T02:14:01.317Z] 채팅방 데이터 로드 완료: 1개
[2025-09-18T02:14:01.317Z] 채팅 메시지 데이터 로드 완료: 0개
[2025-09-18T02:14:01.325Z] 테니스장 데이터 로드 완료: 6개
[2025-09-18T02:14:01.340Z] 🔧 서버 포트 고정: 3000
[2025-09-18T02:14:01.340Z] 🔄 Socket.IO 초기화 중...
[2025-09-18T02:14:01.341Z] ✅ Socket.IO 초기화 완료
[2025-09-18T02:14:03.268Z] 🔍 인증된 사용자 - ID: 912738, 이메일: tennis1@playmate.com, 닉네임: 테니스초보
사용자 912738의 채팅방 목록 조회 요청
[2025-09-18T02:14:03.269Z] 사용자 912738의 채팅방 수: 1개
[0mGET /api/chat/rooms [32m200[0m 0.456 ms - 423[0m
[2025-09-18T02:14:03.272Z] 🔍 인증된 사용자 - ID: 912738, 이메일: tennis1@playmate.com, 닉네임: 테니스초보
[2025-09-18T02:14:03.272Z] ✅ 안전한 매칭 데이터 반환: 한남테니스장 (ID: 1758094285772)
[2025-09-18T02:14:03.272Z] [0mGET /api/matchings/1758094285772 [32m200[0m 0.576 ms - 809[0m
[2025-09-18T02:14:06.369Z] [dotenv@17.2.2] injecting env (14) from config.development.env -- tip: ⚙️  override existing env vars with { override: true }
[2025-09-18T02:14:06.476Z] 📁 파일에서 8개 매칭 로드됨
[2025-09-18T02:14:06.476Z] 🔍 파일에서 887887 매칭을 찾을 수 없음
[2025-09-18T02:14:06.477Z] 기본 게시글 데이터 생성 완료
[2025-09-18T02:14:06.477Z] 댓글 데이터 파일이 없습니다. 빈 배열로 시작합니다.
[2025-09-18T02:14:06.477Z] 채팅방 데이터 로드 완료: 1개
[2025-09-18T02:14:06.477Z] 채팅 메시지 데이터 로드 완료: 0개
[2025-09-18T02:14:06.486Z] 테니스장 데이터 로드 완료: 6개
[2025-09-18T02:14:06.502Z] 🔧 서버 포트 고정: 3000
[2025-09-18T02:14:06.502Z] 🔄 Socket.IO 초기화 중...
[2025-09-18T02:14:06.503Z] ✅ Socket.IO 초기화 완료
[2025-09-18T02:14:11.534Z] [dotenv@17.2.2] injecting env (14) from config.development.env -- tip: ⚙️  override existing env vars with { override: true }
[2025-09-18T02:14:11.640Z] 📁 파일에서 8개 매칭 로드됨
[2025-09-18T02:14:11.640Z] 🔍 파일에서 887887 매칭을 찾을 수 없음
[2025-09-18T02:14:11.640Z] 기본 게시글 데이터 생성 완료
[2025-09-18T02:14:11.640Z] 댓글 데이터 파일이 없습니다. 빈 배열로 시작합니다.
[2025-09-18T02:14:11.641Z] 채팅방 데이터 로드 완료: 1개
[2025-09-18T02:14:11.641Z] 채팅 메시지 데이터 로드 완료: 0개
[2025-09-18T02:14:11.649Z] 테니스장 데이터 로드 완료: 6개
[2025-09-18T02:14:11.664Z] 🔧 서버 포트 고정: 3000
[2025-09-18T02:14:11.664Z] 🔄 Socket.IO 초기화 중...
[2025-09-18T02:14:11.664Z] ✅ Socket.IO 초기화 완료
[2025-09-18T02:14:13.269Z] 🔍 인증된 사용자 - ID: 912738, 이메일: tennis1@playmate.com, 닉네임: 테니스초보
[2025-09-18T02:14:13.270Z] 사용자 912738의 채팅방 목록 조회 요청
사용자 912738의 채팅방 수: 1개
[0mGET /api/chat/rooms [32m200[0m 0.493 ms - 423[0m
[2025-09-18T02:14:13.274Z] 🔍 인증된 사용자 - ID: 912738, 이메일: tennis1@playmate.com, 닉네임: 테니스초보
[2025-09-18T02:14:13.274Z] ✅ 안전한 매칭 데이터 반환: 한남테니스장 (ID: 1758094285772)
[0mGET /api/matchings/1758094285772 [32m200[0m 0.479 ms - 809[0m
[2025-09-18T02:14:16.693Z] [dotenv@17.2.2] injecting env (14) from config.development.env -- tip: ⚙️  suppress all logs with { quiet: true }
[2025-09-18T02:14:16.798Z] 📁 파일에서 8개 매칭 로드됨
[2025-09-18T02:14:16.798Z] 🔍 파일에서 887887 매칭을 찾을 수 없음
[2025-09-18T02:14:16.799Z] 기본 게시글 데이터 생성 완료
[2025-09-18T02:14:16.799Z] 댓글 데이터 파일이 없습니다. 빈 배열로 시작합니다.
[2025-09-18T02:14:16.799Z] 채팅방 데이터 로드 완료: 1개
[2025-09-18T02:14:16.799Z] 채팅 메시지 데이터 로드 완료: 0개
[2025-09-18T02:14:16.807Z] 테니스장 데이터 로드 완료: 6개
[2025-09-18T02:14:16.820Z] 🔧 서버 포트 고정: 3000
[2025-09-18T02:14:16.821Z] 🔄 Socket.IO 초기화 중...
[2025-09-18T02:14:16.821Z] ✅ Socket.IO 초기화 완료
[2025-09-18T02:14:16.825Z] 🚀 Server running on port 3000 in development mode
[2025-09-18T02:14:16.825Z] 📱 API Base URL: http://localhost:3000/api
[2025-09-18T02:14:16.825Z] 📱 API Base URL (Android): http://10.0.2.2:3000/api
📱 API Base URL (Network): http://192.168.6.100:3000/api
🔗 Health Check: http://localhost:3000/api/health
⏱️  서버 시작 시간: 5ms
[2025-09-18T02:14:16.825Z] ✅ 사용자 데이터 로드 완료: 4명, 다음 ID: 1
[2025-09-18T02:14:17.639Z] 🔌 User connected: qs0QX8_OyAKRQCqdAAAB
[2025-09-18T02:14:23.273Z] 🔍 인증된 사용자 - ID: 912738, 이메일: tennis1@playmate.com, 닉네임: 테니스초보
[2025-09-18T02:14:23.273Z] 사용자 912738의 채팅방 목록 조회 요청
사용자 912738의 채팅방 수: 1개
[2025-09-18T02:14:23.274Z] [0mGET /api/chat/rooms [32m200[0m 2.663 ms - 423[0m
[2025-09-18T02:14:23.279Z] 🔍 인증된 사용자 - ID: 912738, 이메일: tennis1@playmate.com, 닉네임: 테니스초보
[2025-09-18T02:14:23.279Z] ✅ 안전한 매칭 데이터 반환: 한남테니스장 (ID: 1758094285772)
[2025-09-18T02:14:23.279Z] [0mGET /api/matchings/1758094285772 [32m200[0m 0.943 ms - 809[0m
[2025-09-18T02:14:33.270Z] 🔍 인증된 사용자 - ID: 912738, 이메일: tennis1@playmate.com, 닉네임: 테니스초보
[2025-09-18T02:14:33.270Z] 사용자 912738의 채팅방 목록 조회 요청
사용자 912738의 채팅방 수: 1개
[2025-09-18T02:14:33.271Z] [0mGET /api/chat/rooms [32m200[0m 1.264 ms - 423[0m
[2025-09-18T02:14:33.275Z] 🔍 인증된 사용자 - ID: 912738, 이메일: tennis1@playmate.com, 닉네임: 테니스초보
[2025-09-18T02:14:33.275Z] ✅ 안전한 매칭 데이터 반환: 한남테니스장 (ID: 1758094285772)
[2025-09-18T02:14:33.275Z] [0mGET /api/matchings/1758094285772 [32m200[0m 0.659 ms - 809[0m
[2025-09-18T02:14:43.269Z] 🔍 인증된 사용자 - ID: 912738, 이메일: tennis1@playmate.com, 닉네임: 테니스초보
사용자 912738의 채팅방 목록 조회 요청
[2025-09-18T02:14:43.270Z] 사용자 912738의 채팅방 수: 1개
[0mGET /api/chat/rooms [32m200[0m 0.577 ms - 423[0m
[2025-09-18T02:14:43.273Z] 🔍 인증된 사용자 - ID: 912738, 이메일: tennis1@playmate.com, 닉네임: 테니스초보
[2025-09-18T02:14:43.273Z] ✅ 안전한 매칭 데이터 반환: 한남테니스장 (ID: 1758094285772)
[2025-09-18T02:14:43.274Z] [0mGET /api/matchings/1758094285772 [32m200[0m 0.545 ms - 809[0m
[2025-09-18T02:14:53.270Z] 🔍 인증된 사용자 - ID: 912738, 이메일: tennis1@playmate.com, 닉네임: 테니스초보
[2025-09-18T02:14:53.270Z] 사용자 912738의 채팅방 목록 조회 요청
사용자 912738의 채팅방 수: 1개
[2025-09-18T02:14:53.270Z] [0mGET /api/chat/rooms [32m200[0m 0.705 ms - 423[0m
[2025-09-18T02:14:53.273Z] 🔍 인증된 사용자 - ID: 912738, 이메일: tennis1@playmate.com, 닉네임: 테니스초보
[2025-09-18T02:14:53.273Z] ✅ 안전한 매칭 데이터 반환: 한남테니스장 (ID: 1758094285772)
[2025-09-18T02:14:53.274Z] [0mGET /api/matchings/1758094285772 [32m200[0m 0.534 ms - 809[0m
[2025-09-18T02:15:03.271Z] 🔍 인증된 사용자 - ID: 912738, 이메일: tennis1@playmate.com, 닉네임: 테니스초보
[2025-09-18T02:15:03.271Z] 사용자 912738의 채팅방 목록 조회 요청
사용자 912738의 채팅방 수: 1개
[2025-09-18T02:15:03.272Z] [0mGET /api/chat/rooms [32m200[0m 1.895 ms - 423[0m
[2025-09-18T02:15:03.276Z] 🔍 인증된 사용자 - ID: 912738, 이메일: tennis1@playmate.com, 닉네임: 테니스초보
[2025-09-18T02:15:03.276Z] ✅ 안전한 매칭 데이터 반환: 한남테니스장 (ID: 1758094285772)
[2025-09-18T02:15:03.276Z] [0mGET /api/matchings/1758094285772 [32m200[0m 0.458 ms - 809[0m
[2025-12-11T08:43:28.570Z] ✅ 캐시 서비스 초기화 완료
[2025-12-11T08:43:28.571Z] ✅ 성능 모니터링 서비스 시작
✅ 메모리 최적화 서비스 시작
[2025-12-11T08:43:28.572Z] 📁 파일에서 11개 매칭 로드됨
[2025-12-11T08:43:28.572Z] 🔍 파일에서 887887 매칭을 찾을 수 없음
[2025-12-11T08:43:28.573Z] 🔄 커뮤니티 데이터 로드 시작...
[2025-12-11T08:43:28.573Z] 📁 POSTS_FILE 경로: /Users/zzin/playmate/playmate_backend/src/data/posts.json
📁 파일 존재 여부: true
게시글 데이터 로드 완료: 1개
[2025-12-11T08:43:28.574Z] 게시글 ID 목록: [ 1 ]
[2025-12-11T08:43:28.574Z] 댓글 데이터 로드 완료: 2개
[2025-12-11T08:43:28.577Z] ✅ 커뮤니티 데이터 로드 완료: posts=1개, comments=2개
채팅방 데이터 로드 완료: 4개
📊 인덱스 업데이트 완료: 사용자 2명, 매칭 4개
채팅 메시지 데이터 로드 완료: 0개
[2025-12-11T08:43:28.590Z] 테니스장 데이터 로드 완료: 6개
[2025-12-11T08:43:28.612Z] 🔄 대용량 데이터 처리 서비스 초기화 중...
🔄 데이터 초기화 중...
[2025-12-11T08:43:28.612Z] ✅ 사용자 데이터 로드 완료: 4명, 다음 ID: 1
[2025-12-11T08:43:28.612Z] ✅ 모든 데이터 초기화 완료
[2025-12-11T08:43:28.615Z] ✅ 포트 3000 사용 가능
[2025-12-11T08:43:28.615Z] 🔧 서버 포트: 3000 (선호 포트: 3000)
🔄 Socket.IO 초기화 중...
[2025-12-11T08:43:28.616Z] ✅ Socket.IO 초기화 완료
[2025-12-11T08:43:28.617Z] 🚀 Server running on port 3000 in development mode
[2025-12-11T08:43:28.617Z] 📱 API Base URL: http://localhost:3000/api
📱 API Base URL (Android): http://10.0.2.2:3000/api
📱 API Base URL (Network): http://192.168.6.100:3000/api
🔗 Health Check: http://localhost:3000/api/health
⏱️  서버 시작 시간: 6ms
🔧 프로세스 ID: 17931
[2025-12-11T08:43:28.617Z] 💾 메모리 사용량: 23MB
[2025-12-11T08:43:44.362Z] [0mGET /api/health [32m200[0m 3.478 ms - 238[0m
[2025-12-11T08:43:50.159Z] [0mGET /api/health [32m200[0m 0.508 ms - 238[0m
[2025-12-11T08:43:58.571Z] ⚠️ 높은 힙 메모리 사용량: 20MB / 22MB (89.9%)
[2025-12-11T08:43:58.572Z] 📊 메모리 통계: {
  "timestamp": "2025-12-11T08:43:58.571Z",
  "heap": {
    "used": 20,
    "total": 22,
    "external": 20
  },
  "system": {
    "used": 48687,
    "total": 49152,
    "percent": "99.1"
  }
}
[2025-12-11T08:44:14.312Z] [0mGET /api/health [32m200[0m 0.928 ms - 238[0m
[2025-12-11T08:44:28.572Z] 🧹 메모리 정리 작업 완료
[2025-12-11T08:44:28.572Z] ⚠️ 높은 힙 메모리 사용량: 20MB / 22MB (89.5%)
📊 메모리 통계: {
  "timestamp": "2025-12-11T08:44:28.572Z",
  "heap": {
    "used": 20,
    "total": 22,
    "external": 20
  },
  "system": {
    "used": 48842,
    "total": 49152,
    "percent": "99.4"
  }
}
[2025-12-11T08:44:28.929Z] [0mGET /api/health [32m200[0m 0.232 ms - 238[0m
[2025-12-11T08:44:44.316Z] [0mGET /api/health [32m200[0m 1.117 ms - 238[0m
[2025-12-11T08:44:58.573Z] ⚠️ 높은 힙 메모리 사용량: 20MB / 22MB (90.5%)
[2025-12-11T08:44:58.573Z] 📊 메모리 통계: {
  "timestamp": "2025-12-11T08:44:58.573Z",
  "heap": {
    "used": 20,
    "total": 22,
    "external": 20
  },
  "system": {
    "used": 48696,
    "total": 49152,
    "percent": "99.1"
  }
}
[2025-12-11T08:45:14.313Z] [0mGET /api/health [32m200[0m 0.526 ms - 239[0m
[2025-12-11T08:45:28.573Z] 🧹 메모리 정리 작업 완료
[2025-12-11T08:45:28.574Z] ⚠️ 높은 힙 메모리 사용량: 20MB / 22MB (91.1%)
📊 메모리 통계: {
  "timestamp": "2025-12-11T08:45:28.573Z",
  "heap": {
    "used": 20,
    "total": 22,
    "external": 20
  },
  "system": {
    "used": 48200,
    "total": 49152,
    "percent": "98.1"
  }
}
[2025-12-11T08:45:44.315Z] [0mGET /api/health [32m200[0m 0.968 ms - 239[0m
[2025-12-11T08:45:47.018Z] [0mGET /api/health [32m200[0m 0.587 ms - 239[0m
[2025-12-11T08:45:47.044Z] 🔍 인증된 사용자 - ID: 974640, 이메일: dev@playmate.com, 닉네임: 개발자
[2025-12-11T08:45:47.046Z] [0mGET /api/auth/me [32m200[0m 4.741 ms - 483[0m
[2025-12-11T08:45:47.220Z] 🔍 인증된 사용자 - ID: 974640, 이메일: dev@playmate.com, 닉네임: 개발자
[2025-12-11T08:45:47.220Z] 📊 총 11개 안전한 매칭 데이터 반환
[2025-12-11T08:45:47.221Z] [0mGET /api/matchings?show_only_recruiting=true&show_only_following=false [32m200[0m 2.851 ms - 11719[0m
[2025-12-11T08:45:58.575Z] ⚠️ 높은 힙 메모리 사용량: 20MB / 24MB (86.4%)
[2025-12-11T08:45:58.575Z] 📊 메모리 통계: {
  "timestamp": "2025-12-11T08:45:58.575Z",
  "heap": {
    "used": 20,
    "total": 24,
    "external": 20
  },
  "system": {
    "used": 48160,
    "total": 49152,
    "percent": "98.0"
  }
}
[2025-12-11T08:46:16.659Z] [0mGET /api/health [32m200[0m 1.055 ms - 239[0m
[2025-12-11T08:46:28.574Z] 🧹 메모리 정리 작업 완료
[2025-12-11T08:46:28.575Z] ⚠️ 높은 힙 메모리 사용량: 21MB / 24MB (86.9%)
[2025-12-11T08:46:28.575Z] 📊 메모리 통계: {
  "timestamp": "2025-12-11T08:46:28.575Z",
  "heap": {
    "used": 21,
    "total": 24,
    "external": 20
  },
  "system": {
    "used": 48135,
    "total": 49152,
    "percent": "97.9"
  }
}
[2025-12-11T08:46:46.656Z] [0mGET /api/health [32m200[0m 0.717 ms - 239[0m
[2025-12-11T08:46:58.576Z] ⚠️ 높은 힙 메모리 사용량: 21MB / 24MB (87.3%)
[2025-12-11T08:46:58.576Z] 📊 메모리 통계: {
  "timestamp": "2025-12-11T08:46:58.576Z",
  "heap": {
    "used": 21,
    "total": 24,
    "external": 20
  },
  "system": {
    "used": 48079,
    "total": 49152,
    "percent": "97.8"
  }
}
[2025-12-11T08:47:16.654Z] [0mGET /api/health [32m200[0m 0.478 ms - 239[0m
[2025-12-11T08:47:28.573Z] 🧹 메모리 정리 작업 완료
[2025-12-11T08:47:28.576Z] ⚠️ 높은 힙 메모리 사용량: 21MB / 24MB (87.7%)
[2025-12-11T08:47:28.576Z] 📊 메모리 통계: {
  "timestamp": "2025-12-11T08:47:28.576Z",
  "heap": {
    "used": 21,
    "total": 24,
    "external": 20
  },
  "system": {
    "used": 48120,
    "total": 49152,
    "percent": "97.9"
  }
}
[2025-12-11T08:47:46.654Z] [0mGET /api/health [32m200[0m 0.666 ms - 239[0m
[2025-12-11T08:47:58.576Z] ⚠️ 높은 힙 메모리 사용량: 21MB / 24MB (88.1%)
[2025-12-11T08:47:58.577Z] 📊 메모리 통계: {
  "timestamp": "2025-12-11T08:47:58.576Z",
  "heap": {
    "used": 21,
    "total": 24,
    "external": 20
  },
  "system": {
    "used": 48770,
    "total": 49152,
    "percent": "99.2"
  }
}
[2025-12-11T08:48:16.652Z] [0mGET /api/health [32m200[0m 0.288 ms - 239[0m
[2025-12-11T08:48:28.574Z] 🧹 메모리 정리 작업 완료
[2025-12-11T08:48:28.576Z] ⚠️ 높은 힙 메모리 사용량: 21MB / 24MB (88.6%)
[2025-12-11T08:48:28.576Z] 📊 메모리 통계: {
  "timestamp": "2025-12-11T08:48:28.576Z",
  "heap": {
    "used": 21,
    "total": 24,
    "external": 20
  },
  "system": {
    "used": 48893,
    "total": 49152,
    "percent": "99.5"
  }
}
[2025-12-11T08:48:46.656Z] [0mGET /api/health [32m200[0m 0.878 ms - 239[0m
[2025-12-11T08:48:58.579Z] ⚠️ 높은 힙 메모리 사용량: 21MB / 23MB (88.5%)
[2025-12-11T08:48:58.580Z] 📊 메모리 통계: {
  "timestamp": "2025-12-11T08:48:58.578Z",
  "heap": {
    "used": 21,
    "total": 23,
    "external": 20
  },
  "system": {
    "used": 48832,
    "total": 49152,
    "percent": "99.3"
  }
}
[2025-12-11T08:49:16.658Z] [0mGET /api/health [32m200[0m 0.794 ms - 239[0m
[2025-12-11T08:49:28.574Z] 🧹 메모리 정리 작업 완료
[2025-12-11T08:49:28.578Z] ⚠️ 높은 힙 메모리 사용량: 21MB / 23MB (88.9%)
[2025-12-11T08:49:28.579Z] 📊 메모리 통계: {
  "timestamp": "2025-12-11T08:49:28.578Z",
  "heap": {
    "used": 21,
    "total": 23,
    "external": 20
  },
  "system": {
    "used": 48721,
    "total": 49152,
    "percent": "99.1"
  }
}
[2025-12-11T08:49:46.648Z] [0mGET /api/health [32m200[0m 0.820 ms - 239[0m
[2025-12-11T08:49:58.578Z] ⚠️ 높은 힙 메모리 사용량: 21MB / 23MB (89.2%)
[2025-12-11T08:49:58.579Z] 📊 메모리 통계: {
  "timestamp": "2025-12-11T08:49:58.578Z",
  "heap": {
    "used": 21,
    "total": 23,
    "external": 20
  },
  "system": {
    "used": 49029,
    "total": 49152,
    "percent": "99.8"
  }
}
[2025-12-11T08:50:16.654Z] [0mGET /api/health [32m200[0m 0.759 ms - 239[0m
[2025-12-11T08:50:28.575Z] 🧹 메모리 정리 작업 완료
[2025-12-11T08:50:28.579Z] ⚠️ 높은 힙 메모리 사용량: 21MB / 23MB (89.7%)
[2025-12-11T08:50:28.579Z] 📊 메모리 통계: {
  "timestamp": "2025-12-11T08:50:28.578Z",
  "heap": {
    "used": 21,
    "total": 23,
    "external": 20
  },
  "system": {
    "used": 48949,
    "total": 49152,
    "percent": "99.6"
  }
}
[2025-12-11T08:50:29.460Z] [0mGET /api/health [32m200[0m 0.330 ms - 239[0m
[2025-12-11T08:50:29.484Z] 🔍 인증된 사용자 - ID: 974640, 이메일: dev@playmate.com, 닉네임: 개발자
[2025-12-11T08:50:29.485Z] [0mGET /api/auth/me [32m200[0m 1.812 ms - 483[0m
[2025-12-11T08:50:29.647Z] 🔍 인증된 사용자 - ID: 974640, 이메일: dev@playmate.com, 닉네임: 개발자
[2025-12-11T08:50:29.648Z] 📊 총 11개 안전한 매칭 데이터 반환
[2025-12-11T08:50:29.649Z] [0mGET /api/matchings?show_only_recruiting=true&show_only_following=false [32m200[0m 3.041 ms - 11719[0m
[2025-12-11T08:50:39.172Z] 🔍 인증된 사용자 - ID: 974640, 이메일: dev@playmate.com, 닉네임: 개발자
[2025-12-11T08:50:39.172Z] 사용자 974640의 채팅방 목록 조회 요청 (페이지: 1, 제한: 50)
사용자 974640의 채팅방 수: 4개 (0ms, 반환: 4개)
[2025-12-11T08:50:39.173Z] [0mGET /api/chat/rooms?page=1&limit=50 [32m200[0m 1.533 ms - 1736[0m
[2025-12-11T08:50:39.180Z] 🔍 인증된 사용자 - ID: 974640, 이메일: dev@playmate.com, 닉네임: 개발자
[2025-12-11T08:50:39.182Z] ✅ 안전한 매칭 데이터 반환: KBS아레나 (ID: 1758178038184)
[0mGET /api/matchings/1758178038184 [32m200[0m 1.307 ms - 1230[0m
[2025-12-11T08:50:39.196Z] 🔍 인증된 사용자 - ID: 974640, 이메일: dev@playmate.com, 닉네임: 개발자
[2025-12-11T08:50:39.196Z] ✅ 안전한 매칭 데이터 반환: 귀뚜라미 크린테니스 (ID: 1758095053384)
[2025-12-11T08:50:39.196Z] [0mGET /api/matchings/1758095053384 [32m200[0m 1.138 ms - 1213[0m
[2025-12-11T08:50:39.204Z] 🔍 인증된 사용자 - ID: 974640, 이메일: dev@playmate.com, 닉네임: 개발자
[2025-12-11T08:50:39.204Z] ✅ 안전한 매칭 데이터 반환: 내곡동체육시설 테니스장 (ID: 1758095574165)
[2025-12-11T08:50:39.204Z] [0mGET /api/matchings/1758095574165 [32m200[0m 1.168 ms - 1256[0m
[2025-12-11T08:50:39.217Z] 🔍 인증된 사용자 - ID: 974640, 이메일: dev@playmate.com, 닉네임: 개발자
[2025-12-11T08:50:39.217Z] ✅ 안전한 매칭 데이터 반환: 한남테니스장 (ID: 1758094285772)
[2025-12-11T08:50:39.218Z] [0mGET /api/matchings/1758094285772 [32m200[0m 2.926 ms - 814[0m
[2025-12-11T08:50:40.708Z] 🔍 인증된 사용자 - ID: 974640, 이메일: dev@playmate.com, 닉네임: 개발자
[2025-12-11T08:50:40.708Z] 게시글 목록 조회 요청 (페이지: 1, 제한: 20)
필터링된 게시글 수: 1개
[2025-12-11T08:50:40.708Z] [0mGET /api/community/posts?page=1&limit=20 [32m200[0m 1.779 ms - 627[0m
[2025-12-11T08:50:40.710Z] 🔍 인증된 사용자 - ID: 974640, 이메일: dev@playmate.com, 닉네임: 개발자
[2025-12-11T08:50:40.710Z] 🔍 getMyPosts 호출됨 - userId: 974640 userEmail: dev@playmate.com
🔍 내 게시글 조회 - 사용자 ID: 974640, 이메일: dev@playmate.com, 닉네임: 개발자
[2025-12-11T08:50:40.710Z] 🔍 전체 게시글 수: 1
🔍 전체 게시글 authorId들: [ 912738 ]
🔍 필터링된 내 게시글 수: 0
[2025-12-11T08:50:40.711Z] [0mGET /api/community/posts/my-posts [32m200[0m 1.728 ms - 36[0m
[2025-12-11T08:50:42.372Z] 🔍 인증된 사용자 - ID: 974640, 이메일: dev@playmate.com, 닉네임: 개발자
[2025-12-11T08:50:42.373Z] 🔍 내 매칭 목록 조회: 사용자 974640
✅ 내 매칭 10개 반환 (호스트/게스트 포함)
[2025-12-11T08:50:42.374Z] [0mGET /api/matchings/my [32m200[0m 2.565 ms - 10622[0m
[2025-12-11T08:50:42.381Z] 🔍 인증된 사용자 - ID: 974640, 이메일: dev@playmate.com, 닉네임: 개발자
[2025-12-11T08:50:42.382Z] 🔍 getMyPosts 호출됨 - userId: 974640 userEmail: dev@playmate.com
🔍 내 게시글 조회 - 사용자 ID: 974640, 이메일: dev@playmate.com, 닉네임: 개발자
🔍 전체 게시글 수: 1
🔍 전체 게시글 authorId들: [ 912738 ]
🔍 필터링된 내 게시글 수: 0
[0mGET /api/community/posts/my-posts [32m200[0m 1.563 ms - 36[0m
[2025-12-11T08:50:44.147Z] 🔍 인증된 사용자 - ID: 974640, 이메일: dev@playmate.com, 닉네임: 개발자
[2025-12-11T08:50:44.147Z] 📊 총 11개 안전한 매칭 데이터 반환
[2025-12-11T08:50:44.148Z] [0mGET /api/matchings?show_only_recruiting=true&show_only_following=false [32m200[0m 1.960 ms - 11719[0m
[2025-12-11T08:50:58.578Z] ⚠️ 높은 힙 메모리 사용량: 21MB / 23MB (89.3%)
[2025-12-11T08:50:58.579Z] 📊 메모리 통계: {
  "timestamp": "2025-12-11T08:50:58.578Z",
  "heap": {
    "used": 21,
    "total": 23,
    "external": 20
  },
  "system": {
    "used": 48774,
    "total": 49152,
    "percent": "99.2"
  }
}
[2025-12-11T08:50:59.100Z] [0mGET /api/health [32m200[0m 0.211 ms - 239[0m
[2025-12-11T08:51:28.574Z] 🧹 메모리 정리 작업 완료
[2025-12-11T08:51:28.579Z] ⚠️ 높은 힙 메모리 사용량: 21MB / 23MB (89.7%)
[2025-12-11T08:51:28.579Z] 📊 메모리 통계: {
  "timestamp": "2025-12-11T08:51:28.579Z",
  "heap": {
    "used": 21,
    "total": 23,
    "external": 20
  },
  "system": {
    "used": 48257,
    "total": 49152,
    "percent": "98.2"
  }
}
[2025-12-11T08:51:29.100Z] [0mGET /api/health [32m200[0m 0.447 ms - 239[0m
[2025-12-11T08:51:58.581Z] ⚠️ 높은 힙 메모리 사용량: 21MB / 23MB (90.1%)
[2025-12-11T08:51:58.581Z] 📊 메모리 통계: {
  "timestamp": "2025-12-11T08:51:58.580Z",
  "heap": {
    "used": 21,
    "total": 23,
    "external": 20
  },
  "system": {
    "used": 48187,
    "total": 49152,
    "percent": "98.0"
  }
}
[2025-12-11T08:51:59.098Z] [0mGET /api/health [32m200[0m 0.429 ms - 239[0m
[2025-12-11T08:52:28.576Z] 🧹 메모리 정리 작업 완료
[2025-12-11T08:52:28.581Z] ⚠️ 높은 힙 메모리 사용량: 21MB / 23MB (90.5%)
[2025-12-11T08:52:28.581Z] 📊 메모리 통계: {
  "timestamp": "2025-12-11T08:52:28.581Z",
  "heap": {
    "used": 21,
    "total": 23,
    "external": 20
  },
  "system": {
    "used": 48228,
    "total": 49152,
    "percent": "98.1"
  }
}
[2025-12-11T08:52:29.097Z] [0mGET /api/health [32m200[0m 0.279 ms - 239[0m
[2025-12-11T08:52:32.467Z] [0mGET /api/health [32m200[0m 0.158 ms - 239[0m
[2025-12-11T08:52:58.583Z] ⚠️ 높은 힙 메모리 사용량: 21MB / 23MB (91.2%)
[2025-12-11T08:52:58.583Z] 📊 메모리 통계: {
  "timestamp": "2025-12-11T08:52:58.582Z",
  "heap": {
    "used": 21,
    "total": 23,
    "external": 20
  },
  "system": {
    "used": 48397,
    "total": 49152,
    "percent": "98.5"
  }
}
[2025-12-11T08:52:59.099Z] [0mGET /api/health [32m200[0m 0.436 ms - 239[0m
[2025-12-11T08:53:28.576Z] 🧹 메모리 정리 작업 완료
[2025-12-11T08:53:28.583Z] ⚠️ 높은 힙 메모리 사용량: 21MB / 23MB (91.6%)
[2025-12-11T08:53:28.583Z] 📊 메모리 통계: {
  "timestamp": "2025-12-11T08:53:28.583Z",
  "heap": {
    "used": 21,
    "total": 23,
    "external": 20
  },
  "system": {
    "used": 48249,
    "total": 49152,
    "percent": "98.2"
  }
}
[2025-12-11T08:53:29.103Z] [0mGET /api/health [32m200[0m 0.406 ms - 239[0m
[2025-12-11T08:53:58.584Z] ⚠️ 높은 힙 메모리 사용량: 22MB / 23MB (92.0%)
[2025-12-11T08:53:58.585Z] 📊 메모리 통계: {
  "timestamp": "2025-12-11T08:53:58.584Z",
  "heap": {
    "used": 22,
    "total": 23,
    "external": 20
  },
  "system": {
    "used": 48214,
    "total": 49152,
    "percent": "98.1"
  }
}
[2025-12-11T08:53:59.101Z] [0mGET /api/health [32m200[0m 0.810 ms - 239[0m
[2025-12-11T08:54:28.576Z] 🧹 메모리 정리 작업 완료
[2025-12-11T08:54:28.584Z] ⚠️ 높은 힙 메모리 사용량: 21MB / 24MB (89.0%)
[2025-12-11T08:54:28.587Z] 📊 메모리 통계: {
  "timestamp": "2025-12-11T08:54:28.584Z",
  "heap": {
    "used": 21,
    "total": 24,
    "external": 20
  },
  "system": {
    "used": 48290,
    "total": 49152,
    "percent": "98.2"
  }
}
[2025-12-11T08:54:29.097Z] [0mGET /api/health [32m200[0m 0.343 ms - 239[0m
[2025-12-11T08:54:58.586Z] ⚠️ 높은 힙 메모리 사용량: 21MB / 24MB (89.3%)
[2025-12-11T08:54:58.587Z] 📊 메모리 통계: {
  "timestamp": "2025-12-11T08:54:58.586Z",
  "heap": {
    "used": 21,
    "total": 24,
    "external": 20
  },
  "system": {
    "used": 48834,
    "total": 49152,
    "percent": "99.4"
  }
}
[2025-12-11T08:54:59.103Z] [0mGET /api/health [32m200[0m 0.810 ms - 239[0m
[2025-12-11T08:55:28.576Z] 🧹 메모리 정리 작업 완료
[2025-12-11T08:55:28.586Z] ⚠️ 높은 힙 메모리 사용량: 21MB / 24MB (89.7%)
[2025-12-11T08:55:28.586Z] 📊 메모리 통계: {
  "timestamp": "2025-12-11T08:55:28.586Z",
  "heap": {
    "used": 21,
    "total": 24,
    "external": 20
  },
  "system": {
    "used": 48215,
    "total": 49152,
    "percent": "98.1"
  }
}
[2025-12-11T08:55:29.101Z] [0mGET /api/health [32m200[0m 0.214 ms - 239[0m
[2025-12-11T08:55:29.528Z] 🔍 인증된 사용자 - ID: 974640, 이메일: dev@playmate.com, 닉네임: 개발자
[2025-12-11T08:55:29.529Z] [0mGET /api/auth/me [32m200[0m 1.340 ms - 483[0m
[2025-12-11T08:55:44.156Z] 🔍 인증된 사용자 - ID: 974640, 이메일: dev@playmate.com, 닉네임: 개발자
[2025-12-11T08:55:44.156Z] 📊 총 11개 안전한 매칭 데이터 반환
[0mGET /api/matchings?show_only_recruiting=true&show_only_following=false [32m200[0m 1.380 ms - 11719[0m
[2025-12-11T08:55:58.587Z] ⚠️ 높은 힙 메모리 사용량: 22MB / 24MB (90.9%)
[2025-12-11T08:55:58.587Z] 📊 메모리 통계: {
  "timestamp": "2025-12-11T08:55:58.586Z",
  "heap": {
    "used": 22,
    "total": 24,
    "external": 20
  },
  "system": {
    "used": 48226,
    "total": 49152,
    "percent": "98.1"
  }
}
[2025-12-11T08:55:59.099Z] [0mGET /api/health [32m200[0m 1.395 ms - 239[0m
[2025-12-11T08:56:28.575Z] 🧹 메모리 정리 작업 완료
[2025-12-11T08:56:28.587Z] ⚠️ 높은 힙 메모리 사용량: 22MB / 24MB (91.3%)
[2025-12-11T08:56:28.588Z] 📊 메모리 통계: {
  "timestamp": "2025-12-11T08:56:28.587Z",
  "heap": {
    "used": 22,
    "total": 24,
    "external": 20
  },
  "system": {
    "used": 48400,
    "total": 49152,
    "percent": "98.5"
  }
}
[2025-12-11T08:56:29.098Z] [0mGET /api/health [32m200[0m 0.344 ms - 239[0m
[2025-12-11T08:56:58.588Z] ⚠️ 높은 힙 메모리 사용량: 22MB / 24MB (91.7%)
[2025-12-11T08:56:58.589Z] 📊 메모리 통계: {
  "timestamp": "2025-12-11T08:56:58.588Z",
  "heap": {
    "used": 22,
    "total": 24,
    "external": 20
  },
  "system": {
    "used": 48324,
    "total": 49152,
    "percent": "98.3"
  }
}
[2025-12-11T08:56:59.102Z] [0mGET /api/health [32m200[0m 0.803 ms - 239[0m
[2025-12-11T08:57:28.577Z] 🧹 메모리 정리 작업 완료
[2025-12-11T08:57:28.588Z] ⚠️ 높은 힙 메모리 사용량: 21MB / 25MB (85.9%)
[2025-12-11T08:57:28.592Z] 📊 메모리 통계: {
  "timestamp": "2025-12-11T08:57:28.588Z",
  "heap": {
    "used": 21,
    "total": 25,
    "external": 20
  },
  "system": {
    "used": 48339,
    "total": 49152,
    "percent": "98.3"
  }
}
[2025-12-11T08:57:29.098Z] [0mGET /api/health [32m200[0m 0.611 ms - 239[0m
[2025-12-11T08:57:58.589Z] ⚠️ 높은 힙 메모리 사용량: 21MB / 25MB (86.2%)
[2025-12-11T08:57:58.590Z] 📊 메모리 통계: {
  "timestamp": "2025-12-11T08:57:58.589Z",
  "heap": {
    "used": 21,
    "total": 25,
    "external": 20
  },
  "system": {
    "used": 48393,
    "total": 49152,
    "percent": "98.5"
  }
}
[2025-12-11T08:57:59.102Z] [0mGET /api/health [32m200[0m 0.767 ms - 239[0m
[2025-12-11T08:58:28.578Z] 🧹 메모리 정리 작업 완료
[2025-12-11T08:58:28.590Z] ⚠️ 높은 힙 메모리 사용량: 21MB / 25MB (86.6%)
[2025-12-11T08:58:28.594Z] 📊 메모리 통계: {
  "timestamp": "2025-12-11T08:58:28.590Z",
  "heap": {
    "used": 21,
    "total": 25,
    "external": 20
  },
  "system": {
    "used": 48431,
    "total": 49152,
    "percent": "98.5"
  }
}
[2025-12-11T08:58:29.103Z] [0mGET /api/health [32m200[0m 0.255 ms - 239[0m
[2025-12-11T08:58:58.590Z] ⚠️ 높은 힙 메모리 사용량: 21MB / 25MB (87.0%)
[2025-12-11T08:58:58.591Z] 📊 메모리 통계: {
  "timestamp": "2025-12-11T08:58:58.590Z",
  "heap": {
    "used": 21,
    "total": 25,
    "external": 20
  },
  "system": {
    "used": 48379,
    "total": 49152,
    "percent": "98.4"
  }
}
[2025-12-11T08:58:59.102Z] [0mGET /api/health [32m200[0m 0.780 ms - 239[0m
[2025-12-11T08:59:28.578Z] 🧹 메모리 정리 작업 완료
[2025-12-11T08:59:28.591Z] ⚠️ 높은 힙 메모리 사용량: 22MB / 25MB (87.3%)
[2025-12-11T08:59:28.591Z] 📊 메모리 통계: {
  "timestamp": "2025-12-11T08:59:28.591Z",
  "heap": {
    "used": 22,
    "total": 25,
    "external": 20
  },
  "system": {
    "used": 48381,
    "total": 49152,
    "percent": "98.4"
  }
}
[2025-12-11T08:59:29.100Z] [0mGET /api/health [32m200[0m 0.706 ms - 239[0m
[2025-12-11T08:59:58.591Z] ⚠️ 높은 힙 메모리 사용량: 22MB / 25MB (87.7%)
[2025-12-11T08:59:58.592Z] 📊 메모리 통계: {
  "timestamp": "2025-12-11T08:59:58.590Z",
  "heap": {
    "used": 22,
    "total": 25,
    "external": 20
  },
  "system": {
    "used": 48985,
    "total": 49152,
    "percent": "99.7"
  }
}
[2025-12-11T08:59:59.103Z] [0mGET /api/health [32m200[0m 0.628 ms - 239[0m
[2025-12-11T09:00:28.578Z] 🧹 메모리 정리 작업 완료
[2025-12-11T09:00:28.592Z] ⚠️ 높은 힙 메모리 사용량: 22MB / 25MB (88.1%)
[2025-12-11T09:00:28.592Z] 📊 메모리 통계: {
  "timestamp": "2025-12-11T09:00:28.592Z",
  "heap": {
    "used": 22,
    "total": 25,
    "external": 20
  },
  "system": {
    "used": 48923,
    "total": 49152,
    "percent": "99.5"
  }
}
[2025-12-11T09:00:29.098Z] [0mGET /api/health [32m200[0m 0.704 ms - 240[0m
[2025-12-11T09:00:29.530Z] 🔍 인증된 사용자 - ID: 974640, 이메일: dev@playmate.com, 닉네임: 개발자
[2025-12-11T09:00:29.531Z] [0mGET /api/auth/me [32m200[0m 2.045 ms - 483[0m
[2025-12-11T09:00:44.159Z] 🔍 인증된 사용자 - ID: 974640, 이메일: dev@playmate.com, 닉네임: 개발자
[2025-12-11T09:00:44.160Z] 📊 총 11개 안전한 매칭 데이터 반환
[0mGET /api/matchings?show_only_recruiting=true&show_only_following=false [32m200[0m 2.332 ms - 11719[0m
[2025-12-11T09:00:58.594Z] ⚠️ 높은 힙 메모리 사용량: 21MB / 24MB (89.6%)
[2025-12-11T09:00:58.595Z] 📊 메모리 통계: {
  "timestamp": "2025-12-11T09:00:58.594Z",
  "heap": {
    "used": 21,
    "total": 24,
    "external": 20
  },
  "system": {
    "used": 48395,
    "total": 49152,
    "percent": "98.5"
  }
}
[2025-12-11T09:00:59.096Z] [0mGET /api/health [32m200[0m 0.595 ms - 240[0m
[2025-12-11T09:01:28.579Z] 🧹 메모리 정리 작업 완료
[2025-12-11T09:01:28.593Z] ⚠️ 높은 힙 메모리 사용량: 22MB / 24MB (90.0%)
[2025-12-11T09:01:28.596Z] 📊 메모리 통계: {
  "timestamp": "2025-12-11T09:01:28.593Z",
  "heap": {
    "used": 22,
    "total": 24,
    "external": 20
  },
  "system": {
    "used": 48408,
    "total": 49152,
    "percent": "98.5"
  }
}
[2025-12-11T09:01:29.102Z] [0mGET /api/health [32m200[0m 0.764 ms - 240[0m
[2025-12-11T09:01:58.595Z] ⚠️ 높은 힙 메모리 사용량: 22MB / 24MB (90.3%)
[2025-12-11T09:01:58.595Z] 📊 메모리 통계: {
  "timestamp": "2025-12-11T09:01:58.595Z",
  "heap": {
    "used": 22,
    "total": 24,
    "external": 20
  },
  "system": {
    "used": 48428,
    "total": 49152,
    "percent": "98.5"
  }
}
[2025-12-11T09:01:59.098Z] [0mGET /api/health [32m200[0m 0.244 ms - 240[0m
[2025-12-11T09:02:28.578Z] 🧹 메모리 정리 작업 완료
[2025-12-11T09:02:28.596Z] ⚠️ 높은 힙 메모리 사용량: 22MB / 24MB (90.7%)
[2025-12-11T09:02:28.596Z] 📊 메모리 통계: {
  "timestamp": "2025-12-11T09:02:28.596Z",
  "heap": {
    "used": 22,
    "total": 24,
    "external": 20
  },
  "system": {
    "used": 48405,
    "total": 49152,
    "percent": "98.5"
  }
}
[2025-12-11T09:02:29.101Z] [0mGET /api/health [32m200[0m 0.767 ms - 240[0m
[2025-12-11T09:02:58.597Z] ⚠️ 높은 힙 메모리 사용량: 22MB / 24MB (91.1%)
[2025-12-11T09:02:58.598Z] 📊 메모리 통계: {
  "timestamp": "2025-12-11T09:02:58.597Z",
  "heap": {
    "used": 22,
    "total": 24,
    "external": 20
  },
  "system": {
    "used": 48417,
    "total": 49152,
    "percent": "98.5"
  }
}
[2025-12-11T09:02:59.100Z] [0mGET /api/health [32m200[0m 0.795 ms - 240[0m
[2025-12-11T09:03:28.580Z] 🧹 메모리 정리 작업 완료
[2025-12-11T09:03:28.598Z] ⚠️ 높은 힙 메모리 사용량: 22MB / 24MB (91.5%)
[2025-12-11T09:03:28.598Z] 📊 메모리 통계: {
  "timestamp": "2025-12-11T09:03:28.598Z",
  "heap": {
    "used": 22,
    "total": 24,
    "external": 20
  },
  "system": {
    "used": 48428,
    "total": 49152,
    "percent": "98.5"
  }
}
[2025-12-11T09:03:29.097Z] [0mGET /api/health [32m200[0m 0.370 ms - 240[0m
[2025-12-11T09:03:58.598Z] ⚠️ 높은 힙 메모리 사용량: 22MB / 24MB (91.8%)
[2025-12-11T09:03:58.599Z] 📊 메모리 통계: {
  "timestamp": "2025-12-11T09:03:58.598Z",
  "heap": {
    "used": 22,
    "total": 24,
    "external": 20
  },
  "system": {
    "used": 48415,
    "total": 49152,
    "percent": "98.5"
  }
}
[2025-12-11T09:03:59.097Z] [0mGET /api/health [32m200[0m 0.653 ms - 240[0m
[2025-12-11T09:04:28.581Z] 🧹 메모리 정리 작업 완료
[2025-12-11T09:04:28.600Z] ⚠️ 높은 힙 메모리 사용량: 21MB / 24MB (89.6%)
[2025-12-11T09:04:28.600Z] 📊 메모리 통계: {
  "timestamp": "2025-12-11T09:04:28.600Z",
  "heap": {
    "used": 21,
    "total": 24,
    "external": 20
  },
  "system": {
    "used": 48480,
    "total": 49152,
    "percent": "98.6"
  }
}
[2025-12-11T09:04:29.099Z] [0mGET /api/health [32m200[0m 0.382 ms - 240[0m
[2025-12-11T09:04:58.601Z] ⚠️ 높은 힙 메모리 사용량: 22MB / 24MB (90.0%)
[2025-12-11T09:04:58.601Z] 📊 메모리 통계: {
  "timestamp": "2025-12-11T09:04:58.600Z",
  "heap": {
    "used": 22,
    "total": 24,
    "external": 20
  },
  "system": {
    "used": 48477,
    "total": 49152,
    "percent": "98.6"
  }
}
[2025-12-11T09:04:59.099Z] [0mGET /api/health [32m200[0m 0.444 ms - 240[0m
[2025-12-11T09:05:28.582Z] 🧹 메모리 정리 작업 완료
[2025-12-11T09:05:28.602Z] ⚠️ 높은 힙 메모리 사용량: 22MB / 24MB (90.4%)
[2025-12-11T09:05:28.602Z] 📊 메모리 통계: {
  "timestamp": "2025-12-11T09:05:28.602Z",
  "heap": {
    "used": 22,
    "total": 24,
    "external": 20
  },
  "system": {
    "used": 48873,
    "total": 49152,
    "percent": "99.4"
  }
}
[2025-12-11T09:05:29.097Z] [0mGET /api/health [32m200[0m 0.481 ms - 240[0m
[2025-12-11T09:05:29.532Z] 🔍 인증된 사용자 - ID: 974640, 이메일: dev@playmate.com, 닉네임: 개발자
[2025-12-11T09:05:29.533Z] [0mGET /api/auth/me [32m200[0m 1.711 ms - 483[0m
[2025-12-11T09:05:44.161Z] 🔍 인증된 사용자 - ID: 974640, 이메일: dev@playmate.com, 닉네임: 개발자
[2025-12-11T09:05:44.162Z] 📊 총 11개 안전한 매칭 데이터 반환
[2025-12-11T09:05:44.163Z] [0mGET /api/matchings?show_only_recruiting=true&show_only_following=false [32m200[0m 2.329 ms - 11719[0m
[2025-12-11T09:05:58.603Z] ⚠️ 높은 힙 메모리 사용량: 22MB / 24MB (91.6%)
[2025-12-11T09:05:58.604Z] 📊 메모리 통계: {
  "timestamp": "2025-12-11T09:05:58.603Z",
  "heap": {
    "used": 22,
    "total": 24,
    "external": 20
  },
  "system": {
    "used": 48367,
    "total": 49152,
    "percent": "98.4"
  }
}
[2025-12-11T09:05:59.100Z] [0mGET /api/health [32m200[0m 0.726 ms - 240[0m
[2025-12-11T09:06:28.582Z] 🧹 메모리 정리 작업 완료
[2025-12-11T09:06:28.602Z] ⚠️ 높은 힙 메모리 사용량: 22MB / 24MB (92.0%)
[2025-12-11T09:06:28.603Z] 📊 메모리 통계: {
  "timestamp": "2025-12-11T09:06:28.602Z",
  "heap": {
    "used": 22,
    "total": 24,
    "external": 20
  },
  "system": {
    "used": 48419,
    "total": 49152,
    "percent": "98.5"
  }
}
[2025-12-11T09:06:29.102Z] [0mGET /api/health [32m200[0m 0.652 ms - 240[0m
[2025-12-11T09:06:58.603Z] ⚠️ 높은 힙 메모리 사용량: 22MB / 24MB (92.3%)
[2025-12-11T09:06:58.604Z] 📊 메모리 통계: {
  "timestamp": "2025-12-11T09:06:58.603Z",
  "heap": {
    "used": 22,
    "total": 24,
    "external": 20
  },
  "system": {
    "used": 48379,
    "total": 49152,
    "percent": "98.4"
  }
}
[2025-12-11T09:06:59.100Z] [0mGET /api/health [32m200[0m 0.836 ms - 240[0m
[2025-12-11T09:07:28.581Z] 🧹 메모리 정리 작업 완료
[2025-12-11T09:07:28.603Z] ⚠️ 높은 힙 메모리 사용량: 22MB / 24MB (89.3%)
[2025-12-11T09:07:28.603Z] 📊 메모리 통계: {
  "timestamp": "2025-12-11T09:07:28.603Z",
  "heap": {
    "used": 22,
    "total": 24,
    "external": 20
  },
  "system": {
    "used": 48427,
    "total": 49152,
    "percent": "98.5"
  }
}
[2025-12-11T09:07:29.100Z] [0mGET /api/health [32m200[0m 0.888 ms - 240[0m
[2025-12-11T09:07:58.604Z] ⚠️ 높은 힙 메모리 사용량: 22MB / 24MB (89.6%)
[2025-12-11T09:07:58.605Z] 📊 메모리 통계: {
  "timestamp": "2025-12-11T09:07:58.604Z",
  "heap": {
    "used": 22,
    "total": 24,
    "external": 20
  },
  "system": {
    "used": 48432,
    "total": 49152,
    "percent": "98.5"
  }
}
[2025-12-11T09:07:59.101Z] [0mGET /api/health [32m200[0m 1.064 ms - 240[0m
[2025-12-11T09:08:28.581Z] 🧹 메모리 정리 작업 완료
[2025-12-11T09:08:28.605Z] ⚠️ 높은 힙 메모리 사용량: 22MB / 24MB (90.0%)
[2025-12-11T09:08:28.605Z] 📊 메모리 통계: {
  "timestamp": "2025-12-11T09:08:28.605Z",
  "heap": {
    "used": 22,
    "total": 24,
    "external": 20
  },
  "system": {
    "used": 48375,
    "total": 49152,
    "percent": "98.4"
  }
}
[2025-12-11T09:08:29.104Z] [0mGET /api/health [32m200[0m 0.919 ms - 240[0m
[2025-12-11T09:08:58.606Z] ⚠️ 높은 힙 메모리 사용량: 22MB / 24MB (90.4%)
[2025-12-11T09:08:58.607Z] 📊 메모리 통계: {
  "timestamp": "2025-12-11T09:08:58.606Z",
  "heap": {
    "used": 22,
    "total": 24,
    "external": 20
  },
  "system": {
    "used": 48364,
    "total": 49152,
    "percent": "98.4"
  }
}
[2025-12-11T09:08:59.100Z] [0mGET /api/health [32m200[0m 0.777 ms - 240[0m
[2025-12-11T09:09:28.582Z] 🧹 메모리 정리 작업 완료
[2025-12-11T09:09:28.606Z] ⚠️ 높은 힙 메모리 사용량: 22MB / 24MB (90.8%)
[2025-12-11T09:09:28.606Z] 📊 메모리 통계: {
  "timestamp": "2025-12-11T09:09:28.606Z",
  "heap": {
    "used": 22,
    "total": 24,
    "external": 20
  },
  "system": {
    "used": 48393,
    "total": 49152,
    "percent": "98.5"
  }
}
[2025-12-11T09:09:29.099Z] [0mGET /api/health [32m200[0m 0.810 ms - 240[0m
[2025-12-11T09:09:58.608Z] ⚠️ 높은 힙 메모리 사용량: 22MB / 24MB (91.1%)
[2025-12-11T09:09:58.609Z] 📊 메모리 통계: {
  "timestamp": "2025-12-11T09:09:58.608Z",
  "heap": {
    "used": 22,
    "total": 24,
    "external": 20
  },
  "system": {
    "used": 48373,
    "total": 49152,
    "percent": "98.4"
  }
}
[2025-12-11T09:09:59.099Z] [0mGET /api/health [32m200[0m 0.845 ms - 240[0m
[2025-12-11T09:10:28.581Z] 🧹 메모리 정리 작업 완료
[2025-12-11T09:10:28.609Z] ⚠️ 높은 힙 메모리 사용량: 22MB / 24MB (91.5%)
[2025-12-11T09:10:28.610Z] 📊 메모리 통계: {
  "timestamp": "2025-12-11T09:10:28.609Z",
  "heap": {
    "used": 22,
    "total": 24,
    "external": 20
  },
  "system": {
    "used": 49044,
    "total": 49152,
    "percent": "99.8"
  }
}
[2025-12-11T09:10:29.098Z] [0mGET /api/health [32m200[0m 0.520 ms - 240[0m
[2025-12-11T09:10:29.530Z] 🔍 인증된 사용자 - ID: 974640, 이메일: dev@playmate.com, 닉네임: 개발자
[2025-12-11T09:10:29.531Z] [0mGET /api/auth/me [32m200[0m 1.263 ms - 483[0m
[2025-12-11T09:10:44.157Z] 🔍 인증된 사용자 - ID: 974640, 이메일: dev@playmate.com, 닉네임: 개발자
[2025-12-11T09:10:44.158Z] 📊 총 11개 안전한 매칭 데이터 반환
[0mGET /api/matchings?show_only_recruiting=true&show_only_following=false [32m200[0m 2.094 ms - 11719[0m
[2025-12-11T09:10:58.613Z] ⚠️ 높은 힙 메모리 사용량: 22MB / 24MB (90.3%)
[2025-12-11T09:10:58.614Z] 📊 메모리 통계: {
  "timestamp": "2025-12-11T09:10:58.613Z",
  "heap": {
    "used": 22,
    "total": 24,
    "external": 20
  },
  "system": {
    "used": 48316,
    "total": 49152,
    "percent": "98.3"
  }
}
[2025-12-11T09:10:59.096Z] [0mGET /api/health [32m200[0m 0.738 ms - 240[0m
[2025-12-11T09:11:28.582Z] 🧹 메모리 정리 작업 완료
[2025-12-11T09:11:28.614Z] ⚠️ 높은 힙 메모리 사용량: 22MB / 24MB (90.6%)
[2025-12-11T09:11:28.615Z] 📊 메모리 통계: {
  "timestamp": "2025-12-11T09:11:28.614Z",
  "heap": {
    "used": 22,
    "total": 24,
    "external": 20
  },
  "system": {
    "used": 48239,
    "total": 49152,
    "percent": "98.1"
  }
}
[2025-12-11T09:11:29.101Z] [0mGET /api/health [32m200[0m 0.768 ms - 240[0m
[2025-12-11T09:11:58.607Z] ⚠️ 높은 힙 메모리 사용량: 22MB / 24MB (91.0%)
[2025-12-11T09:11:58.608Z] 📊 메모리 통계: {
  "timestamp": "2025-12-11T09:11:58.607Z",
  "heap": {
    "used": 22,
    "total": 24,
    "external": 20
  },
  "system": {
    "used": 48222,
    "total": 49152,
    "percent": "98.1"
  }
}
[2025-12-11T09:11:59.091Z] [0mGET /api/health [32m200[0m 0.762 ms - 240[0m
[2025-12-11T09:12:28.566Z] 🧹 메모리 정리 작업 완료
[2025-12-11T09:12:28.600Z] ⚠️ 높은 힙 메모리 사용량: 22MB / 24MB (91.4%)
[2025-12-11T09:12:28.600Z] 📊 메모리 통계: {
  "timestamp": "2025-12-11T09:12:28.600Z",
  "heap": {
    "used": 22,
    "total": 24,
    "external": 20
  },
  "system": {
    "used": 48214,
    "total": 49152,
    "percent": "98.1"
  }
}
[2025-12-11T09:12:29.079Z] [0mGET /api/health [32m200[0m 0.644 ms - 240[0m
[2025-12-11T09:12:58.601Z] ⚠️ 높은 힙 메모리 사용량: 22MB / 24MB (91.8%)
[2025-12-11T09:12:58.602Z] 📊 메모리 통계: {
  "timestamp": "2025-12-11T09:12:58.601Z",
  "heap": {
    "used": 22,
    "total": 24,
    "external": 20
  },
  "system": {
    "used": 48217,
    "total": 49152,
    "percent": "98.1"
  }
}
[2025-12-11T09:12:59.078Z] [0mGET /api/health [32m200[0m 0.801 ms - 240[0m
[2025-12-11T09:13:28.564Z] 🧹 메모리 정리 작업 완료
[2025-12-11T09:13:28.602Z] ⚠️ 높은 힙 메모리 사용량: 22MB / 24MB (92.1%)
[2025-12-11T09:13:28.602Z] 📊 메모리 통계: {
  "timestamp": "2025-12-11T09:13:28.602Z",
  "heap": {
    "used": 22,
    "total": 24,
    "external": 20
  },
  "system": {
    "used": 48201,
    "total": 49152,
    "percent": "98.1"
  }
}
[2025-12-11T09:13:29.078Z] [0mGET /api/health [32m200[0m 0.786 ms - 240[0m
[2025-12-11T09:13:58.604Z] ⚠️ 높은 힙 메모리 사용량: 22MB / 24MB (92.5%)
[2025-12-11T09:13:58.605Z] 📊 메모리 통계: {
  "timestamp": "2025-12-11T09:13:58.603Z",
  "heap": {
    "used": 22,
    "total": 24,
    "external": 20
  },
  "system": {
    "used": 48221,
    "total": 49152,
    "percent": "98.1"
  }
}
[2025-12-11T09:13:59.079Z] [0mGET /api/health [32m200[0m 0.841 ms - 240[0m
[2025-12-11T09:14:28.565Z] 🧹 메모리 정리 작업 완료
[2025-12-11T09:14:28.604Z] ⚠️ 높은 힙 메모리 사용량: 22MB / 25MB (85.9%)
[2025-12-11T09:14:28.605Z] 📊 메모리 통계: {
  "timestamp": "2025-12-11T09:14:28.604Z",
  "heap": {
    "used": 22,
    "total": 25,
    "external": 20
  },
  "system": {
    "used": 48693,
    "total": 49152,
    "percent": "99.1"
  }
}
[2025-12-11T09:14:29.086Z] [0mGET /api/health [32m200[0m 0.798 ms - 240[0m
[2025-12-11T09:14:58.605Z] ⚠️ 높은 힙 메모리 사용량: 22MB / 25MB (86.2%)
[2025-12-11T09:14:58.606Z] 📊 메모리 통계: {
  "timestamp": "2025-12-11T09:14:58.605Z",
  "heap": {
    "used": 22,
    "total": 25,
    "external": 20
  },
  "system": {
    "used": 48680,
    "total": 49152,
    "percent": "99.0"
  }
}
[2025-12-11T09:14:59.077Z] [0mGET /api/health [32m200[0m 0.809 ms - 240[0m
[2025-12-11T09:24:43.246Z] 🧹 메모리 정리 작업 완료
[2025-12-11T09:24:43.247Z] ⚠️ 높은 힙 메모리 사용량: 22MB / 25MB (86.6%)
📊 메모리 통계: {
  "timestamp": "2025-12-11T09:24:43.246Z",
  "heap": {
    "used": 22,
    "total": 25,
    "external": 20
  },
  "system": {
    "used": 49012,
    "total": 49152,
    "percent": "99.7"
  }
}
[2025-12-11T09:24:43.795Z] [0mGET /api/health [32m200[0m 0.585 ms - 240[0m
[2025-12-11T09:24:44.179Z] 🔍 인증된 사용자 - ID: 974640, 이메일: dev@playmate.com, 닉네임: 개발자
[2025-12-11T09:24:44.180Z] [0mGET /api/auth/me [32m200[0m 1.885 ms - 483[0m
[2025-12-11T09:24:58.819Z] 🔍 인증된 사용자 - ID: 974640, 이메일: dev@playmate.com, 닉네임: 개발자
[2025-12-11T09:24:58.820Z] 📊 총 11개 안전한 매칭 데이터 반환
[2025-12-11T09:24:58.821Z] [0mGET /api/matchings?show_only_recruiting=true&show_only_following=false [32m200[0m 2.075 ms - 11719[0m
[2025-12-11T09:25:13.239Z] ⚠️ 높은 힙 메모리 사용량: 22MB / 25MB (87.7%)
[2025-12-11T09:25:13.240Z] 📊 메모리 통계: {
  "timestamp": "2025-12-11T09:25:13.239Z",
  "heap": {
    "used": 22,
    "total": 25,
    "external": 20
  },
  "system": {
    "used": 48027,
    "total": 49152,
    "percent": "97.7"
  }
}
[2025-12-11T09:25:13.749Z] [0mGET /api/health [32m200[0m 0.386 ms - 240[0m
[2025-12-11T09:41:53.651Z] 🧹 메모리 정리 작업 완료
[2025-12-11T09:41:53.652Z] ⚠️ 높은 힙 메모리 사용량: 22MB / 25MB (88.1%)
📊 메모리 통계: {
  "timestamp": "2025-12-11T09:41:53.651Z",
  "heap": {
    "used": 22,
    "total": 25,
    "external": 20
  },
  "system": {
    "used": 48085,
    "total": 49152,
    "percent": "97.8"
  }
}
[2025-12-11T09:42:09.167Z] [0mGET /api/health [32m200[0m 0.816 ms - 240[0m
[2025-12-11T09:42:23.653Z] ⚠️ 높은 힙 메모리 사용량: 23MB / 25MB (88.4%)
[2025-12-11T09:42:23.654Z] 📊 메모리 통계: {
  "timestamp": "2025-12-11T09:42:23.653Z",
  "heap": {
    "used": 23,
    "total": 25,
    "external": 20
  },
  "system": {
    "used": 48344,
    "total": 49152,
    "percent": "98.4"
  }
}
[2025-12-11T09:58:34.142Z] 🧹 메모리 정리 작업 완료
⚠️ 높은 힙 메모리 사용량: 23MB / 25MB (88.5%)
[2025-12-11T09:58:34.213Z] 📊 메모리 통계: {
  "timestamp": "2025-12-11T09:58:34.142Z",
  "heap": {
    "used": 23,
    "total": 25,
    "external": 20
  },
  "system": {
    "used": 47945,
    "total": 49152,
    "percent": "97.5"
  }
}
[0mGET /api/health [32m200[0m 0.207 ms - 240[0m
[2025-12-11T09:59:04.202Z] ⚠️ 높은 힙 메모리 사용량: 22MB / 24MB (89.9%)
[2025-12-11T09:59:04.203Z] 📊 메모리 통계: {
  "timestamp": "2025-12-11T09:59:04.202Z",
  "heap": {
    "used": 22,
    "total": 24,
    "external": 20
  },
  "system": {
    "used": 47928,
    "total": 49152,
    "percent": "97.5"
  }
}
[2025-12-11T09:59:04.211Z] [0mGET /api/health [32m200[0m 0.407 ms - 240[0m
[2025-12-11T10:14:40.133Z] 🧹 메모리 정리 작업 완료
[2025-12-11T10:14:40.134Z] ⚠️ 높은 힙 메모리 사용량: 22MB / 24MB (90.3%)
📊 메모리 통계: {
  "timestamp": "2025-12-11T10:14:40.133Z",
  "heap": {
    "used": 22,
    "total": 24,
    "external": 20
  },
  "system": {
    "used": 48335,
    "total": 49152,
    "percent": "98.3"
  }
}
[2025-12-11T10:14:40.142Z] [0mGET /api/health [32m200[0m 0.633 ms - 240[0m
[2025-12-11T10:15:10.136Z] ⚠️ 높은 힙 메모리 사용량: 22MB / 24MB (90.7%)
[2025-12-11T10:15:10.137Z] 📊 메모리 통계: {
  "timestamp": "2025-12-11T10:15:10.135Z",
  "heap": {
    "used": 22,
    "total": 24,
    "external": 20
  },
  "system": {
    "used": 47715,
    "total": 49152,
    "percent": "97.1"
  }
}
[2025-12-11T10:15:10.143Z] [0mGET /api/health [32m200[0m 0.642 ms - 240[0m
[2025-12-11T10:30:53.127Z] 🧹 메모리 정리 작업 완료
[2025-12-11T10:30:53.128Z] ⚠️ 높은 힙 메모리 사용량: 22MB / 24MB (91.0%)
📊 메모리 통계: {
  "timestamp": "2025-12-11T10:30:53.127Z",
  "heap": {
    "used": 22,
    "total": 24,
    "external": 20
  },
  "system": {
    "used": 47877,
    "total": 49152,
    "percent": "97.4"
  }
}
[2025-12-11T10:31:17.114Z] [0mGET /api/health [32m200[0m 0.660 ms - 240[0m
[2025-12-11T10:31:23.117Z] ⚠️ 높은 힙 메모리 사용량: 22MB / 24MB (91.4%)
[2025-12-11T10:31:23.118Z] 📊 메모리 통계: {
  "timestamp": "2025-12-11T10:31:23.117Z",
  "heap": {
    "used": 22,
    "total": 24,
    "external": 20
  },
  "system": {
    "used": 48384,
    "total": 49152,
    "percent": "98.4"
  }
}
[2025-12-11T10:31:47.106Z] [0mGET /api/health [32m200[0m 0.595 ms - 240[0m
[2025-12-11T10:31:53.116Z] 🧹 메모리 정리 작업 완료
[2025-12-11T10:31:53.116Z] ⚠️ 높은 힙 메모리 사용량: 22MB / 24MB (91.7%)
📊 메모리 통계: {
  "timestamp": "2025-12-11T10:31:53.116Z",
  "heap": {
    "used": 22,
    "total": 24,
    "external": 20
  },
  "system": {
    "used": 47870,
    "total": 49152,
    "percent": "97.4"
  }
}
[2025-12-11T10:32:17.112Z] [0mGET /api/health [32m200[0m 0.841 ms - 240[0m
[2025-12-11T10:32:23.117Z] ⚠️ 높은 힙 메모리 사용량: 23MB / 24MB (92.1%)
[2025-12-11T10:32:23.118Z] 📊 메모리 통계: {
  "timestamp": "2025-12-11T10:32:23.117Z",
  "heap": {
    "used": 23,
    "total": 24,
    "external": 20
  },
  "system": {
    "used": 47869,
    "total": 49152,
    "percent": "97.4"
  }
}
[2025-12-11T10:32:47.111Z] [0mGET /api/health [32m200[0m 0.315 ms - 240[0m
[2025-12-11T10:32:47.544Z] 🔍 인증된 사용자 - ID: 974640, 이메일: dev@playmate.com, 닉네임: 개발자
[2025-12-11T10:32:47.545Z] [0mGET /api/auth/me [32m200[0m 2.237 ms - 483[0m
[2025-12-11T10:32:53.117Z] 🧹 메모리 정리 작업 완료
[2025-12-11T10:32:53.118Z] ⚠️ 높은 힙 메모리 사용량: 22MB / 25MB (89.5%)
📊 메모리 통계: {
  "timestamp": "2025-12-11T10:32:53.117Z",
  "heap": {
    "used": 22,
    "total": 25,
    "external": 20
  },
  "system": {
    "used": 47838,
    "total": 49152,
    "percent": "97.3"
  }
}
[2025-12-11T10:33:02.171Z] 🔍 인증된 사용자 - ID: 974640, 이메일: dev@playmate.com, 닉네임: 개발자
[2025-12-11T10:33:02.172Z] 📊 총 11개 안전한 매칭 데이터 반환
[2025-12-11T10:33:02.173Z] [0mGET /api/matchings?show_only_recruiting=true&show_only_following=false [32m200[0m 2.144 ms - 11719[0m
[2025-12-11T10:33:17.110Z] [0mGET /api/health [32m200[0m 0.825 ms - 240[0m
[2025-12-11T10:33:23.118Z] ⚠️ 높은 힙 메모리 사용량: 22MB / 25MB (90.3%)
[2025-12-11T10:33:23.119Z] 📊 메모리 통계: {
  "timestamp": "2025-12-11T10:33:23.118Z",
  "heap": {
    "used": 22,
    "total": 25,
    "external": 20
  },
  "system": {
    "used": 47839,
    "total": 49152,
    "percent": "97.3"
  }
}
[2025-12-11T10:33:47.115Z] [0mGET /api/health [32m200[0m 0.656 ms - 240[0m
[2025-12-11T10:33:53.118Z] 🧹 메모리 정리 작업 완료
[2025-12-11T10:33:53.119Z] ⚠️ 높은 힙 메모리 사용량: 22MB / 25MB (90.6%)
[2025-12-11T10:33:53.120Z] 📊 메모리 통계: {
  "timestamp": "2025-12-11T10:33:53.119Z",
  "heap": {
    "used": 22,
    "total": 25,
    "external": 20
  },
  "system": {
    "used": 47859,
    "total": 49152,
    "percent": "97.4"
  }
}
[2025-12-11T10:34:17.112Z] [0mGET /api/health [32m200[0m 0.639 ms - 240[0m
[2025-12-11T10:34:23.120Z] ⚠️ 높은 힙 메모리 사용량: 22MB / 25MB (91.0%)
[2025-12-11T10:34:23.121Z] 📊 메모리 통계: {
  "timestamp": "2025-12-11T10:34:23.119Z",
  "heap": {
    "used": 22,
    "total": 25,
    "external": 20
  },
  "system": {
    "used": 47770,
    "total": 49152,
    "percent": "97.2"
  }
}
[2025-12-11T10:34:47.115Z] [0mGET /api/health [32m200[0m 0.701 ms - 240[0m
[2025-12-11T10:34:53.118Z] 🧹 메모리 정리 작업 완료
[2025-12-11T10:34:53.120Z] ⚠️ 높은 힙 메모리 사용량: 23MB / 25MB (91.4%)
[2025-12-11T10:34:53.121Z] 📊 메모리 통계: {
  "timestamp": "2025-12-11T10:34:53.120Z",
  "heap": {
    "used": 23,
    "total": 25,
    "external": 20
  },
  "system": {
    "used": 48287,
    "total": 49152,
    "percent": "98.2"
  }
}
[2025-12-11T10:35:17.110Z] [0mGET /api/health [32m200[0m 0.742 ms - 240[0m
[2025-12-11T10:35:23.121Z] ⚠️ 높은 힙 메모리 사용량: 23MB / 25MB (91.7%)
[2025-12-11T10:35:23.122Z] 📊 메모리 통계: {
  "timestamp": "2025-12-11T10:35:23.121Z",
  "heap": {
    "used": 23,
    "total": 25,
    "external": 20
  },
  "system": {
    "used": 48234,
    "total": 49152,
    "percent": "98.1"
  }
}
[2025-12-11T10:35:47.108Z] [0mGET /api/health [32m200[0m 0.667 ms - 240[0m
[2025-12-11T10:35:53.119Z] 🧹 메모리 정리 작업 완료
[2025-12-11T10:35:53.120Z] ⚠️ 높은 힙 메모리 사용량: 23MB / 25MB (92.1%)
[2025-12-11T10:35:53.121Z] 📊 메모리 통계: {
  "timestamp": "2025-12-11T10:35:53.120Z",
  "heap": {
    "used": 23,
    "total": 25,
    "external": 20
  },
  "system": {
    "used": 48365,
    "total": 49152,
    "percent": "98.4"
  }
}
[2025-12-11T10:36:17.118Z] [0mGET /api/health [32m200[0m 0.666 ms - 240[0m
[2025-12-11T10:36:23.120Z] ⚠️ 높은 힙 메모리 사용량: 22MB / 25MB (89.1%)
[2025-12-11T10:36:23.121Z] 📊 메모리 통계: {
  "timestamp": "2025-12-11T10:36:23.120Z",
  "heap": {
    "used": 22,
    "total": 25,
    "external": 20
  },
  "system": {
    "used": 48887,
    "total": 49152,
    "percent": "99.5"
  }
}
[2025-12-11T10:36:47.107Z] [0mGET /api/health [32m200[0m 0.310 ms - 240[0m
[2025-12-11T10:36:53.119Z] 🧹 메모리 정리 작업 완료
[2025-12-11T10:36:53.120Z] ⚠️ 높은 힙 메모리 사용량: 22MB / 25MB (89.5%)
[2025-12-11T10:36:53.121Z] 📊 메모리 통계: {
  "timestamp": "2025-12-11T10:36:53.120Z",
  "heap": {
    "used": 22,
    "total": 25,
    "external": 20
  },
  "system": {
    "used": 48450,
    "total": 49152,
    "percent": "98.6"
  }
}
[2025-12-11T10:37:17.106Z] [0mGET /api/health [32m200[0m 0.726 ms - 240[0m
[2025-12-11T10:37:23.122Z] ⚠️ 높은 힙 메모리 사용량: 22MB / 25MB (89.8%)
[2025-12-11T10:37:23.123Z] 📊 메모리 통계: {
  "timestamp": "2025-12-11T10:37:23.121Z",
  "heap": {
    "used": 22,
    "total": 25,
    "external": 20
  },
  "system": {
    "used": 48398,
    "total": 49152,
    "percent": "98.5"
  }
}
[2025-12-11T10:37:47.111Z] [0mGET /api/health [32m200[0m 0.370 ms - 240[0m
[2025-12-11T10:37:47.548Z] 🔍 인증된 사용자 - ID: 974640, 이메일: dev@playmate.com, 닉네임: 개발자
[2025-12-11T10:37:47.550Z] [0mGET /api/auth/me [32m200[0m 2.033 ms - 483[0m
[2025-12-11T10:37:53.121Z] 🧹 메모리 정리 작업 완료
[2025-12-11T10:37:53.123Z] ⚠️ 높은 힙 메모리 사용량: 23MB / 25MB (90.5%)
[2025-12-11T10:37:53.123Z] 📊 메모리 통계: {
  "timestamp": "2025-12-11T10:37:53.123Z",
  "heap": {
    "used": 23,
    "total": 25,
    "external": 20
  },
  "system": {
    "used": 48305,
    "total": 49152,
    "percent": "98.3"
  }
}
[2025-12-11T10:38:02.169Z] 🔍 인증된 사용자 - ID: 974640, 이메일: dev@playmate.com, 닉네임: 개발자
[2025-12-11T10:38:02.170Z] 📊 총 11개 안전한 매칭 데이터 반환
[2025-12-11T10:38:02.170Z] [0mGET /api/matchings?show_only_recruiting=true&show_only_following=false [32m200[0m 2.252 ms - 11719[0m
[2025-12-11T10:38:17.110Z] [0mGET /api/health [32m200[0m 0.486 ms - 240[0m
[2025-12-11T10:38:23.123Z] ⚠️ 높은 힙 메모리 사용량: 23MB / 25MB (91.4%)
[2025-12-11T10:38:23.125Z] 📊 메모리 통계: {
  "timestamp": "2025-12-11T10:38:23.123Z",
  "heap": {
    "used": 23,
    "total": 25,
    "external": 20
  },
  "system": {
    "used": 48339,
    "total": 49152,
    "percent": "98.3"
  }
}
[2025-12-11T10:38:47.108Z] [0mGET /api/health [32m200[0m 0.686 ms - 240[0m
[2025-12-11T10:38:53.122Z] 🧹 메모리 정리 작업 완료
[2025-12-11T10:38:53.123Z] ⚠️ 높은 힙 메모리 사용량: 23MB / 25MB (91.7%)
📊 메모리 통계: {
  "timestamp": "2025-12-11T10:38:53.122Z",
  "heap": {
    "used": 23,
    "total": 25,
    "external": 20
  },
  "system": {
    "used": 48345,
    "total": 49152,
    "percent": "98.4"
  }
}
[2025-12-11T10:39:17.108Z] [0mGET /api/health [32m200[0m 0.829 ms - 240[0m
[2025-12-11T10:39:23.125Z] ⚠️ 높은 힙 메모리 사용량: 22MB / 25MB (89.6%)
[2025-12-11T10:39:23.126Z] 📊 메모리 통계: {
  "timestamp": "2025-12-11T10:39:23.125Z",
  "heap": {
    "used": 22,
    "total": 25,
    "external": 20
  },
  "system": {
    "used": 48294,
    "total": 49152,
    "percent": "98.3"
  }
}
[2025-12-11T10:39:47.103Z] [0mGET /api/health [32m200[0m 0.284 ms - 240[0m
[2025-12-11T10:39:53.124Z] 🧹 메모리 정리 작업 완료
[2025-12-11T10:39:53.125Z] ⚠️ 높은 힙 메모리 사용량: 22MB / 25MB (90.0%)
📊 메모리 통계: {
  "timestamp": "2025-12-11T10:39:53.124Z",
  "heap": {
    "used": 22,
    "total": 25,
    "external": 20
  },
  "system": {
    "used": 48511,
    "total": 49152,
    "percent": "98.7"
  }
}
[2025-12-11T10:40:17.107Z] [0mGET /api/health [32m200[0m 0.695 ms - 240[0m
[2025-12-11T10:40:23.125Z] ⚠️ 높은 힙 메모리 사용량: 23MB / 25MB (90.3%)
[2025-12-11T10:40:23.126Z] 📊 메모리 통계: {
  "timestamp": "2025-12-11T10:40:23.125Z",
  "heap": {
    "used": 23,
    "total": 25,
    "external": 20
  },
  "system": {
    "used": 48803,
    "total": 49152,
    "percent": "99.3"
  }
}
[2025-12-11T10:40:47.106Z] [0mGET /api/health [32m200[0m 0.681 ms - 240[0m
[2025-12-11T10:40:53.124Z] 🧹 메모리 정리 작업 완료
[2025-12-11T10:40:53.125Z] ⚠️ 높은 힙 메모리 사용량: 23MB / 25MB (90.7%)
📊 메모리 통계: {
  "timestamp": "2025-12-11T10:40:53.125Z",
  "heap": {
    "used": 23,
    "total": 25,
    "external": 20
  },
  "system": {
    "used": 48854,
    "total": 49152,
    "percent": "99.4"
  }
}
[2025-12-11T10:41:17.107Z] [0mGET /api/health [32m200[0m 0.882 ms - 240[0m
[2025-12-11T10:41:23.128Z] ⚠️ 높은 힙 메모리 사용량: 23MB / 25MB (91.0%)
[2025-12-11T10:41:23.130Z] 📊 메모리 통계: {
  "timestamp": "2025-12-11T10:41:23.128Z",
  "heap": {
    "used": 23,
    "total": 25,
    "external": 20
  },
  "system": {
    "used": 49080,
    "total": 49152,
    "percent": "99.9"
  }
}
[2025-12-11T10:41:47.106Z] [0mGET /api/health [32m200[0m 0.325 ms - 240[0m
[2025-12-11T10:41:53.125Z] 🧹 메모리 정리 작업 완료
[2025-12-11T10:41:53.129Z] ⚠️ 높은 힙 메모리 사용량: 23MB / 25MB (91.4%)
[2025-12-11T10:41:53.130Z] 📊 메모리 통계: {
  "timestamp": "2025-12-11T10:41:53.129Z",
  "heap": {
    "used": 23,
    "total": 25,
    "external": 20
  },
  "system": {
    "used": 48569,
    "total": 49152,
    "percent": "98.8"
  }
}
[2025-12-11T10:42:17.108Z] [0mGET /api/health [32m200[0m 0.826 ms - 240[0m
[2025-12-11T10:42:23.131Z] ⚠️ 높은 힙 메모리 사용량: 23MB / 25MB (91.7%)
[2025-12-11T10:42:23.132Z] 📊 메모리 통계: {
  "timestamp": "2025-12-11T10:42:23.131Z",
  "heap": {
    "used": 23,
    "total": 25,
    "external": 20
  },
  "system": {
    "used": 48483,
    "total": 49152,
    "percent": "98.6"
  }
}
[2025-12-11T10:42:47.105Z] [0mGET /api/health [32m200[0m 0.368 ms - 240[0m
[2025-12-11T10:42:47.539Z] 🔍 인증된 사용자 - ID: 974640, 이메일: dev@playmate.com, 닉네임: 개발자
[2025-12-11T10:42:47.540Z] [0mGET /api/auth/me [32m200[0m 2.242 ms - 483[0m
[2025-12-11T10:42:53.127Z] 🧹 메모리 정리 작업 완료
[2025-12-11T10:42:53.130Z] ⚠️ 높은 힙 메모리 사용량: 23MB / 26MB (86.7%)
[2025-12-11T10:42:53.131Z] 📊 메모리 통계: {
  "timestamp": "2025-12-11T10:42:53.130Z",
  "heap": {
    "used": 23,
    "total": 26,
    "external": 20
  },
  "system": {
    "used": 48504,
    "total": 49152,
    "percent": "98.7"
  }
}
[2025-12-11T10:43:02.171Z] 🔍 인증된 사용자 - ID: 974640, 이메일: dev@playmate.com, 닉네임: 개발자
[2025-12-11T10:43:02.172Z] 📊 총 11개 안전한 매칭 데이터 반환
[2025-12-11T10:43:02.173Z] [0mGET /api/matchings?show_only_recruiting=true&show_only_following=false [32m200[0m 2.491 ms - 11719[0m
[2025-12-11T10:43:17.108Z] [0mGET /api/health [32m200[0m 0.803 ms - 240[0m
[2025-12-11T10:43:23.136Z] ⚠️ 높은 힙 메모리 사용량: 23MB / 26MB (87.5%)
📊 메모리 통계: {
  "timestamp": "2025-12-11T10:43:23.133Z",
  "heap": {
    "used": 23,
    "total": 26,
    "external": 20
  },
  "system": {
    "used": 48440,
    "total": 49152,
    "percent": "98.6"
  }
}
[2025-12-11T10:43:47.115Z] [0mGET /api/health [32m200[0m 0.776 ms - 240[0m
[2025-12-11T10:43:53.127Z] 🧹 메모리 정리 작업 완료
[2025-12-11T10:43:53.134Z] ⚠️ 높은 힙 메모리 사용량: 23MB / 26MB (87.9%)
[2025-12-11T10:43:53.135Z] 📊 메모리 통계: {
  "timestamp": "2025-12-11T10:43:53.134Z",
  "heap": {
    "used": 23,
    "total": 26,
    "external": 20
  },
  "system": {
    "used": 48479,
    "total": 49152,
    "percent": "98.6"
  }
}
[2025-12-11T10:44:17.106Z] [0mGET /api/health [32m200[0m 0.937 ms - 240[0m
[2025-12-11T10:44:23.136Z] ⚠️ 높은 힙 메모리 사용량: 23MB / 26MB (88.2%)
[2025-12-11T10:44:23.137Z] 📊 메모리 통계: {
  "timestamp": "2025-12-11T10:44:23.135Z",
  "heap": {
    "used": 23,
    "total": 26,
    "external": 20
  },
  "system": {
    "used": 48435,
    "total": 49152,
    "percent": "98.5"
  }
}
[2025-12-11T10:44:47.106Z] [0mGET /api/health [32m200[0m 0.788 ms - 240[0m
[2025-12-11T10:44:53.128Z] 🧹 메모리 정리 작업 완료
[2025-12-11T10:44:53.137Z] ⚠️ 높은 힙 메모리 사용량: 23MB / 26MB (88.5%)
[2025-12-11T10:44:53.138Z] 📊 메모리 통계: {
  "timestamp": "2025-12-11T10:44:53.137Z",
  "heap": {
    "used": 23,
    "total": 26,
    "external": 20
  },
  "system": {
    "used": 48450,
    "total": 49152,
    "percent": "98.6"
  }
}
[2025-12-11T10:45:17.108Z] [0mGET /api/health [32m200[0m 0.844 ms - 240[0m
[2025-12-11T10:45:23.139Z] ⚠️ 높은 힙 메모리 사용량: 23MB / 26MB (88.9%)
[2025-12-11T10:45:23.141Z] 📊 메모리 통계: {
  "timestamp": "2025-12-11T10:45:23.139Z",
  "heap": {
    "used": 23,
    "total": 26,
    "external": 20
  },
  "system": {
    "used": 48978,
    "total": 49152,
    "percent": "99.6"
  }
}
[2025-12-11T10:45:47.105Z] [0mGET /api/health [32m200[0m 0.551 ms - 240[0m
[2025-12-11T10:45:53.129Z] 🧹 메모리 정리 작업 완료
[2025-12-11T10:45:53.140Z] ⚠️ 높은 힙 메모리 사용량: 23MB / 26MB (89.2%)
[2025-12-11T10:45:53.141Z] 📊 메모리 통계: {
  "timestamp": "2025-12-11T10:45:53.140Z",
  "heap": {
    "used": 23,
    "total": 26,
    "external": 20
  },
  "system": {
    "used": 48997,
    "total": 49152,
    "percent": "99.7"
  }
}
[2025-12-11T10:46:17.110Z] [0mGET /api/health [32m200[0m 0.834 ms - 240[0m
[2025-12-11T10:46:23.140Z] ⚠️ 높은 힙 메모리 사용량: 23MB / 25MB (89.8%)
[2025-12-11T10:46:23.141Z] 📊 메모리 통계: {
  "timestamp": "2025-12-11T10:46:23.140Z",
  "heap": {
    "used": 23,
    "total": 25,
    "external": 20
  },
  "system": {
    "used": 48927,
    "total": 49152,
    "percent": "99.5"
  }
}
[2025-12-11T10:46:47.106Z] [0mGET /api/health [32m200[0m 0.676 ms - 240[0m
[2025-12-11T10:46:53.131Z] 🧹 메모리 정리 작업 완료
[2025-12-11T10:46:53.141Z] ⚠️ 높은 힙 메모리 사용량: 23MB / 25MB (90.2%)
[2025-12-11T10:46:53.142Z] 📊 메모리 통계: {
  "timestamp": "2025-12-11T10:46:53.141Z",
  "heap": {
    "used": 23,
    "total": 25,
    "external": 20
  },
  "system": {
    "used": 49081,
    "total": 49152,
    "percent": "99.9"
  }
}
[2025-12-11T10:47:17.105Z] [0mGET /api/health [32m200[0m 0.660 ms - 240[0m
[2025-12-11T10:47:23.141Z] ⚠️ 높은 힙 메모리 사용량: 23MB / 25MB (90.5%)
[2025-12-11T10:47:23.142Z] 📊 메모리 통계: {
  "timestamp": "2025-12-11T10:47:23.141Z",
  "heap": {
    "used": 23,
    "total": 25,
    "external": 20
  },
  "system": {
    "used": 48480,
    "total": 49152,
    "percent": "98.6"
  }
}
[2025-12-11T10:47:47.109Z] [0mGET /api/health [32m200[0m 0.822 ms - 240[0m
[2025-12-11T10:47:47.537Z] 🔍 인증된 사용자 - ID: 974640, 이메일: dev@playmate.com, 닉네임: 개발자
[2025-12-11T10:47:47.537Z] [0mGET /api/auth/me [32m200[0m 1.368 ms - 483[0m
[2025-12-11T10:47:53.133Z] 🧹 메모리 정리 작업 완료
[2025-12-11T10:47:53.141Z] ⚠️ 높은 힙 메모리 사용량: 23MB / 25MB (91.2%)
[2025-12-11T10:47:53.142Z] 📊 메모리 통계: {
  "timestamp": "2025-12-11T10:47:53.141Z",
  "heap": {
    "used": 23,
    "total": 25,
    "external": 20
  },
  "system": {
    "used": 48408,
    "total": 49152,
    "percent": "98.5"
  }
}
[2025-12-11T10:48:02.160Z] 🔍 인증된 사용자 - ID: 974640, 이메일: dev@playmate.com, 닉네임: 개발자
[2025-12-11T10:48:02.161Z] 📊 총 11개 안전한 매칭 데이터 반환
[0mGET /api/matchings?show_only_recruiting=true&show_only_following=false [32m200[0m 1.707 ms - 11719[0m
[2025-12-11T10:48:17.105Z] [0mGET /api/health [32m200[0m 0.569 ms - 240[0m
[2025-12-11T10:48:23.143Z] ⚠️ 높은 힙 메모리 사용량: 23MB / 25MB (91.9%)
[2025-12-11T10:48:23.144Z] 📊 메모리 통계: {
  "timestamp": "2025-12-11T10:48:23.143Z",
  "heap": {
    "used": 23,
    "total": 25,
    "external": 20
  },
  "system": {
    "used": 48355,
    "total": 49152,
    "percent": "98.4"
  }
}
[2025-12-11T10:48:47.111Z] [0mGET /api/health [32m200[0m 0.579 ms - 240[0m
[2025-12-11T10:48:53.133Z] 🧹 메모리 정리 작업 완료
[2025-12-11T10:48:53.143Z] ⚠️ 높은 힙 메모리 사용량: 23MB / 25MB (92.3%)
[2025-12-11T10:48:53.144Z] 📊 메모리 통계: {
  "timestamp": "2025-12-11T10:48:53.143Z",
  "heap": {
    "used": 23,
    "total": 25,
    "external": 20
  },
  "system": {
    "used": 48340,
    "total": 49152,
    "percent": "98.3"
  }
}
[2025-12-11T10:49:17.109Z] [0mGET /api/health [32m200[0m 0.748 ms - 240[0m
[2025-12-11T10:49:23.145Z] ⚠️ 높은 힙 메모리 사용량: 23MB / 25MB (92.6%)
[2025-12-11T10:49:23.147Z] 📊 메모리 통계: {
  "timestamp": "2025-12-11T10:49:23.145Z",
  "heap": {
    "used": 23,
    "total": 25,
    "external": 20
  },
  "system": {
    "used": 48292,
    "total": 49152,
    "percent": "98.3"
  }
}
[2025-12-11T10:49:47.111Z] [0mGET /api/health [32m200[0m 0.262 ms - 240[0m
[2025-12-11T10:49:53.134Z] 🧹 메모리 정리 작업 완료
[2025-12-11T10:49:53.147Z] ⚠️ 높은 힙 메모리 사용량: 23MB / 25MB (89.9%)
[2025-12-11T10:49:53.148Z] 📊 메모리 통계: {
  "timestamp": "2025-12-11T10:49:53.147Z",
  "heap": {
    "used": 23,
    "total": 25,
    "external": 20
  },
  "system": {
    "used": 48478,
    "total": 49152,
    "percent": "98.6"
  }
}
[2025-12-11T10:50:17.103Z] [0mGET /api/health [32m200[0m 0.725 ms - 240[0m
[2025-12-11T10:50:23.148Z] ⚠️ 높은 힙 메모리 사용량: 23MB / 25MB (90.2%)
[2025-12-11T10:50:23.149Z] 📊 메모리 통계: {
  "timestamp": "2025-12-11T10:50:23.148Z",
  "heap": {
    "used": 23,
    "total": 25,
    "external": 20
  },
  "system": {
    "used": 48782,
    "total": 49152,
    "percent": "99.2"
  }
}
[2025-12-11T10:50:47.107Z] [0mGET /api/health [32m200[0m 0.371 ms - 240[0m
[2025-12-11T10:50:53.136Z] 🧹 메모리 정리 작업 완료
[2025-12-11T10:50:53.149Z] ⚠️ 높은 힙 메모리 사용량: 23MB / 25MB (90.5%)
[2025-12-11T10:50:53.149Z] 📊 메모리 통계: {
  "timestamp": "2025-12-11T10:50:53.148Z",
  "heap": {
    "used": 23,
    "total": 25,
    "external": 20
  },
  "system": {
    "used": 48885,
    "total": 49152,
    "percent": "99.5"
  }
}
[2025-12-11T10:51:17.103Z] [0mGET /api/health [32m200[0m 0.525 ms - 240[0m
[2025-12-11T10:51:23.150Z] ⚠️ 높은 힙 메모리 사용량: 23MB / 25MB (90.9%)
[2025-12-11T10:51:23.150Z] 📊 메모리 통계: {
  "timestamp": "2025-12-11T10:51:23.149Z",
  "heap": {
    "used": 23,
    "total": 25,
    "external": 20
  },
  "system": {
    "used": 48761,
    "total": 49152,
    "percent": "99.2"
  }
}
[2025-12-11T10:51:47.107Z] [0mGET /api/health [32m200[0m 0.660 ms - 240[0m
[2025-12-11T10:51:53.139Z] 🧹 메모리 정리 작업 완료
[2025-12-11T10:51:53.149Z] ⚠️ 높은 힙 메모리 사용량: 23MB / 25MB (91.2%)
[2025-12-11T10:51:53.150Z] 📊 메모리 통계: {
  "timestamp": "2025-12-11T10:51:53.149Z",
  "heap": {
    "used": 23,
    "total": 25,
    "external": 20
  },
  "system": {
    "used": 49011,
    "total": 49152,
    "percent": "99.7"
  }
}
[2025-12-11T10:52:17.106Z] [0mGET /api/health [32m200[0m 0.875 ms - 240[0m
[2025-12-11T10:52:23.152Z] ⚠️ 높은 힙 메모리 사용량: 23MB / 25MB (91.6%)
[2025-12-11T10:52:23.153Z] 📊 메모리 통계: {
  "timestamp": "2025-12-11T10:52:23.151Z",
  "heap": {
    "used": 23,
    "total": 25,
    "external": 20
  },
  "system": {
    "used": 48420,
    "total": 49152,
    "percent": "98.5"
  }
}
[2025-12-11T10:52:47.113Z] [0mGET /api/health [32m200[0m 0.967 ms - 240[0m
[2025-12-11T10:52:47.540Z] 🔍 인증된 사용자 - ID: 974640, 이메일: dev@playmate.com, 닉네임: 개발자
[2025-12-11T10:52:47.541Z] [0mGET /api/auth/me [32m200[0m 2.141 ms - 483[0m
[2025-12-11T10:52:53.140Z] 🧹 메모리 정리 작업 완료
[2025-12-11T10:52:53.151Z] ⚠️ 높은 힙 메모리 사용량: 23MB / 25MB (92.2%)
[2025-12-11T10:52:53.153Z] 📊 메모리 통계: {
  "timestamp": "2025-12-11T10:52:53.151Z",
  "heap": {
    "used": 23,
    "total": 25,
    "external": 20
  },
  "system": {
    "used": 48398,
    "total": 49152,
    "percent": "98.5"
  }
}
[2025-12-11T10:53:02.164Z] 🔍 인증된 사용자 - ID: 974640, 이메일: dev@playmate.com, 닉네임: 개발자
[2025-12-11T10:53:02.165Z] 📊 총 11개 안전한 매칭 데이터 반환
[2025-12-11T10:53:02.166Z] [0mGET /api/matchings?show_only_recruiting=true&show_only_following=false [32m200[0m 2.420 ms - 11719[0m
[2025-12-11T10:53:17.107Z] [0mGET /api/health [32m200[0m 0.815 ms - 240[0m
[2025-12-11T10:53:23.152Z] ⚠️ 높은 힙 메모리 사용량: 23MB / 25MB (90.5%)
[2025-12-11T10:53:23.153Z] 📊 메모리 통계: {
  "timestamp": "2025-12-11T10:53:23.152Z",
  "heap": {
    "used": 23,
    "total": 25,
    "external": 20
  },
  "system": {
    "used": 48335,
    "total": 49152,
    "percent": "98.3"
  }
}
[2025-12-11T10:53:47.102Z] [0mGET /api/health [32m200[0m 0.692 ms - 240[0m
[2025-12-11T10:53:53.141Z] 🧹 메모리 정리 작업 완료
[2025-12-11T10:53:53.153Z] ⚠️ 높은 힙 메모리 사용량: 23MB / 25MB (90.8%)
[2025-12-11T10:53:53.157Z] 📊 메모리 통계: {
  "timestamp": "2025-12-11T10:53:53.153Z",
  "heap": {
    "used": 23,
    "total": 25,
    "external": 20
  },
  "system": {
    "used": 48347,
    "total": 49152,
    "percent": "98.4"
  }
}
[2025-12-11T10:54:17.102Z] [0mGET /api/health [32m200[0m 0.714 ms - 240[0m
[2025-12-11T10:54:23.151Z] ⚠️ 높은 힙 메모리 사용량: 23MB / 25MB (91.1%)
[2025-12-11T10:54:23.152Z] 📊 메모리 통계: {
  "timestamp": "2025-12-11T10:54:23.150Z",
  "heap": {
    "used": 23,
    "total": 25,
    "external": 20
  },
  "system": {
    "used": 48314,
    "total": 49152,
    "percent": "98.3"
  }
}
[2025-12-11T10:54:47.092Z] [0mGET /api/health [32m200[0m 0.761 ms - 240[0m
[2025-12-11T10:54:53.131Z] 🧹 메모리 정리 작업 완료
[2025-12-11T10:54:53.141Z] ⚠️ 높은 힙 메모리 사용량: 23MB / 25MB (91.5%)
[2025-12-11T10:54:53.141Z] 📊 메모리 통계: {
  "timestamp": "2025-12-11T10:54:53.141Z",
  "heap": {
    "used": 23,
    "total": 25,
    "external": 20
  },
  "system": {
    "used": 48372,
    "total": 49152,
    "percent": "98.4"
  }
}
[2025-12-11T10:55:17.091Z] [0mGET /api/health [32m200[0m 0.800 ms - 240[0m
[2025-12-11T10:55:23.142Z] ⚠️ 높은 힙 메모리 사용량: 23MB / 25MB (91.8%)
[2025-12-11T10:55:23.143Z] 📊 메모리 통계: {
  "timestamp": "2025-12-11T10:55:23.141Z",
  "heap": {
    "used": 23,
    "total": 25,
    "external": 20
  },
  "system": {
    "used": 48876,
    "total": 49152,
    "percent": "99.4"
  }
}
[2025-12-11T10:55:47.090Z] [0mGET /api/health [32m200[0m 0.875 ms - 240[0m
[2025-12-11T10:55:53.131Z] 🧹 메모리 정리 작업 완료
[2025-12-11T10:55:53.143Z] ⚠️ 높은 힙 메모리 사용량: 23MB / 25MB (92.2%)
[2025-12-11T10:55:53.144Z] 📊 메모리 통계: {
  "timestamp": "2025-12-11T10:55:53.143Z",
  "heap": {
    "used": 23,
    "total": 25,
    "external": 20
  },
  "system": {
    "used": 48785,
    "total": 49152,
    "percent": "99.3"
  }
}
[2025-12-11T10:56:17.087Z] [0mGET /api/health [32m200[0m 0.769 ms - 240[0m
[2025-12-11T10:56:23.143Z] ⚠️ 높은 힙 메모리 사용량: 24MB / 25MB (92.5%)
[2025-12-11T10:56:23.144Z] 📊 메모리 통계: {
  "timestamp": "2025-12-11T10:56:23.143Z",
  "heap": {
    "used": 24,
    "total": 25,
    "external": 20
  },
  "system": {
    "used": 48895,
    "total": 49152,
    "percent": "99.5"
  }
}
[2025-12-11T10:56:47.091Z] [0mGET /api/health [32m200[0m 0.813 ms - 240[0m
[2025-12-11T10:56:53.133Z] 🧹 메모리 정리 작업 완료
[2025-12-11T10:56:53.144Z] ⚠️ 높은 힙 메모리 사용량: 24MB / 25MB (92.8%)
[2025-12-11T10:56:53.145Z] 📊 메모리 통계: {
  "timestamp": "2025-12-11T10:56:53.144Z",
  "heap": {
    "used": 24,
    "total": 25,
    "external": 20
  },
  "system": {
    "used": 49031,
    "total": 49152,
    "percent": "99.8"
  }
}
[2025-12-11T10:57:17.089Z] [0mGET /api/health [32m200[0m 0.796 ms - 240[0m
[2025-12-11T10:57:23.146Z] ⚠️ 높은 힙 메모리 사용량: 23MB / 26MB (89.9%)
[2025-12-11T10:57:23.146Z] 📊 메모리 통계: {
  "timestamp": "2025-12-11T10:57:23.146Z",
  "heap": {
    "used": 23,
    "total": 26,
    "external": 20
  },
  "system": {
    "used": 48511,
    "total": 49152,
    "percent": "98.7"
  }
}
[2025-12-11T10:57:47.090Z] [0mGET /api/health [32m200[0m 0.769 ms - 240[0m
[2025-12-11T10:57:47.517Z] 🔍 인증된 사용자 - ID: 974640, 이메일: dev@playmate.com, 닉네임: 개발자
[2025-12-11T10:57:47.518Z] [0mGET /api/auth/me [32m200[0m 1.651 ms - 483[0m
[2025-12-11T10:57:53.133Z] 🧹 메모리 정리 작업 완료
[2025-12-11T10:57:53.146Z] ⚠️ 높은 힙 메모리 사용량: 23MB / 26MB (90.5%)
[2025-12-11T10:57:53.147Z] 📊 메모리 통계: {
  "timestamp": "2025-12-11T10:57:53.146Z",
  "heap": {
    "used": 23,
    "total": 26,
    "external": 20
  },
  "system": {
    "used": 48484,
    "total": 49152,
    "percent": "98.6"
  }
}
[2025-12-11T10:58:02.153Z] 🔍 인증된 사용자 - ID: 974640, 이메일: dev@playmate.com, 닉네임: 개발자
📊 총 11개 안전한 매칭 데이터 반환
[2025-12-11T10:58:02.154Z] [0mGET /api/matchings?show_only_recruiting=true&show_only_following=false [32m200[0m 2.184 ms - 11719[0m
[2025-12-11T10:58:17.082Z] [0mGET /api/health [32m200[0m 0.366 ms - 240[0m
[2025-12-11T10:58:23.147Z] ⚠️ 높은 힙 메모리 사용량: 23MB / 26MB (91.2%)
[2025-12-11T10:58:23.147Z] 📊 메모리 통계: {
  "timestamp": "2025-12-11T10:58:23.146Z",
  "heap": {
    "used": 23,
    "total": 26,
    "external": 20
  },
  "system": {
    "used": 48530,
    "total": 49152,
    "percent": "98.7"
  }
}
[2025-12-11T10:58:47.097Z] [0mGET /api/health [32m200[0m 0.751 ms - 240[0m
[2025-12-11T10:58:53.135Z] 🧹 메모리 정리 작업 완료
[2025-12-11T10:58:53.148Z] ⚠️ 높은 힙 메모리 사용량: 24MB / 26MB (91.6%)
[2025-12-11T10:58:53.149Z] 📊 메모리 통계: {
  "timestamp": "2025-12-11T10:58:53.148Z",
  "heap": {
    "used": 24,
    "total": 26,
    "external": 20
  },
  "system": {
    "used": 48338,
    "total": 49152,
    "percent": "98.3"
  }
}
[2025-12-11T10:59:17.090Z] [0mGET /api/health [32m200[0m 0.799 ms - 240[0m
[2025-12-11T10:59:23.149Z] ⚠️ 높은 힙 메모리 사용량: 24MB / 26MB (91.9%)
[2025-12-11T10:59:23.149Z] 📊 메모리 통계: {
  "timestamp": "2025-12-11T10:59:23.149Z",
  "heap": {
    "used": 24,
    "total": 26,
    "external": 20
  },
  "system": {
    "used": 48445,
    "total": 49152,
    "percent": "98.6"
  }
}
[2025-12-11T10:59:47.089Z] [0mGET /api/health [32m200[0m 0.773 ms - 240[0m
[2025-12-11T10:59:53.135Z] 🧹 메모리 정리 작업 완료
[2025-12-11T10:59:53.151Z] ⚠️ 높은 힙 메모리 사용량: 24MB / 26MB (92.2%)
[2025-12-11T10:59:53.152Z] 📊 메모리 통계: {
  "timestamp": "2025-12-11T10:59:53.151Z",
  "heap": {
    "used": 24,
    "total": 26,
    "external": 20
  },
  "system": {
    "used": 48387,
    "total": 49152,
    "percent": "98.4"
  }
}
[2025-12-11T11:00:17.084Z] [0mGET /api/health [32m200[0m 0.716 ms - 240[0m
[2025-12-11T11:00:23.152Z] ⚠️ 높은 힙 메모리 사용량: 24MB / 26MB (92.5%)
[2025-12-11T11:00:23.153Z] 📊 메모리 통계: {
  "timestamp": "2025-12-11T11:00:23.152Z",
  "heap": {
    "used": 24,
    "total": 26,
    "external": 20
  },
  "system": {
    "used": 48882,
    "total": 49152,
    "percent": "99.5"
  }
}
[2025-12-11T11:00:47.088Z] [0mGET /api/health [32m200[0m 1.010 ms - 240[0m
[2025-12-11T11:00:53.136Z] 🧹 메모리 정리 작업 완료
[2025-12-11T11:00:53.153Z] ⚠️ 높은 힙 메모리 사용량: 23MB / 27MB (87.3%)
[2025-12-11T11:00:53.154Z] 📊 메모리 통계: {
  "timestamp": "2025-12-11T11:00:53.153Z",
  "heap": {
    "used": 23,
    "total": 27,
    "external": 20
  },
  "system": {
    "used": 48883,
    "total": 49152,
    "percent": "99.5"
  }
}
[2025-12-11T11:01:17.086Z] [0mGET /api/health [32m200[0m 0.657 ms - 240[0m
[2025-12-11T11:01:23.156Z] ⚠️ 높은 힙 메모리 사용량: 23MB / 27MB (87.6%)
[2025-12-11T11:01:23.156Z] 📊 메모리 통계: {
  "timestamp": "2025-12-11T11:01:23.155Z",
  "heap": {
    "used": 23,
    "total": 27,
    "external": 20
  },
  "system": {
    "used": 48931,
    "total": 49152,
    "percent": "99.6"
  }
}
[2025-12-11T11:01:47.086Z] [0mGET /api/health [32m200[0m 0.749 ms - 240[0m
[2025-12-11T11:01:53.137Z] 🧹 메모리 정리 작업 완료
[2025-12-11T11:01:53.156Z] ⚠️ 높은 힙 메모리 사용량: 23MB / 27MB (87.9%)
[2025-12-11T11:01:53.157Z] 📊 메모리 통계: {
  "timestamp": "2025-12-11T11:01:53.156Z",
  "heap": {
    "used": 23,
    "total": 27,
    "external": 20
  },
  "system": {
    "used": 48952,
    "total": 49152,
    "percent": "99.6"
  }
}
[2025-12-11T11:02:17.086Z] [0mGET /api/health [32m200[0m 0.826 ms - 240[0m
[2025-12-11T11:02:23.157Z] ⚠️ 높은 힙 메모리 사용량: 24MB / 27MB (88.2%)
[2025-12-11T11:02:23.157Z] 📊 메모리 통계: {
  "timestamp": "2025-12-11T11:02:23.157Z",
  "heap": {
    "used": 24,
    "total": 27,
    "external": 20
  },
  "system": {
    "used": 48958,
    "total": 49152,
    "percent": "99.6"
  }
}
[2025-12-11T11:02:47.096Z] [0mGET /api/health [32m200[0m 0.783 ms - 240[0m
[2025-12-11T11:02:47.522Z] 🔍 인증된 사용자 - ID: 974640, 이메일: dev@playmate.com, 닉네임: 개발자
[2025-12-11T11:02:47.523Z] [0mGET /api/auth/me [32m200[0m 2.345 ms - 483[0m
[2025-12-11T11:02:53.138Z] 🧹 메모리 정리 작업 완료
[2025-12-11T11:02:53.159Z] ⚠️ 높은 힙 메모리 사용량: 24MB / 27MB (88.0%)
[2025-12-11T11:02:53.159Z] 📊 메모리 통계: {
  "timestamp": "2025-12-11T11:02:53.159Z",
  "heap": {
    "used": 24,
    "total": 27,
    "external": 20
  },
  "system": {
    "used": 48487,
    "total": 49152,
    "percent": "98.6"
  }
}
[2025-12-11T11:03:02.144Z] 🔍 인증된 사용자 - ID: 974640, 이메일: dev@playmate.com, 닉네임: 개발자
[2025-12-11T11:03:02.144Z] 📊 총 11개 안전한 매칭 데이터 반환
[0mGET /api/matchings?show_only_recruiting=true&show_only_following=false [32m200[0m 0.795 ms - 11719[0m
[2025-12-11T11:03:17.089Z] [0mGET /api/health [32m200[0m 0.793 ms - 240[0m
[2025-12-11T11:03:23.161Z] ⚠️ 높은 힙 메모리 사용량: 24MB / 27MB (88.7%)
[2025-12-11T11:03:23.162Z] 📊 메모리 통계: {
  "timestamp": "2025-12-11T11:03:23.161Z",
  "heap": {
    "used": 24,
    "total": 27,
    "external": 20
  },
  "system": {
    "used": 48460,
    "total": 49152,
    "percent": "98.6"
  }
}
[2025-12-11T11:03:47.087Z] [0mGET /api/health [32m200[0m 0.752 ms - 240[0m
[2025-12-11T11:03:53.138Z] 🧹 메모리 정리 작업 완료
[2025-12-11T11:03:53.161Z] ⚠️ 높은 힙 메모리 사용량: 23MB / 26MB (89.4%)
[2025-12-11T11:03:53.162Z] 📊 메모리 통계: {
  "timestamp": "2025-12-11T11:03:53.161Z",
  "heap": {
    "used": 23,
    "total": 26,
    "external": 20
  },
  "system": {
    "used": 48336,
    "total": 49152,
    "percent": "98.3"
  }
}
[2025-12-11T11:04:17.088Z] [0mGET /api/health [32m200[0m 0.807 ms - 240[0m
[2025-12-11T11:04:23.163Z] ⚠️ 높은 힙 메모리 사용량: 24MB / 26MB (89.7%)
[2025-12-11T11:04:23.164Z] 📊 메모리 통계: {
  "timestamp": "2025-12-11T11:04:23.163Z",
  "heap": {
    "used": 24,
    "total": 26,
    "external": 20
  },
  "system": {
    "used": 48482,
    "total": 49152,
    "percent": "98.6"
  }
}
[2025-12-11T11:04:47.084Z] [0mGET /api/health [32m200[0m 0.842 ms - 240[0m
[2025-12-11T11:04:53.140Z] 🧹 메모리 정리 작업 완료
[2025-12-11T11:04:53.164Z] ⚠️ 높은 힙 메모리 사용량: 24MB / 26MB (90.0%)
[2025-12-11T11:04:53.165Z] 📊 메모리 통계: {
  "timestamp": "2025-12-11T11:04:53.164Z",
  "heap": {
    "used": 24,
    "total": 26,
    "external": 20
  },
  "system": {
    "used": 48352,
    "total": 49152,
    "percent": "98.4"
  }
}
[2025-12-11T11:05:17.089Z] [0mGET /api/health [32m200[0m 0.855 ms - 240[0m
[2025-12-11T11:05:23.165Z] ⚠️ 높은 힙 메모리 사용량: 24MB / 26MB (90.3%)
[2025-12-11T11:05:23.166Z] 📊 메모리 통계: {
  "timestamp": "2025-12-11T11:05:23.165Z",
  "heap": {
    "used": 24,
    "total": 26,
    "external": 20
  },
  "system": {
    "used": 48865,
    "total": 49152,
    "percent": "99.4"
  }
}
[2025-12-11T11:05:47.094Z] [0mGET /api/health [32m200[0m 0.805 ms - 240[0m
[2025-12-11T11:05:53.139Z] 🧹 메모리 정리 작업 완료
[2025-12-11T11:05:53.167Z] ⚠️ 높은 힙 메모리 사용량: 24MB / 26MB (90.6%)
[2025-12-11T11:05:53.168Z] 📊 메모리 통계: {
  "timestamp": "2025-12-11T11:05:53.166Z",
  "heap": {
    "used": 24,
    "total": 26,
    "external": 20
  },
  "system": {
    "used": 48835,
    "total": 49152,
    "percent": "99.4"
  }
}
[2025-12-11T11:06:17.090Z] [0mGET /api/health [32m200[0m 0.793 ms - 240[0m
[2025-12-11T11:06:23.169Z] ⚠️ 높은 힙 메모리 사용량: 24MB / 26MB (90.9%)
[2025-12-11T11:06:23.170Z] 📊 메모리 통계: {
  "timestamp": "2025-12-11T11:06:23.168Z",
  "heap": {
    "used": 24,
    "total": 26,
    "external": 20
  },
  "system": {
    "used": 48955,
    "total": 49152,
    "percent": "99.6"
  }
}
[2025-12-11T11:06:47.084Z] [0mGET /api/health [32m200[0m 0.841 ms - 240[0m
[2025-12-11T11:06:53.141Z] 🧹 메모리 정리 작업 완료
[2025-12-11T11:06:53.169Z] ⚠️ 높은 힙 메모리 사용량: 24MB / 26MB (91.2%)
[2025-12-11T11:06:53.169Z] 📊 메모리 통계: {
  "timestamp": "2025-12-11T11:06:53.168Z",
  "heap": {
    "used": 24,
    "total": 26,
    "external": 20
  },
  "system": {
    "used": 48891,
    "total": 49152,
    "percent": "99.5"
  }
}
[2025-12-11T11:07:17.085Z] [0mGET /api/health [32m200[0m 0.802 ms - 240[0m
[2025-12-11T11:07:23.171Z] ⚠️ 높은 힙 메모리 사용량: 24MB / 26MB (91.6%)
[2025-12-11T11:07:23.172Z] 📊 메모리 통계: {
  "timestamp": "2025-12-11T11:07:23.171Z",
  "heap": {
    "used": 24,
    "total": 26,
    "external": 20
  },
  "system": {
    "used": 48982,
    "total": 49152,
    "percent": "99.7"
  }
}
[2025-12-11T11:07:47.086Z] [0mGET /api/health [32m200[0m 0.902 ms - 240[0m
[2025-12-11T11:07:47.516Z] 🔍 인증된 사용자 - ID: 974640, 이메일: dev@playmate.com, 닉네임: 개발자
[2025-12-11T11:07:47.517Z] [0mGET /api/auth/me [32m200[0m 2.241 ms - 483[0m
[2025-12-11T11:07:53.142Z] 🧹 메모리 정리 작업 완료
[2025-12-11T11:07:53.171Z] ⚠️ 높은 힙 메모리 사용량: 24MB / 26MB (90.0%)
[2025-12-11T11:07:53.172Z] 📊 메모리 통계: {
  "timestamp": "2025-12-11T11:07:53.171Z",
  "heap": {
    "used": 24,
    "total": 26,
    "external": 20
  },
  "system": {
    "used": 48444,
    "total": 49152,
    "percent": "98.6"
  }
}
[2025-12-11T11:08:02.145Z] 🔍 인증된 사용자 - ID: 974640, 이메일: dev@playmate.com, 닉네임: 개발자
[2025-12-11T11:08:02.146Z] 📊 총 11개 안전한 매칭 데이터 반환
[0mGET /api/matchings?show_only_recruiting=true&show_only_following=false [32m200[0m 2.303 ms - 11719[0m
[2025-12-11T11:08:17.081Z] [0mGET /api/health [32m200[0m 0.737 ms - 240[0m
[2025-12-11T11:08:23.172Z] ⚠️ 높은 힙 메모리 사용량: 24MB / 26MB (90.8%)
[2025-12-11T11:08:23.173Z] 📊 메모리 통계: {
  "timestamp": "2025-12-11T11:08:23.172Z",
  "heap": {
    "used": 24,
    "total": 26,
    "external": 20
  },
  "system": {
    "used": 48570,
    "total": 49152,
    "percent": "98.8"
  }
}
[2025-12-11T11:08:47.087Z] [0mGET /api/health [32m200[0m 0.761 ms - 240[0m
[2025-12-11T11:08:53.145Z] 🧹 메모리 정리 작업 완료
[2025-12-11T11:08:53.173Z] ⚠️ 높은 힙 메모리 사용량: 24MB / 26MB (91.1%)
[2025-12-11T11:08:53.174Z] 📊 메모리 통계: {
  "timestamp": "2025-12-11T11:08:53.173Z",
  "heap": {
    "used": 24,
    "total": 26,
    "external": 20
  },
  "system": {
    "used": 48412,
    "total": 49152,
    "percent": "98.5"
  }
}
[2025-12-11T11:09:17.083Z] [0mGET /api/health [32m200[0m 0.797 ms - 240[0m
[2025-12-11T11:09:23.175Z] ⚠️ 높은 힙 메모리 사용량: 24MB / 26MB (91.3%)
[2025-12-11T11:09:23.176Z] 📊 메모리 통계: {
  "timestamp": "2025-12-11T11:09:23.175Z",
  "heap": {
    "used": 24,
    "total": 26,
    "external": 20
  },
  "system": {
    "used": 48493,
    "total": 49152,
    "percent": "98.7"
  }
}
[2025-12-11T11:09:47.087Z] [0mGET /api/health [32m200[0m 0.834 ms - 240[0m
[2025-12-11T11:09:53.146Z] 🧹 메모리 정리 작업 완료
[2025-12-11T11:09:53.176Z] ⚠️ 높은 힙 메모리 사용량: 24MB / 26MB (91.6%)
[2025-12-11T11:09:53.176Z] 📊 메모리 통계: {
  "timestamp": "2025-12-11T11:09:53.176Z",
  "heap": {
    "used": 24,
    "total": 26,
    "external": 20
  },
  "system": {
    "used": 48348,
    "total": 49152,
    "percent": "98.4"
  }
}
[2025-12-11T11:10:17.082Z] [0mGET /api/health [32m200[0m 0.962 ms - 240[0m
[2025-12-11T11:10:23.178Z] ⚠️ 높은 힙 메모리 사용량: 24MB / 26MB (91.9%)
[2025-12-11T11:10:23.178Z] 📊 메모리 통계: {
  "timestamp": "2025-12-11T11:10:23.178Z",
  "heap": {
    "used": 24,
    "total": 26,
    "external": 20
  },
  "system": {
    "used": 48601,
    "total": 49152,
    "percent": "98.9"
  }
}
[2025-12-11T11:10:47.081Z] [0mGET /api/health [32m200[0m 0.585 ms - 240[0m
[2025-12-11T11:10:53.147Z] 🧹 메모리 정리 작업 완료
[2025-12-11T11:10:53.180Z] ⚠️ 높은 힙 메모리 사용량: 24MB / 26MB (92.2%)
[2025-12-11T11:10:53.180Z] 📊 메모리 통계: {
  "timestamp": "2025-12-11T11:10:53.179Z",
  "heap": {
    "used": 24,
    "total": 26,
    "external": 20
  },
  "system": {
    "used": 48897,
    "total": 49152,
    "percent": "99.5"
  }
}
[2025-12-11T11:11:17.085Z] [0mGET /api/health [32m200[0m 0.799 ms - 240[0m
[2025-12-11T11:11:23.181Z] ⚠️ 높은 힙 메모리 사용량: 24MB / 26MB (92.5%)
[2025-12-11T11:11:23.181Z] 📊 메모리 통계: {
  "timestamp": "2025-12-11T11:11:23.181Z",
  "heap": {
    "used": 24,
    "total": 26,
    "external": 20
  },
  "system": {
    "used": 48965,
    "total": 49152,
    "percent": "99.6"
  }
}
[2025-12-11T11:11:47.085Z] [0mGET /api/health [32m200[0m 0.775 ms - 240[0m
[2025-12-11T11:11:53.147Z] 🧹 메모리 정리 작업 완료
[2025-12-11T11:11:53.183Z] ⚠️ 높은 힙 메모리 사용량: 24MB / 26MB (89.7%)
[2025-12-11T11:11:53.184Z] 📊 메모리 통계: {
  "timestamp": "2025-12-11T11:11:53.183Z",
  "heap": {
    "used": 24,
    "total": 26,
    "external": 20
  },
  "system": {
    "used": 48947,
    "total": 49152,
    "percent": "99.6"
  }
}
[2025-12-11T11:12:17.085Z] [0mGET /api/health [32m200[0m 0.828 ms - 240[0m
[2025-12-11T11:12:23.185Z] ⚠️ 높은 힙 메모리 사용량: 24MB / 26MB (90.0%)
[2025-12-11T11:12:23.185Z] 📊 메모리 통계: {
  "timestamp": "2025-12-11T11:12:23.185Z",
  "heap": {
    "used": 24,
    "total": 26,
    "external": 20
  },
  "system": {
    "used": 48985,
    "total": 49152,
    "percent": "99.7"
  }
}
[2025-12-11T11:12:47.086Z] [0mGET /api/health [32m200[0m 0.593 ms - 240[0m
[2025-12-11T11:12:47.515Z] 🔍 인증된 사용자 - ID: 974640, 이메일: dev@playmate.com, 닉네임: 개발자
[2025-12-11T11:12:47.516Z] [0mGET /api/auth/me [32m200[0m 2.153 ms - 483[0m
[2025-12-11T11:12:53.149Z] 🧹 메모리 정리 작업 완료
[2025-12-11T11:12:53.187Z] ⚠️ 높은 힙 메모리 사용량: 24MB / 26MB (90.6%)
[2025-12-11T11:12:53.188Z] 📊 메모리 통계: {
  "timestamp": "2025-12-11T11:12:53.187Z",
  "heap": {
    "used": 24,
    "total": 26,
    "external": 20
  },
  "system": {
    "used": 48403,
    "total": 49152,
    "percent": "98.5"
  }
}
[2025-12-11T11:13:02.141Z] 🔍 인증된 사용자 - ID: 974640, 이메일: dev@playmate.com, 닉네임: 개발자
[2025-12-11T11:13:02.142Z] 📊 총 11개 안전한 매칭 데이터 반환
[0mGET /api/matchings?show_only_recruiting=true&show_only_following=false [32m200[0m 2.088 ms - 11719[0m
[2025-12-11T11:13:17.073Z] [0mGET /api/health [32m200[0m 0.340 ms - 240[0m
[2025-12-11T11:13:23.188Z] ⚠️ 높은 힙 메모리 사용량: 24MB / 26MB (91.2%)
[2025-12-11T11:13:23.188Z] 📊 메모리 통계: {
  "timestamp": "2025-12-11T11:13:23.188Z",
  "heap": {
    "used": 24,
    "total": 26,
    "external": 20
  },
  "system": {
    "used": 48602,
    "total": 49152,
    "percent": "98.9"
  }
}
[2025-12-11T11:13:47.088Z] [0mGET /api/health [32m200[0m 0.842 ms - 240[0m
[2025-12-11T11:13:53.150Z] 🧹 메모리 정리 작업 완료
[2025-12-11T11:13:53.190Z] ⚠️ 높은 힙 메모리 사용량: 24MB / 26MB (91.5%)
[2025-12-11T11:13:53.191Z] 📊 메모리 통계: {
  "timestamp": "2025-12-11T11:13:53.190Z",
  "heap": {
    "used": 24,
    "total": 26,
    "external": 20
  },
  "system": {
    "used": 48367,
    "total": 49152,
    "percent": "98.4"
  }
}
[2025-12-11T11:14:17.081Z] [0mGET /api/health [32m200[0m 0.826 ms - 240[0m
[2025-12-11T11:14:23.192Z] ⚠️ 높은 힙 메모리 사용량: 24MB / 26MB (91.8%)
[2025-12-11T11:14:23.192Z] 📊 메모리 통계: {
  "timestamp": "2025-12-11T11:14:23.192Z",
  "heap": {
    "used": 24,
    "total": 26,
    "external": 20
  },
  "system": {
    "used": 48331,
    "total": 49152,
    "percent": "98.3"
  }
}
[2025-12-11T11:14:47.079Z] [0mGET /api/health [32m200[0m 0.371 ms - 240[0m
[2025-12-11T11:14:53.203Z] 🧹 메모리 정리 작업 완료
[2025-12-11T11:14:53.245Z] ⚠️ 높은 힙 메모리 사용량: 24MB / 26MB (92.1%)
[2025-12-11T11:14:53.246Z] 📊 메모리 통계: {
  "timestamp": "2025-12-11T11:14:53.245Z",
  "heap": {
    "used": 24,
    "total": 26,
    "external": 20
  },
  "system": {
    "used": 48311,
    "total": 49152,
    "percent": "98.3"
  }
}
[2025-12-11T11:15:17.130Z] [0mGET /api/health [32m200[0m 0.407 ms - 240[0m
[2025-12-11T11:15:23.246Z] ⚠️ 높은 힙 메모리 사용량: 24MB / 27MB (89.4%)
[2025-12-11T11:15:23.247Z] 📊 메모리 통계: {
  "timestamp": "2025-12-11T11:15:23.246Z",
  "heap": {
    "used": 24,
    "total": 27,
    "external": 20
  },
  "system": {
    "used": 48371,
    "total": 49152,
    "percent": "98.4"
  }
}
[2025-12-11T11:15:47.131Z] [0mGET /api/health [32m200[0m 0.319 ms - 240[0m
[2025-12-11T11:15:53.204Z] 🧹 메모리 정리 작업 완료
[2025-12-11T11:15:53.248Z] ⚠️ 높은 힙 메모리 사용량: 24MB / 27MB (89.7%)
[2025-12-11T11:15:53.249Z] 📊 메모리 통계: {
  "timestamp": "2025-12-11T11:15:53.248Z",
  "heap": {
    "used": 24,
    "total": 27,
    "external": 20
  },
  "system": {
    "used": 48795,
    "total": 49152,
    "percent": "99.3"
  }
}
[2025-12-11T11:16:17.135Z] [0mGET /api/health [32m200[0m 0.814 ms - 240[0m
[2025-12-11T11:16:23.251Z] ⚠️ 높은 힙 메모리 사용량: 24MB / 27MB (90.0%)
[2025-12-11T11:16:23.252Z] 📊 메모리 통계: {
  "timestamp": "2025-12-11T11:16:23.250Z",
  "heap": {
    "used": 24,
    "total": 27,
    "external": 20
  },
  "system": {
    "used": 48984,
    "total": 49152,
    "percent": "99.7"
  }
}
[2025-12-11T11:16:47.138Z] [0mGET /api/health [32m200[0m 0.348 ms - 240[0m
[2025-12-11T11:16:53.205Z] 🧹 메모리 정리 작업 완료
[2025-12-11T11:16:53.252Z] ⚠️ 높은 힙 메모리 사용량: 24MB / 27MB (90.3%)
[2025-12-11T11:16:53.253Z] 📊 메모리 통계: {
  "timestamp": "2025-12-11T11:16:53.252Z",
  "heap": {
    "used": 24,
    "total": 27,
    "external": 20
  },
  "system": {
    "used": 48813,
    "total": 49152,
    "percent": "99.3"
  }
}
[2025-12-11T11:17:17.134Z] [0mGET /api/health [32m200[0m 0.804 ms - 240[0m
[2025-12-11T11:17:23.254Z] ⚠️ 높은 힙 메모리 사용량: 24MB / 27MB (90.5%)
[2025-12-11T11:17:23.254Z] 📊 메모리 통계: {
  "timestamp": "2025-12-11T11:17:23.254Z",
  "heap": {
    "used": 24,
    "total": 27,
    "external": 20
  },
  "system": {
    "used": 48994,
    "total": 49152,
    "percent": "99.7"
  }
}
[2025-12-11T11:17:47.139Z] [0mGET /api/health [32m200[0m 0.750 ms - 240[0m
[2025-12-11T11:17:47.574Z] 🔍 인증된 사용자 - ID: 974640, 이메일: dev@playmate.com, 닉네임: 개발자
[2025-12-11T11:17:47.574Z] [0mGET /api/auth/me [32m200[0m 2.203 ms - 483[0m
[2025-12-11T11:17:53.205Z] 🧹 메모리 정리 작업 완료
[2025-12-11T11:17:53.257Z] ⚠️ 높은 힙 메모리 사용량: 24MB / 27MB (91.1%)
[2025-12-11T11:17:53.258Z] 📊 메모리 통계: {
  "timestamp": "2025-12-11T11:17:53.257Z",
  "heap": {
    "used": 24,
    "total": 27,
    "external": 20
  },
  "system": {
    "used": 48966,
    "total": 49152,
    "percent": "99.6"
  }
}
[2025-12-11T11:18:02.190Z] 🔍 인증된 사용자 - ID: 974640, 이메일: dev@playmate.com, 닉네임: 개발자
[2025-12-11T11:18:02.191Z] 📊 총 11개 안전한 매칭 데이터 반환
[0mGET /api/matchings?show_only_recruiting=true&show_only_following=false [32m200[0m 2.046 ms - 11719[0m
[2025-12-11T11:18:17.131Z] [0mGET /api/health [32m200[0m 0.621 ms - 240[0m
[2025-12-11T11:18:23.257Z] ⚠️ 높은 힙 메모리 사용량: 25MB / 27MB (91.8%)
[2025-12-11T11:18:23.258Z] 📊 메모리 통계: {
  "timestamp": "2025-12-11T11:18:23.257Z",
  "heap": {
    "used": 25,
    "total": 27,
    "external": 20
  },
  "system": {
    "used": 48483,
    "total": 49152,
    "percent": "98.6"
  }
}
[2025-12-11T11:18:47.138Z] [0mGET /api/health [32m200[0m 0.871 ms - 240[0m
[2025-12-11T11:18:53.206Z] 🧹 메모리 정리 작업 완료
[2025-12-11T11:18:53.258Z] ⚠️ 높은 힙 메모리 사용량: 24MB / 28MB (86.7%)
[2025-12-11T11:18:53.259Z] 📊 메모리 통계: {
  "timestamp": "2025-12-11T11:18:53.258Z",
  "heap": {
    "used": 24,
    "total": 28,
    "external": 20
  },
  "system": {
    "used": 48438,
    "total": 49152,
    "percent": "98.5"
  }
}
[2025-12-11T11:19:17.135Z] [0mGET /api/health [32m200[0m 0.782 ms - 240[0m
[2025-12-11T11:19:23.260Z] ⚠️ 높은 힙 메모리 사용량: 24MB / 28MB (87.0%)
[2025-12-11T11:19:23.261Z] 📊 메모리 통계: {
  "timestamp": "2025-12-11T11:19:23.260Z",
  "heap": {
    "used": 24,
    "total": 28,
    "external": 20
  },
  "system": {
    "used": 48595,
    "total": 49152,
    "percent": "98.9"
  }
}
[2025-12-11T11:19:47.133Z] [0mGET /api/health [32m200[0m 0.866 ms - 240[0m
[2025-12-11T11:19:53.207Z] 🧹 메모리 정리 작업 완료
[2025-12-11T11:19:53.262Z] ⚠️ 높은 힙 메모리 사용량: 24MB / 28MB (87.3%)
[2025-12-11T11:19:53.263Z] 📊 메모리 통계: {
  "timestamp": "2025-12-11T11:19:53.262Z",
  "heap": {
    "used": 24,
    "total": 28,
    "external": 20
  },
  "system": {
    "used": 48285,
    "total": 49152,
    "percent": "98.2"
  }
}
[2025-12-11T11:20:17.136Z] [0mGET /api/health [32m200[0m 0.436 ms - 240[0m
[2025-12-11T11:20:23.264Z] ⚠️ 높은 힙 메모리 사용량: 24MB / 28MB (87.5%)
[2025-12-11T11:20:23.265Z] 📊 메모리 통계: {
  "timestamp": "2025-12-11T11:20:23.264Z",
  "heap": {
    "used": 24,
    "total": 28,
    "external": 20
  },
  "system": {
    "used": 48407,
    "total": 49152,
    "percent": "98.5"
  }
}
[2025-12-11T11:20:47.133Z] [0mGET /api/health [32m200[0m 0.787 ms - 240[0m
[2025-12-11T11:20:53.208Z] 🧹 메모리 정리 작업 완료
[2025-12-11T11:20:53.266Z] ⚠️ 높은 힙 메모리 사용량: 24MB / 28MB (87.8%)
[2025-12-11T11:20:53.267Z] 📊 메모리 통계: {
  "timestamp": "2025-12-11T11:20:53.266Z",
  "heap": {
    "used": 24,
    "total": 28,
    "external": 20
  },
  "system": {
    "used": 48758,
    "total": 49152,
    "percent": "99.2"
  }
}
[2025-12-11T11:21:17.136Z] [0mGET /api/health [32m200[0m 0.810 ms - 240[0m
[2025-12-11T11:21:23.268Z] ⚠️ 높은 힙 메모리 사용량: 24MB / 28MB (88.1%)
[2025-12-11T11:21:23.268Z] 📊 메모리 통계: {
  "timestamp": "2025-12-11T11:21:23.268Z",
  "heap": {
    "used": 24,
    "total": 28,
    "external": 20
  },
  "system": {
    "used": 48883,
    "total": 49152,
    "percent": "99.5"
  }
}
[2025-12-11T11:21:47.145Z] [0mGET /api/health [32m200[0m 0.790 ms - 240[0m
[2025-12-11T11:21:53.210Z] 🧹 메모리 정리 작업 완료
[2025-12-11T11:21:53.271Z] ⚠️ 높은 힙 메모리 사용량: 24MB / 28MB (88.4%)
[2025-12-11T11:21:53.272Z] 📊 메모리 통계: {
  "timestamp": "2025-12-11T11:21:53.271Z",
  "heap": {
    "used": 24,
    "total": 28,
    "external": 20
  },
  "system": {
    "used": 48785,
    "total": 49152,
    "percent": "99.3"
  }
}
[2025-12-11T11:22:17.133Z] [0mGET /api/health [32m200[0m 0.465 ms - 240[0m
[2025-12-11T11:22:23.272Z] ⚠️ 높은 힙 메모리 사용량: 25MB / 28MB (88.6%)
[2025-12-11T11:22:23.273Z] 📊 메모리 통계: {
  "timestamp": "2025-12-11T11:22:23.272Z",
  "heap": {
    "used": 25,
    "total": 28,
    "external": 20
  },
  "system": {
    "used": 49023,
    "total": 49152,
    "percent": "99.7"
  }
}
[2025-12-11T11:22:47.132Z] [0mGET /api/health [32m200[0m 0.514 ms - 240[0m
[2025-12-11T11:22:47.568Z] 🔍 인증된 사용자 - ID: 974640, 이메일: dev@playmate.com, 닉네임: 개발자
[2025-12-11T11:22:47.569Z] [0mGET /api/auth/me [32m200[0m 2.152 ms - 483[0m
[2025-12-11T11:22:53.213Z] 🧹 메모리 정리 작업 완료
[2025-12-11T11:22:53.275Z] ⚠️ 높은 힙 메모리 사용량: 24MB / 27MB (89.7%)
[2025-12-11T11:22:53.275Z] 📊 메모리 통계: {
  "timestamp": "2025-12-11T11:22:53.274Z",
  "heap": {
    "used": 24,
    "total": 27,
    "external": 20
  },
  "system": {
    "used": 48947,
    "total": 49152,
    "percent": "99.6"
  }
}
[2025-12-11T11:23:02.198Z] 🔍 인증된 사용자 - ID: 974640, 이메일: dev@playmate.com, 닉네임: 개발자
[2025-12-11T11:23:02.198Z] 📊 총 11개 안전한 매칭 데이터 반환
[2025-12-11T11:23:02.199Z] [0mGET /api/matchings?show_only_recruiting=true&show_only_following=false [32m200[0m 1.730 ms - 11719[0m
[2025-12-11T11:23:17.136Z] [0mGET /api/health [32m200[0m 0.769 ms - 240[0m
[2025-12-11T11:23:23.275Z] ⚠️ 높은 힙 메모리 사용량: 24MB / 27MB (90.4%)
[2025-12-11T11:23:23.276Z] 📊 메모리 통계: {
  "timestamp": "2025-12-11T11:23:23.275Z",
  "heap": {
    "used": 24,
    "total": 27,
    "external": 20
  },
  "system": {
    "used": 48505,
    "total": 49152,
    "percent": "98.7"
  }
}
[2025-12-11T11:23:47.134Z] [0mGET /api/health [32m200[0m 0.759 ms - 240[0m
[2025-12-11T11:23:53.216Z] 🧹 메모리 정리 작업 완료
[2025-12-11T11:23:53.278Z] ⚠️ 높은 힙 메모리 사용량: 24MB / 27MB (90.7%)
[2025-12-11T11:23:53.279Z] 📊 메모리 통계: {
  "timestamp": "2025-12-11T11:23:53.278Z",
  "heap": {
    "used": 24,
    "total": 27,
    "external": 20
  },
  "system": {
    "used": 48474,
    "total": 49152,
    "percent": "98.6"
  }
}
[2025-12-11T11:24:17.140Z] [0mGET /api/health [32m200[0m 0.828 ms - 240[0m
[2025-12-11T11:24:23.280Z] ⚠️ 높은 힙 메모리 사용량: 25MB / 27MB (91.0%)
[2025-12-11T11:24:23.280Z] 📊 메모리 통계: {
  "timestamp": "2025-12-11T11:24:23.280Z",
  "heap": {
    "used": 25,
    "total": 27,
    "external": 20
  },
  "system": {
    "used": 48396,
    "total": 49152,
    "percent": "98.5"
  }
}
[2025-12-11T11:24:47.137Z] [0mGET /api/health [32m200[0m 0.757 ms - 240[0m
[2025-12-11T11:24:53.219Z] 🧹 메모리 정리 작업 완료
[2025-12-11T11:24:53.282Z] ⚠️ 높은 힙 메모리 사용량: 25MB / 27MB (91.3%)
[2025-12-11T11:24:53.282Z] 📊 메모리 통계: {
  "timestamp": "2025-12-11T11:24:53.282Z",
  "heap": {
    "used": 25,
    "total": 27,
    "external": 20
  },
  "system": {
    "used": 48465,
    "total": 49152,
    "percent": "98.6"
  }
}
[2025-12-11T11:25:17.132Z] [0mGET /api/health [32m200[0m 0.725 ms - 240[0m
[2025-12-11T11:25:23.284Z] ⚠️ 높은 힙 메모리 사용량: 25MB / 27MB (91.5%)
[2025-12-11T11:25:23.285Z] 📊 메모리 통계: {
  "timestamp": "2025-12-11T11:25:23.284Z",
  "heap": {
    "used": 25,
    "total": 27,
    "external": 20
  },
  "system": {
    "used": 48553,
    "total": 49152,
    "percent": "98.8"
  }
}
[2025-12-11T11:25:47.132Z] [0mGET /api/health [32m200[0m 0.659 ms - 240[0m
[2025-12-11T11:25:53.222Z] 🧹 메모리 정리 작업 완료
[2025-12-11T11:25:53.285Z] ⚠️ 높은 힙 메모리 사용량: 25MB / 27MB (91.8%)
[2025-12-11T11:25:53.286Z] 📊 메모리 통계: {
  "timestamp": "2025-12-11T11:25:53.285Z",
  "heap": {
    "used": 25,
    "total": 27,
    "external": 20
  },
  "system": {
    "used": 48812,
    "total": 49152,
    "percent": "99.3"
  }
}
[2025-12-11T11:26:17.133Z] [0mGET /api/health [32m200[0m 0.534 ms - 240[0m
[2025-12-11T11:26:23.288Z] ⚠️ 높은 힙 메모리 사용량: 25MB / 27MB (92.1%)
[2025-12-11T11:26:23.289Z] 📊 메모리 통계: {
  "timestamp": "2025-12-11T11:26:23.288Z",
  "heap": {
    "used": 25,
    "total": 27,
    "external": 20
  },
  "system": {
    "used": 48809,
    "total": 49152,
    "percent": "99.3"
  }
}
[2025-12-11T11:26:47.140Z] [0mGET /api/health [32m200[0m 0.800 ms - 240[0m
[2025-12-11T11:26:53.223Z] 🧹 메모리 정리 작업 완료
[2025-12-11T11:26:53.291Z] ⚠️ 높은 힙 메모리 사용량: 24MB / 27MB (90.1%)
[2025-12-11T11:26:53.291Z] 📊 메모리 통계: {
  "timestamp": "2025-12-11T11:26:53.290Z",
  "heap": {
    "used": 24,
    "total": 27,
    "external": 20
  },
  "system": {
    "used": 48811,
    "total": 49152,
    "percent": "99.3"
  }
}
[2025-12-11T11:27:17.132Z] [0mGET /api/health [32m200[0m 0.601 ms - 240[0m
[2025-12-11T11:27:23.293Z] ⚠️ 높은 힙 메모리 사용량: 24MB / 27MB (90.4%)
[2025-12-11T11:27:23.294Z] 📊 메모리 통계: {
  "timestamp": "2025-12-11T11:27:23.293Z",
  "heap": {
    "used": 24,
    "total": 27,
    "external": 20
  },
  "system": {
    "used": 48862,
    "total": 49152,
    "percent": "99.4"
  }
}
[2025-12-11T11:27:47.142Z] [0mGET /api/health [32m200[0m 0.754 ms - 240[0m
[2025-12-11T11:27:47.570Z] 🔍 인증된 사용자 - ID: 974640, 이메일: dev@playmate.com, 닉네임: 개발자
[2025-12-11T11:27:47.572Z] [0mGET /api/auth/me [32m200[0m 2.410 ms - 483[0m
[2025-12-11T11:27:53.225Z] 🧹 메모리 정리 작업 완료
[2025-12-11T11:27:53.294Z] ⚠️ 높은 힙 메모리 사용량: 25MB / 27MB (91.0%)
[2025-12-11T11:27:53.295Z] 📊 메모리 통계: {
  "timestamp": "2025-12-11T11:27:53.294Z",
  "heap": {
    "used": 25,
    "total": 27,
    "external": 20
  },
  "system": {
    "used": 49010,
    "total": 49152,
    "percent": "99.7"
  }
}
[2025-12-11T11:28:02.201Z] 🔍 인증된 사용자 - ID: 974640, 이메일: dev@playmate.com, 닉네임: 개발자
[2025-12-11T11:28:02.202Z] 📊 총 11개 안전한 매칭 데이터 반환
[2025-12-11T11:28:02.203Z] [0mGET /api/matchings?show_only_recruiting=true&show_only_following=false [32m200[0m 2.107 ms - 11719[0m
[2025-12-11T11:28:17.138Z] [0mGET /api/health [32m200[0m 0.802 ms - 240[0m
[2025-12-11T11:28:23.297Z] ⚠️ 높은 힙 메모리 사용량: 25MB / 27MB (91.6%)
[2025-12-11T11:28:23.298Z] 📊 메모리 통계: {
  "timestamp": "2025-12-11T11:28:23.297Z",
  "heap": {
    "used": 25,
    "total": 27,
    "external": 20
  },
  "system": {
    "used": 48632,
    "total": 49152,
    "percent": "98.9"
  }
}
[2025-12-11T11:28:47.137Z] [0mGET /api/health [32m200[0m 0.890 ms - 240[0m
[2025-12-11T11:28:53.227Z] 🧹 메모리 정리 작업 완료
[2025-12-11T11:28:53.297Z] ⚠️ 높은 힙 메모리 사용량: 25MB / 27MB (91.9%)
[2025-12-11T11:28:53.298Z] 📊 메모리 통계: {
  "timestamp": "2025-12-11T11:28:53.297Z",
  "heap": {
    "used": 25,
    "total": 27,
    "external": 20
  },
  "system": {
    "used": 48434,
    "total": 49152,
    "percent": "98.5"
  }
}
[2025-12-11T11:29:17.142Z] [0mGET /api/health [32m200[0m 0.824 ms - 240[0m
[2025-12-11T11:29:23.298Z] ⚠️ 높은 힙 메모리 사용량: 25MB / 27MB (92.2%)
[2025-12-11T11:29:23.299Z] 📊 메모리 통계: {
  "timestamp": "2025-12-11T11:29:23.298Z",
  "heap": {
    "used": 25,
    "total": 27,
    "external": 20
  },
  "system": {
    "used": 48399,
    "total": 49152,
    "percent": "98.5"
  }
}
[2025-12-11T11:29:47.138Z] [0mGET /api/health [32m200[0m 0.817 ms - 240[0m
[2025-12-11T11:29:53.230Z] 🧹 메모리 정리 작업 완료
[2025-12-11T11:29:53.298Z] ⚠️ 높은 힙 메모리 사용량: 25MB / 27MB (92.5%)
[2025-12-11T11:29:53.299Z] 📊 메모리 통계: {
  "timestamp": "2025-12-11T11:29:53.298Z",
  "heap": {
    "used": 25,
    "total": 27,
    "external": 20
  },
  "system": {
    "used": 48401,
    "total": 49152,
    "percent": "98.5"
  }
}
[2025-12-11T11:30:17.139Z] [0mGET /api/health [32m200[0m 0.861 ms - 241[0m
[2025-12-11T11:30:23.299Z] ⚠️ 높은 힙 메모리 사용량: 24MB / 27MB (89.9%)
[2025-12-11T11:30:23.300Z] 📊 메모리 통계: {
  "timestamp": "2025-12-11T11:30:23.299Z",
  "heap": {
    "used": 24,
    "total": 27,
    "external": 20
  },
  "system": {
    "used": 48380,
    "total": 49152,
    "percent": "98.4"
  }
}
[2025-12-11T11:30:47.138Z] [0mGET /api/health [32m200[0m 0.850 ms - 241[0m
[2025-12-11T11:30:53.232Z] 🧹 메모리 정리 작업 완료
[2025-12-11T11:30:53.302Z] ⚠️ 높은 힙 메모리 사용량: 25MB / 27MB (90.2%)
[2025-12-11T11:30:53.303Z] 📊 메모리 통계: {
  "timestamp": "2025-12-11T11:30:53.302Z",
  "heap": {
    "used": 25,
    "total": 27,
    "external": 20
  },
  "system": {
    "used": 48925,
    "total": 49152,
    "percent": "99.5"
  }
}
[2025-12-11T11:31:17.138Z] [0mGET /api/health [32m200[0m 0.823 ms - 241[0m
[2025-12-11T11:31:23.304Z] ⚠️ 높은 힙 메모리 사용량: 25MB / 27MB (90.5%)
[2025-12-11T11:31:23.305Z] 📊 메모리 통계: {
  "timestamp": "2025-12-11T11:31:23.304Z",
  "heap": {
    "used": 25,
    "total": 27,
    "external": 20
  },
  "system": {
    "used": 49026,
    "total": 49152,
    "percent": "99.7"
  }
}
[2025-12-11T11:31:47.135Z] [0mGET /api/health [32m200[0m 0.588 ms - 241[0m
[2025-12-11T11:31:53.234Z] 🧹 메모리 정리 작업 완료
[2025-12-11T11:31:53.307Z] ⚠️ 높은 힙 메모리 사용량: 25MB / 27MB (90.8%)
[2025-12-11T11:31:53.308Z] 📊 메모리 통계: {
  "timestamp": "2025-12-11T11:31:53.306Z",
  "heap": {
    "used": 25,
    "total": 27,
    "external": 20
  },
  "system": {
    "used": 48920,
    "total": 49152,
    "percent": "99.5"
  }
}
[2025-12-11T11:32:17.138Z] [0mGET /api/health [32m200[0m 0.685 ms - 241[0m
[2025-12-11T11:32:23.309Z] ⚠️ 높은 힙 메모리 사용량: 25MB / 27MB (91.0%)
[2025-12-11T11:32:23.310Z] 📊 메모리 통계: {
  "timestamp": "2025-12-11T11:32:23.309Z",
  "heap": {
    "used": 25,
    "total": 27,
    "external": 20
  },
  "system": {
    "used": 48917,
    "total": 49152,
    "percent": "99.5"
  }
}
[2025-12-11T11:47:59.605Z] 🧹 메모리 정리 작업 완료
[2025-12-11T11:47:59.606Z] ⚠️ 높은 힙 메모리 사용량: 25MB / 27MB (91.1%)
📊 메모리 통계: {
  "timestamp": "2025-12-11T11:47:59.605Z",
  "heap": {
    "used": 25,
    "total": 27,
    "external": 20
  },
  "system": {
    "used": 48915,
    "total": 49152,
    "percent": "99.5"
  }
}
[2025-12-11T11:48:08.202Z] [0mGET /api/health [32m200[0m 0.784 ms - 241[0m
[2025-12-11T11:48:08.618Z] 🔍 인증된 사용자 - ID: 974640, 이메일: dev@playmate.com, 닉네임: 개발자
[2025-12-11T11:48:08.618Z] [0mGET /api/auth/me [32m200[0m 2.038 ms - 483[0m
[2025-12-11T11:48:23.242Z] 🔍 인증된 사용자 - ID: 974640, 이메일: dev@playmate.com, 닉네임: 개발자
[2025-12-11T11:48:23.243Z] 📊 총 11개 안전한 매칭 데이터 반환
[0mGET /api/matchings?show_only_recruiting=true&show_only_following=false [32m200[0m 2.321 ms - 11719[0m
[2025-12-11T11:48:29.588Z] ⚠️ 높은 힙 메모리 사용량: 25MB / 27MB (92.0%)
[2025-12-11T11:48:29.589Z] 📊 메모리 통계: {
  "timestamp": "2025-12-11T11:48:29.588Z",
  "heap": {
    "used": 25,
    "total": 27,
    "external": 20
  },
  "system": {
    "used": 48937,
    "total": 49152,
    "percent": "99.6"
  }
}
[2025-12-11T11:48:38.170Z] [0mGET /api/health [32m200[0m 0.625 ms - 241[0m
[2025-12-11T11:48:59.586Z] 🧹 메모리 정리 작업 완료
[2025-12-11T11:48:59.587Z] ⚠️ 높은 힙 메모리 사용량: 25MB / 27MB (92.3%)
📊 메모리 통계: {
  "timestamp": "2025-12-11T11:48:59.586Z",
  "heap": {
    "used": 25,
    "total": 27,
    "external": 20
  },
  "system": {
    "used": 48401,
    "total": 49152,
    "percent": "98.5"
  }
}
[2025-12-11T11:49:08.170Z] [0mGET /api/health [32m200[0m 0.771 ms - 241[0m
[2025-12-11T11:49:29.585Z] ⚠️ 높은 힙 메모리 사용량: 25MB / 27MB (90.4%)
[2025-12-11T11:49:29.586Z] 📊 메모리 통계: {
  "timestamp": "2025-12-11T11:49:29.585Z",
  "heap": {
    "used": 25,
    "total": 27,
    "external": 20
  },
  "system": {
    "used": 48324,
    "total": 49152,
    "percent": "98.3"
  }
}
[2025-12-11T11:49:38.170Z] [0mGET /api/health [32m200[0m 0.826 ms - 241[0m
[2025-12-11T11:49:59.584Z] 🧹 메모리 정리 작업 완료
[2025-12-11T11:49:59.586Z] ⚠️ 높은 힙 메모리 사용량: 25MB / 27MB (90.7%)
[2025-12-11T11:49:59.586Z] 📊 메모리 통계: {
  "timestamp": "2025-12-11T11:49:59.585Z",
  "heap": {
    "used": 25,
    "total": 27,
    "external": 20
  },
  "system": {
    "used": 48383,
    "total": 49152,
    "percent": "98.4"
  }
}
[2025-12-11T11:50:08.168Z] [0mGET /api/health [32m200[0m 0.742 ms - 241[0m
[2025-12-11T11:50:29.586Z] ⚠️ 높은 힙 메모리 사용량: 25MB / 27MB (91.0%)
[2025-12-11T11:50:29.587Z] 📊 메모리 통계: {
  "timestamp": "2025-12-11T11:50:29.586Z",
  "heap": {
    "used": 25,
    "total": 27,
    "external": 20
  },
  "system": {
    "used": 48259,
    "total": 49152,
    "percent": "98.2"
  }
}
[2025-12-11T11:50:38.168Z] [0mGET /api/health [32m200[0m 0.810 ms - 241[0m
[2025-12-11T11:50:59.586Z] 🧹 메모리 정리 작업 완료
[2025-12-11T11:50:59.587Z] ⚠️ 높은 힙 메모리 사용량: 25MB / 27MB (91.3%)
[2025-12-11T11:50:59.588Z] 📊 메모리 통계: {
  "timestamp": "2025-12-11T11:50:59.587Z",
  "heap": {
    "used": 25,
    "total": 27,
    "external": 20
  },
  "system": {
    "used": 48381,
    "total": 49152,
    "percent": "98.4"
  }
}
[2025-12-11T11:51:08.170Z] [0mGET /api/health [32m200[0m 0.731 ms - 241[0m
[2025-12-11T11:51:29.588Z] ⚠️ 높은 힙 메모리 사용량: 25MB / 27MB (91.5%)
[2025-12-11T11:51:29.588Z] 📊 메모리 통계: {
  "timestamp": "2025-12-11T11:51:29.588Z",
  "heap": {
    "used": 25,
    "total": 27,
    "external": 20
  },
  "system": {
    "used": 48871,
    "total": 49152,
    "percent": "99.4"
  }
}
[2025-12-11T11:51:38.166Z] [0mGET /api/health [32m200[0m 0.890 ms - 241[0m
[2025-12-11T11:51:59.586Z] 🧹 메모리 정리 작업 완료
[2025-12-11T11:51:59.588Z] ⚠️ 높은 힙 메모리 사용량: 25MB / 27MB (91.8%)
[2025-12-11T11:51:59.589Z] 📊 메모리 통계: {
  "timestamp": "2025-12-11T11:51:59.588Z",
  "heap": {
    "used": 25,
    "total": 27,
    "external": 20
  },
  "system": {
    "used": 48867,
    "total": 49152,
    "percent": "99.4"
  }
}
[2025-12-11T11:52:08.164Z] [0mGET /api/health [32m200[0m 0.692 ms - 241[0m
[2025-12-11T11:52:29.588Z] ⚠️ 높은 힙 메모리 사용량: 25MB / 27MB (92.1%)
[2025-12-11T11:52:29.589Z] 📊 메모리 통계: {
  "timestamp": "2025-12-11T11:52:29.588Z",
  "heap": {
    "used": 25,
    "total": 27,
    "external": 20
  },
  "system": {
    "used": 48871,
    "total": 49152,
    "percent": "99.4"
  }
}
[2025-12-11T11:52:38.167Z] [0mGET /api/health [32m200[0m 0.767 ms - 241[0m
[2025-12-11T11:52:59.587Z] 🧹 메모리 정리 작업 완료
[2025-12-11T11:52:59.588Z] ⚠️ 높은 힙 메모리 사용량: 25MB / 27MB (92.4%)
📊 메모리 통계: {
  "timestamp": "2025-12-11T11:52:59.587Z",
  "heap": {
    "used": 25,
    "total": 27,
    "external": 20
  },
  "system": {
    "used": 48871,
    "total": 49152,
    "percent": "99.4"
  }
}
[2025-12-11T11:53:08.164Z] [0mGET /api/health [32m200[0m 0.252 ms - 241[0m
[2025-12-11T11:53:08.601Z] 🔍 인증된 사용자 - ID: 974640, 이메일: dev@playmate.com, 닉네임: 개발자
[2025-12-11T11:53:08.602Z] [0mGET /api/auth/me [32m200[0m 2.498 ms - 483[0m
[2025-12-11T11:53:23.225Z] 🔍 인증된 사용자 - ID: 974640, 이메일: dev@playmate.com, 닉네임: 개발자
[2025-12-11T11:53:23.226Z] 📊 총 11개 안전한 매칭 데이터 반환
[0mGET /api/matchings?show_only_recruiting=true&show_only_following=false [32m200[0m 2.141 ms - 11719[0m
[2025-12-11T11:53:29.590Z] ⚠️ 높은 힙 메모리 사용량: 25MB / 28MB (87.3%)
[2025-12-11T11:53:29.591Z] 📊 메모리 통계: {
  "timestamp": "2025-12-11T11:53:29.590Z",
  "heap": {
    "used": 25,
    "total": 28,
    "external": 20
  },
  "system": {
    "used": 48975,
    "total": 49152,
    "percent": "99.6"
  }
}
[2025-12-11T11:53:38.167Z] [0mGET /api/health [32m200[0m 0.804 ms - 241[0m
[2025-12-11T11:53:59.587Z] 🧹 메모리 정리 작업 완료
[2025-12-11T11:53:59.590Z] ⚠️ 높은 힙 메모리 사용량: 25MB / 28MB (87.5%)
[2025-12-11T11:53:59.591Z] 📊 메모리 통계: {
  "timestamp": "2025-12-11T11:53:59.590Z",
  "heap": {
    "used": 25,
    "total": 28,
    "external": 20
  },
  "system": {
    "used": 48497,
    "total": 49152,
    "percent": "98.7"
  }
}
[2025-12-11T11:54:08.160Z] [0mGET /api/health [32m200[0m 0.336 ms - 241[0m
[2025-12-11T11:54:29.592Z] ⚠️ 높은 힙 메모리 사용량: 25MB / 28MB (87.8%)
[2025-12-11T11:54:29.593Z] 📊 메모리 통계: {
  "timestamp": "2025-12-11T11:54:29.592Z",
  "heap": {
    "used": 25,
    "total": 28,
    "external": 20
  },
  "system": {
    "used": 48515,
    "total": 49152,
    "percent": "98.7"
  }
}
[2025-12-11T11:54:38.164Z] [0mGET /api/health [32m200[0m 0.899 ms - 241[0m
[2025-12-11T11:54:59.589Z] 🧹 메모리 정리 작업 완료
[2025-12-11T11:54:59.592Z] ⚠️ 높은 힙 메모리 사용량: 25MB / 28MB (88.1%)
[2025-12-11T11:54:59.593Z] 📊 메모리 통계: {
  "timestamp": "2025-12-11T11:54:59.592Z",
  "heap": {
    "used": 25,
    "total": 28,
    "external": 20
  },
  "system": {
    "used": 48333,
    "total": 49152,
    "percent": "98.3"
  }
}
[2025-12-11T11:55:08.163Z] [0mGET /api/health [32m200[0m 0.532 ms - 241[0m
[2025-12-11T11:55:29.593Z] ⚠️ 높은 힙 메모리 사용량: 25MB / 28MB (88.3%)
[2025-12-11T11:55:29.593Z] 📊 메모리 통계: {
  "timestamp": "2025-12-11T11:55:29.592Z",
  "heap": {
    "used": 25,
    "total": 28,
    "external": 20
  },
  "system": {
    "used": 48532,
    "total": 49152,
    "percent": "98.7"
  }
}
[2025-12-11T11:55:38.162Z] [0mGET /api/health [32m200[0m 0.758 ms - 241[0m
[2025-12-11T11:55:59.589Z] 🧹 메모리 정리 작업 완료
[2025-12-11T11:55:59.592Z] ⚠️ 높은 힙 메모리 사용량: 25MB / 28MB (88.6%)
[2025-12-11T11:55:59.593Z] 📊 메모리 통계: {
  "timestamp": "2025-12-11T11:55:59.592Z",
  "heap": {
    "used": 25,
    "total": 28,
    "external": 20
  },
  "system": {
    "used": 48631,
    "total": 49152,
    "percent": "98.9"
  }
}
[2025-12-11T11:56:08.161Z] [0mGET /api/health [32m200[0m 0.319 ms - 241[0m
[2025-12-11T11:56:29.594Z] ⚠️ 높은 힙 메모리 사용량: 25MB / 28MB (88.9%)
[2025-12-11T11:56:29.596Z] 📊 메모리 통계: {
  "timestamp": "2025-12-11T11:56:29.594Z",
  "heap": {
    "used": 25,
    "total": 28,
    "external": 20
  },
  "system": {
    "used": 49088,
    "total": 49152,
    "percent": "99.9"
  }
}
[2025-12-11T11:56:38.160Z] [0mGET /api/health [32m200[0m 0.681 ms - 241[0m
[2025-12-11T11:56:59.591Z] 🧹 메모리 정리 작업 완료
[2025-12-11T11:56:59.594Z] ⚠️ 높은 힙 메모리 사용량: 25MB / 28MB (89.2%)
[2025-12-11T11:56:59.595Z] 📊 메모리 통계: {
  "timestamp": "2025-12-11T11:56:59.594Z",
  "heap": {
    "used": 25,
    "total": 28,
    "external": 20
  },
  "system": {
    "used": 48943,
    "total": 49152,
    "percent": "99.6"
  }
}
[2025-12-11T11:57:08.160Z] [0mGET /api/health [32m200[0m 0.372 ms - 241[0m
[2025-12-11T11:57:29.595Z] ⚠️ 높은 힙 메모리 사용량: 25MB / 28MB (89.8%)
[2025-12-11T11:57:29.596Z] 📊 메모리 통계: {
  "timestamp": "2025-12-11T11:57:29.595Z",
  "heap": {
    "used": 25,
    "total": 28,
    "external": 20
  },
  "system": {
    "used": 48939,
    "total": 49152,
    "percent": "99.6"
  }
}
[2025-12-11T11:57:38.162Z] [0mGET /api/health [32m200[0m 0.559 ms - 241[0m
[2025-12-11T11:57:59.593Z] 🧹 메모리 정리 작업 완료
[2025-12-11T11:57:59.595Z] ⚠️ 높은 힙 메모리 사용량: 25MB / 28MB (90.1%)
[2025-12-11T11:57:59.595Z] 📊 메모리 통계: {
  "timestamp": "2025-12-11T11:57:59.595Z",
  "heap": {
    "used": 25,
    "total": 28,
    "external": 20
  },
  "system": {
    "used": 48883,
    "total": 49152,
    "percent": "99.5"
  }
}
[2025-12-11T11:58:08.159Z] [0mGET /api/health [32m200[0m 0.702 ms - 241[0m
[2025-12-11T11:58:08.605Z] 🔍 인증된 사용자 - ID: 974640, 이메일: dev@playmate.com, 닉네임: 개발자
[2025-12-11T11:58:08.606Z] [0mGET /api/auth/me [32m200[0m 2.048 ms - 483[0m
[2025-12-11T11:58:23.222Z] 🔍 인증된 사용자 - ID: 974640, 이메일: dev@playmate.com, 닉네임: 개발자
[2025-12-11T11:58:23.223Z] 📊 총 11개 안전한 매칭 데이터 반환
[0mGET /api/matchings?show_only_recruiting=true&show_only_following=false [32m200[0m 2.107 ms - 11719[0m
[2025-12-11T11:58:29.595Z] ⚠️ 높은 힙 메모리 사용량: 25MB / 28MB (91.0%)
[2025-12-11T11:58:29.596Z] 📊 메모리 통계: {
  "timestamp": "2025-12-11T11:58:29.595Z",
  "heap": {
    "used": 25,
    "total": 28,
    "external": 20
  },
  "system": {
    "used": 48976,
    "total": 49152,
    "percent": "99.6"
  }
}
[2025-12-11T11:58:38.158Z] [0mGET /api/health [32m200[0m 0.694 ms - 241[0m
[2025-12-11T11:58:59.593Z] 🧹 메모리 정리 작업 완료
[2025-12-11T11:58:59.595Z] ⚠️ 높은 힙 메모리 사용량: 25MB / 28MB (91.3%)
📊 메모리 통계: {
  "timestamp": "2025-12-11T11:58:59.594Z",
  "heap": {
    "used": 25,
    "total": 28,
    "external": 20
  },
  "system": {
    "used": 48401,
    "total": 49152,
    "percent": "98.5"
  }
}
[2025-12-11T11:59:08.164Z] [0mGET /api/health [32m200[0m 0.352 ms - 241[0m
[2025-12-11T11:59:29.597Z] ⚠️ 높은 힙 메모리 사용량: 25MB / 28MB (91.6%)
[2025-12-11T11:59:29.598Z] 📊 메모리 통계: {
  "timestamp": "2025-12-11T11:59:29.597Z",
  "heap": {
    "used": 25,
    "total": 28,
    "external": 20
  },
  "system": {
    "used": 48411,
    "total": 49152,
    "percent": "98.5"
  }
}
[2025-12-11T11:59:38.164Z] [0mGET /api/health [32m200[0m 0.819 ms - 241[0m
[2025-12-11T11:59:59.594Z] 🧹 메모리 정리 작업 완료
[2025-12-11T11:59:59.596Z] ⚠️ 높은 힙 메모리 사용량: 25MB / 28MB (91.9%)
[2025-12-11T11:59:59.597Z] 📊 메모리 통계: {
  "timestamp": "2025-12-11T11:59:59.596Z",
  "heap": {
    "used": 25,
    "total": 28,
    "external": 20
  },
  "system": {
    "used": 48394,
    "total": 49152,
    "percent": "98.5"
  }
}
[2025-12-11T12:00:08.160Z] [0mGET /api/health [32m200[0m 0.337 ms - 241[0m
[2025-12-11T12:00:29.598Z] ⚠️ 높은 힙 메모리 사용량: 26MB / 28MB (92.1%)
[2025-12-11T12:00:29.598Z] 📊 메모리 통계: {
  "timestamp": "2025-12-11T12:00:29.598Z",
  "heap": {
    "used": 26,
    "total": 28,
    "external": 20
  },
  "system": {
    "used": 48477,
    "total": 49152,
    "percent": "98.6"
  }
}
[2025-12-11T12:00:38.161Z] [0mGET /api/health [32m200[0m 0.749 ms - 241[0m
[2025-12-11T12:00:59.596Z] 🧹 메모리 정리 작업 완료
[2025-12-11T12:00:59.598Z] ⚠️ 높은 힙 메모리 사용량: 25MB / 28MB (90.3%)
[2025-12-11T12:00:59.598Z] 📊 메모리 통계: {
  "timestamp": "2025-12-11T12:00:59.598Z",
  "heap": {
    "used": 25,
    "total": 28,
    "external": 20
  },
  "system": {
    "used": 48349,
    "total": 49152,
    "percent": "98.4"
  }
}
[2025-12-11T12:01:08.158Z] [0mGET /api/health [32m200[0m 0.313 ms - 241[0m
[2025-12-11T12:01:29.598Z] ⚠️ 높은 힙 메모리 사용량: 25MB / 28MB (90.6%)
[2025-12-11T12:01:29.599Z] 📊 메모리 통계: {
  "timestamp": "2025-12-11T12:01:29.597Z",
  "heap": {
    "used": 25,
    "total": 28,
    "external": 20
  },
  "system": {
    "used": 48669,
    "total": 49152,
    "percent": "99.0"
  }
}
[2025-12-11T12:01:38.161Z] [0mGET /api/health [32m200[0m 0.841 ms - 241[0m
[2025-12-11T12:01:59.598Z] 🧹 메모리 정리 작업 완료
[2025-12-11T12:01:59.599Z] ⚠️ 높은 힙 메모리 사용량: 25MB / 28MB (90.9%)
📊 메모리 통계: {
  "timestamp": "2025-12-11T12:01:59.598Z",
  "heap": {
    "used": 25,
    "total": 28,
    "external": 20
  },
  "system": {
    "used": 48864,
    "total": 49152,
    "percent": "99.4"
  }
}
[2025-12-11T12:02:08.157Z] [0mGET /api/health [32m200[0m 0.216 ms - 241[0m
[2025-12-11T12:02:29.601Z] ⚠️ 높은 힙 메모리 사용량: 25MB / 28MB (91.2%)
[2025-12-11T12:02:29.602Z] 📊 메모리 통계: {
  "timestamp": "2025-12-11T12:02:29.601Z",
  "heap": {
    "used": 25,
    "total": 28,
    "external": 20
  },
  "system": {
    "used": 48942,
    "total": 49152,
    "percent": "99.6"
  }
}
[2025-12-11T12:02:38.158Z] [0mGET /api/health [32m200[0m 0.788 ms - 241[0m
[2025-12-11T12:02:59.600Z] 🧹 메모리 정리 작업 완료
[2025-12-11T12:02:59.601Z] ⚠️ 높은 힙 메모리 사용량: 25MB / 28MB (91.5%)
[2025-12-11T12:02:59.602Z] 📊 메모리 통계: {
  "timestamp": "2025-12-11T12:02:59.601Z",
  "heap": {
    "used": 25,
    "total": 28,
    "external": 20
  },
  "system": {
    "used": 48858,
    "total": 49152,
    "percent": "99.4"
  }
}
[2025-12-11T12:03:08.157Z] [0mGET /api/health [32m200[0m 0.577 ms - 241[0m
[2025-12-11T12:03:08.592Z] 🔍 인증된 사용자 - ID: 974640, 이메일: dev@playmate.com, 닉네임: 개발자
[2025-12-11T12:03:08.593Z] [0mGET /api/auth/me [32m200[0m 2.185 ms - 483[0m
[2025-12-11T12:03:23.214Z] 🔍 인증된 사용자 - ID: 974640, 이메일: dev@playmate.com, 닉네임: 개발자
[2025-12-11T12:03:23.215Z] 📊 총 11개 안전한 매칭 데이터 반환
[0mGET /api/matchings?show_only_recruiting=true&show_only_following=false [32m200[0m 1.872 ms - 11719[0m
[2025-12-11T12:03:29.603Z] ⚠️ 높은 힙 메모리 사용량: 26MB / 28MB (92.4%)
[2025-12-11T12:03:29.604Z] 📊 메모리 통계: {
  "timestamp": "2025-12-11T12:03:29.603Z",
  "heap": {
    "used": 26,
    "total": 28,
    "external": 20
  },
  "system": {
    "used": 49016,
    "total": 49152,
    "percent": "99.7"
  }
}
[2025-12-11T12:03:38.158Z] [0mGET /api/health [32m200[0m 0.771 ms - 241[0m
[2025-12-11T12:03:59.601Z] 🧹 메모리 정리 작업 완료
[2025-12-11T12:03:59.602Z] ⚠️ 높은 힙 메모리 사용량: 26MB / 28MB (92.6%)
[2025-12-11T12:03:59.603Z] 📊 메모리 통계: {
  "timestamp": "2025-12-11T12:03:59.602Z",
  "heap": {
    "used": 26,
    "total": 28,
    "external": 20
  },
  "system": {
    "used": 49026,
    "total": 49152,
    "percent": "99.7"
  }
}
[2025-12-11T12:04:08.163Z] [0mGET /api/health [32m200[0m 0.241 ms - 241[0m
[2025-12-11T12:04:29.603Z] ⚠️ 높은 힙 메모리 사용량: 25MB / 28MB (89.3%)
[2025-12-11T12:04:29.604Z] 📊 메모리 통계: {
  "timestamp": "2025-12-11T12:04:29.603Z",
  "heap": {
    "used": 25,
    "total": 28,
    "external": 20
  },
  "system": {
    "used": 48488,
    "total": 49152,
    "percent": "98.6"
  }
}
[2025-12-11T12:04:38.161Z] [0mGET /api/health [32m200[0m 0.785 ms - 241[0m
[2025-12-11T12:04:59.602Z] 🧹 메모리 정리 작업 완료
[2025-12-11T12:04:59.603Z] ⚠️ 높은 힙 메모리 사용량: 25MB / 28MB (89.5%)
[2025-12-11T12:04:59.604Z] 📊 메모리 통계: {
  "timestamp": "2025-12-11T12:04:59.603Z",
  "heap": {
    "used": 25,
    "total": 28,
    "external": 20
  },
  "system": {
    "used": 48536,
    "total": 49152,
    "percent": "98.7"
  }
}
[2025-12-11T12:05:08.164Z] [0mGET /api/health [32m200[0m 0.232 ms - 241[0m
[2025-12-11T12:05:29.606Z] ⚠️ 높은 힙 메모리 사용량: 25MB / 28MB (89.9%)
[2025-12-11T12:05:29.606Z] 📊 메모리 통계: {
  "timestamp": "2025-12-11T12:05:29.605Z",
  "heap": {
    "used": 25,
    "total": 28,
    "external": 20
  },
  "system": {
    "used": 48517,
    "total": 49152,
    "percent": "98.7"
  }
}
[2025-12-11T12:05:38.160Z] [0mGET /api/health [32m200[0m 0.488 ms - 241[0m
[2025-12-11T12:05:59.603Z] 🧹 메모리 정리 작업 완료
[2025-12-11T12:05:59.605Z] ⚠️ 높은 힙 메모리 사용량: 25MB / 28MB (90.2%)
[2025-12-11T12:05:59.606Z] 📊 메모리 통계: {
  "timestamp": "2025-12-11T12:05:59.605Z",
  "heap": {
    "used": 25,
    "total": 28,
    "external": 20
  },
  "system": {
    "used": 48466,
    "total": 49152,
    "percent": "98.6"
  }
}
[2025-12-11T12:06:08.165Z] [0mGET /api/health [32m200[0m 0.788 ms - 241[0m
[2025-12-11T12:06:29.608Z] ⚠️ 높은 힙 메모리 사용량: 26MB / 28MB (90.4%)
[2025-12-11T12:06:29.608Z] 📊 메모리 통계: {
  "timestamp": "2025-12-11T12:06:29.607Z",
  "heap": {
    "used": 26,
    "total": 28,
    "external": 20
  },
  "system": {
    "used": 48479,
    "total": 49152,
    "percent": "98.6"
  }
}
[2025-12-11T12:06:38.159Z] [0mGET /api/health [32m200[0m 0.784 ms - 241[0m
[2025-12-11T12:06:59.605Z] 🧹 메모리 정리 작업 완료
[2025-12-11T12:06:59.607Z] ⚠️ 높은 힙 메모리 사용량: 26MB / 28MB (90.7%)
[2025-12-11T12:06:59.608Z] 📊 메모리 통계: {
  "timestamp": "2025-12-11T12:06:59.607Z",
  "heap": {
    "used": 26,
    "total": 28,
    "external": 20
  },
  "system": {
    "used": 48953,
    "total": 49152,
    "percent": "99.6"
  }
}
[2025-12-11T12:07:08.157Z] [0mGET /api/health [32m200[0m 0.742 ms - 241[0m
[2025-12-11T12:07:29.607Z] ⚠️ 높은 힙 메모리 사용량: 26MB / 28MB (91.0%)
[2025-12-11T12:07:29.608Z] 📊 메모리 통계: {
  "timestamp": "2025-12-11T12:07:29.607Z",
  "heap": {
    "used": 26,
    "total": 28,
    "external": 20
  },
  "system": {
    "used": 48936,
    "total": 49152,
    "percent": "99.6"
  }
}
[2025-12-11T12:07:38.158Z] [0mGET /api/health [32m200[0m 0.796 ms - 241[0m
[2025-12-11T12:07:59.605Z] 🧹 메모리 정리 작업 완료
[2025-12-11T12:07:59.607Z] ⚠️ 높은 힙 메모리 사용량: 26MB / 28MB (91.3%)
[2025-12-11T12:07:59.607Z] 📊 메모리 통계: {
  "timestamp": "2025-12-11T12:07:59.607Z",
  "heap": {
    "used": 26,
    "total": 28,
    "external": 20
  },
  "system": {
    "used": 48881,
    "total": 49152,
    "percent": "99.4"
  }
}
[2025-12-11T12:08:08.155Z] [0mGET /api/health [32m200[0m 0.806 ms - 241[0m
[2025-12-11T12:08:08.591Z] 🔍 인증된 사용자 - ID: 974640, 이메일: dev@playmate.com, 닉네임: 개발자
[2025-12-11T12:08:08.592Z] [0mGET /api/auth/me [32m200[0m 2.055 ms - 483[0m
[2025-12-11T12:08:23.214Z] 🔍 인증된 사용자 - ID: 974640, 이메일: dev@playmate.com, 닉네임: 개발자
[2025-12-11T12:08:23.215Z] 📊 총 11개 안전한 매칭 데이터 반환
[0mGET /api/matchings?show_only_recruiting=true&show_only_following=false [32m200[0m 2.325 ms - 11719[0m
[2025-12-11T12:08:29.608Z] ⚠️ 높은 힙 메모리 사용량: 25MB / 28MB (90.2%)
[2025-12-11T12:08:29.609Z] 📊 메모리 통계: {
  "timestamp": "2025-12-11T12:08:29.608Z",
  "heap": {
    "used": 25,
    "total": 28,
    "external": 20
  },
  "system": {
    "used": 48968,
    "total": 49152,
    "percent": "99.6"
  }
}
[2025-12-11T12:08:38.153Z] [0mGET /api/health [32m200[0m 0.472 ms - 241[0m
[2025-12-11T12:08:59.607Z] 🧹 메모리 정리 작업 완료
[2025-12-11T12:08:59.608Z] ⚠️ 높은 힙 메모리 사용량: 26MB / 28MB (90.5%)
📊 메모리 통계: {
  "timestamp": "2025-12-11T12:08:59.607Z",
  "heap": {
    "used": 26,
    "total": 28,
    "external": 20
  },
  "system": {
    "used": 48949,
    "total": 49152,
    "percent": "99.6"
  }
}
[2025-12-11T12:09:08.154Z] [0mGET /api/health [32m200[0m 0.877 ms - 241[0m
[2025-12-11T12:09:29.609Z] ⚠️ 높은 힙 메모리 사용량: 26MB / 28MB (90.8%)
[2025-12-11T12:09:29.610Z] 📊 메모리 통계: {
  "timestamp": "2025-12-11T12:09:29.609Z",
  "heap": {
    "used": 26,
    "total": 28,
    "external": 20
  },
  "system": {
    "used": 48614,
    "total": 49152,
    "percent": "98.9"
  }
}
[2025-12-11T12:09:38.157Z] [0mGET /api/health [32m200[0m 0.783 ms - 241[0m
[2025-12-11T12:09:59.609Z] 🧹 메모리 정리 작업 완료
[2025-12-11T12:09:59.610Z] ⚠️ 높은 힙 메모리 사용량: 26MB / 28MB (91.0%)
📊 메모리 통계: {
  "timestamp": "2025-12-11T12:09:59.609Z",
  "heap": {
    "used": 26,
    "total": 28,
    "external": 20
  },
  "system": {
    "used": 48489,
    "total": 49152,
    "percent": "98.7"
  }
}
[2025-12-11T12:10:08.164Z] [0mGET /api/health [32m200[0m 0.791 ms - 241[0m
[2025-12-11T12:10:29.611Z] ⚠️ 높은 힙 메모리 사용량: 26MB / 28MB (91.3%)
[2025-12-11T12:10:29.612Z] 📊 메모리 통계: {
  "timestamp": "2025-12-11T12:10:29.611Z",
  "heap": {
    "used": 26,
    "total": 28,
    "external": 20
  },
  "system": {
    "used": 48492,
    "total": 49152,
    "percent": "98.7"
  }
}
[2025-12-11T12:10:38.152Z] [0mGET /api/health [32m200[0m 0.725 ms - 241[0m
[2025-12-11T12:10:59.610Z] 🧹 메모리 정리 작업 완료
[2025-12-11T12:10:59.611Z] ⚠️ 높은 힙 메모리 사용량: 26MB / 28MB (91.6%)
📊 메모리 통계: {
  "timestamp": "2025-12-11T12:10:59.610Z",
  "heap": {
    "used": 26,
    "total": 28,
    "external": 20
  },
  "system": {
    "used": 48467,
    "total": 49152,
    "percent": "98.6"
  }
}
[2025-12-11T12:11:08.153Z] [0mGET /api/health [32m200[0m 0.811 ms - 241[0m
[2025-12-11T12:11:29.612Z] ⚠️ 높은 힙 메모리 사용량: 26MB / 28MB (91.9%)
[2025-12-11T12:11:29.613Z] 📊 메모리 통계: {
  "timestamp": "2025-12-11T12:11:29.612Z",
  "heap": {
    "used": 26,
    "total": 28,
    "external": 20
  },
  "system": {
    "used": 48515,
    "total": 49152,
    "percent": "98.7"
  }
}
[2025-12-11T12:11:38.156Z] [0mGET /api/health [32m200[0m 0.800 ms - 241[0m
[2025-12-11T12:11:59.612Z] 🧹 메모리 정리 작업 완료
[2025-12-11T12:11:59.613Z] ⚠️ 높은 힙 메모리 사용량: 26MB / 28MB (92.2%)
📊 메모리 통계: {
  "timestamp": "2025-12-11T12:11:59.612Z",
  "heap": {
    "used": 26,
    "total": 28,
    "external": 20
  },
  "system": {
    "used": 49004,
    "total": 49152,
    "percent": "99.7"
  }
}
[2025-12-11T12:12:08.163Z] [0mGET /api/health [32m200[0m 0.763 ms - 241[0m
[2025-12-11T12:12:29.615Z] ⚠️ 높은 힙 메모리 사용량: 26MB / 29MB (87.3%)
[2025-12-11T12:12:29.617Z] 📊 메모리 통계: {
  "timestamp": "2025-12-11T12:12:29.614Z",
  "heap": {
    "used": 26,
    "total": 29,
    "external": 20
  },
  "system": {
    "used": 48964,
    "total": 49152,
    "percent": "99.6"
  }
}
[2025-12-11T12:12:38.154Z] [0mGET /api/health [32m200[0m 0.767 ms - 241[0m
[2025-12-11T12:12:59.613Z] 🧹 메모리 정리 작업 완료
[2025-12-11T12:12:59.615Z] ⚠️ 높은 힙 메모리 사용량: 26MB / 29MB (87.6%)
[2025-12-11T12:12:59.616Z] 📊 메모리 통계: {
  "timestamp": "2025-12-11T12:12:59.615Z",
  "heap": {
    "used": 26,
    "total": 29,
    "external": 20
  },
  "system": {
    "used": 48842,
    "total": 49152,
    "percent": "99.4"
  }
}
[2025-12-11T12:13:08.153Z] [0mGET /api/health [32m200[0m 0.830 ms - 241[0m
[2025-12-11T12:13:08.589Z] 🔍 인증된 사용자 - ID: 974640, 이메일: dev@playmate.com, 닉네임: 개발자
[2025-12-11T12:13:08.590Z] [0mGET /api/auth/me [32m200[0m 2.282 ms - 483[0m
[2025-12-11T12:13:23.240Z] 🔍 인증된 사용자 - ID: 974640, 이메일: dev@playmate.com, 닉네임: 개발자
[2025-12-11T12:13:23.240Z] 📊 총 11개 안전한 매칭 데이터 반환
[2025-12-11T12:13:23.241Z] [0mGET /api/matchings?show_only_recruiting=true&show_only_following=false [32m200[0m 2.338 ms - 11719[0m
[2025-12-11T12:13:29.617Z] ⚠️ 높은 힙 메모리 사용량: 26MB / 29MB (88.4%)
[2025-12-11T12:13:29.619Z] 📊 메모리 통계: {
  "timestamp": "2025-12-11T12:13:29.616Z",
  "heap": {
    "used": 26,
    "total": 29,
    "external": 20
  },
  "system": {
    "used": 48920,
    "total": 49152,
    "percent": "99.5"
  }
}
[2025-12-11T12:13:38.151Z] [0mGET /api/health [32m200[0m 0.478 ms - 241[0m
[2025-12-11T12:13:59.615Z] 🧹 메모리 정리 작업 완료
[2025-12-11T12:13:59.616Z] ⚠️ 높은 힙 메모리 사용량: 26MB / 29MB (88.7%)
[2025-12-11T12:13:59.617Z] 📊 메모리 통계: {
  "timestamp": "2025-12-11T12:13:59.616Z",
  "heap": {
    "used": 26,
    "total": 29,
    "external": 20
  },
  "system": {
    "used": 48977,
    "total": 49152,
    "percent": "99.6"
  }
}
[2025-12-11T12:14:08.151Z] [0mGET /api/health [32m200[0m 0.815 ms - 241[0m
[2025-12-11T12:14:29.618Z] ⚠️ 높은 힙 메모리 사용량: 26MB / 29MB (89.0%)
[2025-12-11T12:14:29.620Z] 📊 메모리 통계: {
  "timestamp": "2025-12-11T12:14:29.618Z",
  "heap": {
    "used": 26,
    "total": 29,
    "external": 20
  },
  "system": {
    "used": 48546,
    "total": 49152,
    "percent": "98.8"
  }
}
[2025-12-11T12:14:38.150Z] [0mGET /api/health [32m200[0m 0.871 ms - 241[0m
[2025-12-11T12:14:59.616Z] 🧹 메모리 정리 작업 완료
[2025-12-11T12:14:59.617Z] ⚠️ 높은 힙 메모리 사용량: 26MB / 29MB (89.2%)
[2025-12-11T12:14:59.617Z] 📊 메모리 통계: {
  "timestamp": "2025-12-11T12:14:59.617Z",
  "heap": {
    "used": 26,
    "total": 29,
    "external": 20
  },
  "system": {
    "used": 48560,
    "total": 49152,
    "percent": "98.8"
  }
}
[2025-12-11T12:15:08.153Z] [0mGET /api/health [32m200[0m 0.794 ms - 241[0m
[2025-12-11T12:15:29.620Z] ⚠️ 높은 힙 메모리 사용량: 26MB / 29MB (89.5%)
[2025-12-11T12:15:29.621Z] 📊 메모리 통계: {
  "timestamp": "2025-12-11T12:15:29.620Z",
  "heap": {
    "used": 26,
    "total": 29,
    "external": 20
  },
  "system": {
    "used": 48559,
    "total": 49152,
    "percent": "98.8"
  }
}
[2025-12-11T12:15:38.151Z] [0mGET /api/health [32m200[0m 0.565 ms - 241[0m
[2025-12-11T12:15:59.617Z] 🧹 메모리 정리 작업 완료
[2025-12-11T12:15:59.619Z] ⚠️ 높은 힙 메모리 사용량: 26MB / 28MB (90.1%)
[2025-12-11T12:15:59.619Z] 📊 메모리 통계: {
  "timestamp": "2025-12-11T12:15:59.619Z",
  "heap": {
    "used": 26,
    "total": 28,
    "external": 20
  },
  "system": {
    "used": 48399,
    "total": 49152,
    "percent": "98.5"
  }
}
[2025-12-11T12:16:08.148Z] [0mGET /api/health [32m200[0m 0.639 ms - 241[0m
[2025-12-11T12:16:29.620Z] ⚠️ 높은 힙 메모리 사용량: 26MB / 28MB (90.4%)
[2025-12-11T12:16:29.621Z] 📊 메모리 통계: {
  "timestamp": "2025-12-11T12:16:29.620Z",
  "heap": {
    "used": 26,
    "total": 28,
    "external": 20
  },
  "system": {
    "used": 48501,
    "total": 49152,
    "percent": "98.7"
  }
}
[2025-12-11T12:16:38.152Z] [0mGET /api/health [32m200[0m 0.778 ms - 241[0m
[2025-12-11T12:16:59.619Z] 🧹 메모리 정리 작업 완료
[2025-12-11T12:16:59.620Z] ⚠️ 높은 힙 메모리 사용량: 26MB / 28MB (90.7%)
📊 메모리 통계: {
  "timestamp": "2025-12-11T12:16:59.619Z",
  "heap": {
    "used": 26,
    "total": 28,
    "external": 20
  },
  "system": {
    "used": 48856,
    "total": 49152,
    "percent": "99.4"
  }
}
[2025-12-11T12:17:08.153Z] [0mGET /api/health [32m200[0m 0.743 ms - 241[0m
[2025-12-11T12:17:29.622Z] ⚠️ 높은 힙 메모리 사용량: 26MB / 28MB (90.9%)
[2025-12-11T12:17:29.623Z] 📊 메모리 통계: {
  "timestamp": "2025-12-11T12:17:29.622Z",
  "heap": {
    "used": 26,
    "total": 28,
    "external": 20
  },
  "system": {
    "used": 48990,
    "total": 49152,
    "percent": "99.7"
  }
}
[2025-12-11T12:17:38.155Z] [0mGET /api/health [32m200[0m 0.821 ms - 241[0m
[2025-12-11T12:17:59.620Z] 🧹 메모리 정리 작업 완료
[2025-12-11T12:17:59.622Z] ⚠️ 높은 힙 메모리 사용량: 26MB / 28MB (91.2%)
📊 메모리 통계: {
  "timestamp": "2025-12-11T12:17:59.621Z",
  "heap": {
    "used": 26,
    "total": 28,
    "external": 20
  },
  "system": {
    "used": 49002,
    "total": 49152,
    "percent": "99.7"
  }
}
[2025-12-11T12:18:08.156Z] [0mGET /api/health [32m200[0m 0.789 ms - 241[0m
[2025-12-11T12:18:08.582Z] 🔍 인증된 사용자 - ID: 974640, 이메일: dev@playmate.com, 닉네임: 개발자
[2025-12-11T12:18:08.583Z] [0mGET /api/auth/me [32m200[0m 1.889 ms - 483[0m
[2025-12-11T12:18:23.211Z] 🔍 인증된 사용자 - ID: 974640, 이메일: dev@playmate.com, 닉네임: 개발자
[2025-12-11T12:18:23.212Z] 📊 총 11개 안전한 매칭 데이터 반환
[0mGET /api/matchings?show_only_recruiting=true&show_only_following=false [32m200[0m 2.083 ms - 11719[0m
[2025-12-11T12:18:29.623Z] ⚠️ 높은 힙 메모리 사용량: 26MB / 28MB (92.1%)
[2025-12-11T12:18:29.625Z] 📊 메모리 통계: {
  "timestamp": "2025-12-11T12:18:29.623Z",
  "heap": {
    "used": 26,
    "total": 28,
    "external": 20
  },
  "system": {
    "used": 48689,
    "total": 49152,
    "percent": "99.1"
  }
}
[2025-12-11T12:18:38.151Z] [0mGET /api/health [32m200[0m 0.851 ms - 241[0m
[2025-12-11T12:18:59.622Z] 🧹 메모리 정리 작업 완료
[2025-12-11T12:18:59.622Z] ⚠️ 높은 힙 메모리 사용량: 26MB / 28MB (92.4%)
📊 메모리 통계: {
  "timestamp": "2025-12-11T12:18:59.622Z",
  "heap": {
    "used": 26,
    "total": 28,
    "external": 20
  },
  "system": {
    "used": 49035,
    "total": 49152,
    "percent": "99.8"
  }
}
[2025-12-11T12:19:08.159Z] [0mGET /api/health [32m200[0m 0.751 ms - 241[0m
[2025-12-11T12:19:29.622Z] ⚠️ 높은 힙 메모리 사용량: 26MB / 28MB (90.6%)
[2025-12-11T12:19:29.623Z] 📊 메모리 통계: {
  "timestamp": "2025-12-11T12:19:29.622Z",
  "heap": {
    "used": 26,
    "total": 28,
    "external": 20
  },
  "system": {
    "used": 49030,
    "total": 49152,
    "percent": "99.8"
  }
}
[2025-12-11T12:19:38.142Z] [0mGET /api/health [32m200[0m 0.740 ms - 241[0m
[2025-12-11T12:19:59.622Z] 🧹 메모리 정리 작업 완료
[2025-12-11T12:19:59.622Z] ⚠️ 높은 힙 메모리 사용량: 26MB / 28MB (90.9%)
📊 메모리 통계: {
  "timestamp": "2025-12-11T12:19:59.622Z",
  "heap": {
    "used": 26,
    "total": 28,
    "external": 20
  },
  "system": {
    "used": 48400,
    "total": 49152,
    "percent": "98.5"
  }
}
[2025-12-11T12:20:08.148Z] [0mGET /api/health [32m200[0m 0.885 ms - 241[0m
[2025-12-11T12:20:29.625Z] ⚠️ 높은 힙 메모리 사용량: 26MB / 28MB (91.1%)
[2025-12-11T12:20:29.626Z] 📊 메모리 통계: {
  "timestamp": "2025-12-11T12:20:29.625Z",
  "heap": {
    "used": 26,
    "total": 28,
    "external": 20
  },
  "system": {
    "used": 48548,
    "total": 49152,
    "percent": "98.8"
  }
}
[2025-12-11T12:20:38.150Z] [0mGET /api/health [32m200[0m 0.734 ms - 241[0m
[2025-12-11T12:20:59.625Z] 🧹 메모리 정리 작업 완료
[2025-12-11T12:20:59.626Z] ⚠️ 높은 힙 메모리 사용량: 26MB / 28MB (91.4%)
📊 메모리 통계: {
  "timestamp": "2025-12-11T12:20:59.625Z",
  "heap": {
    "used": 26,
    "total": 28,
    "external": 20
  },
  "system": {
    "used": 48498,
    "total": 49152,
    "percent": "98.7"
  }
}
[2025-12-11T12:21:08.146Z] [0mGET /api/health [32m200[0m 0.790 ms - 241[0m
[2025-12-11T12:21:29.627Z] ⚠️ 높은 힙 메모리 사용량: 26MB / 28MB (91.7%)
[2025-12-11T12:21:29.628Z] 📊 메모리 통계: {
  "timestamp": "2025-12-11T12:21:29.626Z",
  "heap": {
    "used": 26,
    "total": 28,
    "external": 20
  },
  "system": {
    "used": 48542,
    "total": 49152,
    "percent": "98.8"
  }
}
[2025-12-11T12:21:38.149Z] [0mGET /api/health [32m200[0m 0.564 ms - 241[0m
[2025-12-11T12:21:59.624Z] 🧹 메모리 정리 작업 완료
[2025-12-11T12:21:59.627Z] ⚠️ 높은 힙 메모리 사용량: 26MB / 28MB (92.0%)
[2025-12-11T12:21:59.628Z] 📊 메모리 통계: {
  "timestamp": "2025-12-11T12:21:59.627Z",
  "heap": {
    "used": 26,
    "total": 28,
    "external": 20
  },
  "system": {
    "used": 48585,
    "total": 49152,
    "percent": "98.8"
  }
}
[2025-12-11T12:22:08.159Z] [0mGET /api/health [32m200[0m 0.775 ms - 241[0m
[2025-12-11T12:22:29.628Z] ⚠️ 높은 힙 메모리 사용량: 26MB / 28MB (92.2%)
[2025-12-11T12:22:29.629Z] 📊 메모리 통계: {
  "timestamp": "2025-12-11T12:22:29.628Z",
  "heap": {
    "used": 26,
    "total": 28,
    "external": 20
  },
  "system": {
    "used": 48993,
    "total": 49152,
    "percent": "99.7"
  }
}
[2025-12-11T12:22:38.147Z] [0mGET /api/health [32m200[0m 0.845 ms - 241[0m
[2025-12-11T12:22:59.624Z] 🧹 메모리 정리 작업 완료
[2025-12-11T12:22:59.628Z] ⚠️ 높은 힙 메모리 사용량: 26MB / 28MB (92.5%)
[2025-12-11T12:22:59.629Z] 📊 메모리 통계: {
  "timestamp": "2025-12-11T12:22:59.628Z",
  "heap": {
    "used": 26,
    "total": 28,
    "external": 20
  },
  "system": {
    "used": 48903,
    "total": 49152,
    "percent": "99.5"
  }
}
[2025-12-11T12:23:08.151Z] [0mGET /api/health [32m200[0m 0.754 ms - 241[0m
[2025-12-11T12:23:08.583Z] 🔍 인증된 사용자 - ID: 974640, 이메일: dev@playmate.com, 닉네임: 개발자
[2025-12-11T12:23:08.584Z] [0mGET /api/auth/me [32m200[0m 2.226 ms - 483[0m
[2025-12-11T12:23:23.207Z] 🔍 인증된 사용자 - ID: 974640, 이메일: dev@playmate.com, 닉네임: 개발자
[2025-12-11T12:23:23.208Z] 📊 총 11개 안전한 매칭 데이터 반환
[0mGET /api/matchings?show_only_recruiting=true&show_only_following=false [32m200[0m 1.987 ms - 11719[0m
[2025-12-11T12:23:29.631Z] ⚠️ 높은 힙 메모리 사용량: 26MB / 29MB (90.7%)
[2025-12-11T12:23:29.634Z] 📊 메모리 통계: {
  "timestamp": "2025-12-11T12:23:29.631Z",
  "heap": {
    "used": 26,
    "total": 29,
    "external": 20
  },
  "system": {
    "used": 48969,
    "total": 49152,
    "percent": "99.6"
  }
}
[2025-12-11T12:23:38.146Z] [0mGET /api/health [32m200[0m 0.948 ms - 241[0m
[2025-12-11T12:23:59.625Z] 🧹 메모리 정리 작업 완료
[2025-12-11T12:23:59.630Z] ⚠️ 높은 힙 메모리 사용량: 26MB / 29MB (91.0%)
[2025-12-11T12:23:59.631Z] 📊 메모리 통계: {
  "timestamp": "2025-12-11T12:23:59.630Z",
  "heap": {
    "used": 26,
    "total": 29,
    "external": 20
  },
  "system": {
    "used": 48858,
    "total": 49152,
    "percent": "99.4"
  }
}
[2025-12-11T12:24:08.150Z] [0mGET /api/health [32m200[0m 0.761 ms - 241[0m
[2025-12-11T12:24:29.632Z] ⚠️ 높은 힙 메모리 사용량: 26MB / 29MB (91.2%)
[2025-12-11T12:24:29.633Z] 📊 메모리 통계: {
  "timestamp": "2025-12-11T12:24:29.632Z",
  "heap": {
    "used": 26,
    "total": 29,
    "external": 20
  },
  "system": {
    "used": 49024,
    "total": 49152,
    "percent": "99.7"
  }
}
[2025-12-11T12:24:38.144Z] [0mGET /api/health [32m200[0m 0.856 ms - 241[0m
[2025-12-11T12:24:59.627Z] 🧹 메모리 정리 작업 완료
[2025-12-11T12:24:59.633Z] ⚠️ 높은 힙 메모리 사용량: 26MB / 29MB (91.5%)
[2025-12-11T12:24:59.634Z] 📊 메모리 통계: {
  "timestamp": "2025-12-11T12:24:59.632Z",
  "heap": {
    "used": 26,
    "total": 29,
    "external": 20
  },
  "system": {
    "used": 48397,
    "total": 49152,
    "percent": "98.5"
  }
}
[2025-12-11T12:25:08.151Z] [0mGET /api/health [32m200[0m 0.736 ms - 241[0m
[2025-12-11T12:25:29.632Z] ⚠️ 높은 힙 메모리 사용량: 26MB / 29MB (91.8%)
[2025-12-11T12:25:29.633Z] 📊 메모리 통계: {
  "timestamp": "2025-12-11T12:25:29.632Z",
  "heap": {
    "used": 26,
    "total": 29,
    "external": 20
  },
  "system": {
    "used": 48643,
    "total": 49152,
    "percent": "99.0"
  }
}
[2025-12-11T12:25:38.145Z] [0mGET /api/health [32m200[0m 0.797 ms - 241[0m
[2025-12-11T12:25:59.627Z] 🧹 메모리 정리 작업 완료
[2025-12-11T12:25:59.633Z] ⚠️ 높은 힙 메모리 사용량: 26MB / 29MB (92.1%)
[2025-12-11T12:25:59.634Z] 📊 메모리 통계: {
  "timestamp": "2025-12-11T12:25:59.632Z",
  "heap": {
    "used": 26,
    "total": 29,
    "external": 20
  },
  "system": {
    "used": 48586,
    "total": 49152,
    "percent": "98.8"
  }
}
[2025-12-11T12:26:08.144Z] [0mGET /api/health [32m200[0m 0.839 ms - 241[0m
[2025-12-11T12:26:29.635Z] ⚠️ 높은 힙 메모리 사용량: 27MB / 29MB (92.3%)
[2025-12-11T12:26:29.636Z] 📊 메모리 통계: {
  "timestamp": "2025-12-11T12:26:29.634Z",
  "heap": {
    "used": 27,
    "total": 29,
    "external": 20
  },
  "system": {
    "used": 48588,
    "total": 49152,
    "percent": "98.9"
  }
}
[2025-12-11T12:26:38.145Z] [0mGET /api/health [32m200[0m 0.783 ms - 241[0m
[2025-12-11T12:26:59.629Z] 🧹 메모리 정리 작업 완료
[2025-12-11T12:26:59.635Z] ⚠️ 높은 힙 메모리 사용량: 27MB / 29MB (92.6%)
[2025-12-11T12:26:59.635Z] 📊 메모리 통계: {
  "timestamp": "2025-12-11T12:26:59.634Z",
  "heap": {
    "used": 27,
    "total": 29,
    "external": 20
  },
  "system": {
    "used": 48454,
    "total": 49152,
    "percent": "98.6"
  }
}
[2025-12-11T12:27:08.145Z] [0mGET /api/health [32m200[0m 0.870 ms - 241[0m
[2025-12-11T12:27:29.636Z] ⚠️ 높은 힙 메모리 사용량: 26MB / 29MB (90.8%)
[2025-12-11T12:27:29.638Z] 📊 메모리 통계: {
  "timestamp": "2025-12-11T12:27:29.635Z",
  "heap": {
    "used": 26,
    "total": 29,
    "external": 20
  },
  "system": {
    "used": 48978,
    "total": 49152,
    "percent": "99.6"
  }
}
[2025-12-11T12:27:38.145Z] [0mGET /api/health [32m200[0m 0.833 ms - 241[0m
[2025-12-11T12:27:59.629Z] 🧹 메모리 정리 작업 완료
[2025-12-11T12:27:59.637Z] ⚠️ 높은 힙 메모리 사용량: 26MB / 29MB (91.1%)
[2025-12-11T12:27:59.638Z] 📊 메모리 통계: {
  "timestamp": "2025-12-11T12:27:59.637Z",
  "heap": {
    "used": 26,
    "total": 29,
    "external": 20
  },
  "system": {
    "used": 48889,
    "total": 49152,
    "percent": "99.5"
  }
}
[2025-12-11T12:28:08.143Z] [0mGET /api/health [32m200[0m 0.776 ms - 241[0m
[2025-12-11T12:28:08.576Z] 🔍 인증된 사용자 - ID: 974640, 이메일: dev@playmate.com, 닉네임: 개발자
[2025-12-11T12:28:08.577Z] [0mGET /api/auth/me [32m200[0m 1.961 ms - 483[0m
[2025-12-11T12:28:23.200Z] 🔍 인증된 사용자 - ID: 974640, 이메일: dev@playmate.com, 닉네임: 개발자
[2025-12-11T12:28:23.201Z] 📊 총 11개 안전한 매칭 데이터 반환
[0mGET /api/matchings?show_only_recruiting=true&show_only_following=false [32m200[0m 2.045 ms - 11719[0m
[2025-12-11T12:28:29.638Z] ⚠️ 높은 힙 메모리 사용량: 26MB / 29MB (92.0%)
[2025-12-11T12:28:29.638Z] 📊 메모리 통계: {
  "timestamp": "2025-12-11T12:28:29.638Z",
  "heap": {
    "used": 26,
    "total": 29,
    "external": 20
  },
  "system": {
    "used": 48910,
    "total": 49152,
    "percent": "99.5"
  }
}
[2025-12-11T12:28:38.142Z] [0mGET /api/health [32m200[0m 0.847 ms - 241[0m
[2025-12-11T12:28:59.630Z] 🧹 메모리 정리 작업 완료
[2025-12-11T12:28:59.639Z] ⚠️ 높은 힙 메모리 사용량: 26MB / 29MB (92.2%)
[2025-12-11T12:28:59.640Z] 📊 메모리 통계: {
  "timestamp": "2025-12-11T12:28:59.639Z",
  "heap": {
    "used": 26,
    "total": 29,
    "external": 20
  },
  "system": {
    "used": 48870,
    "total": 49152,
    "percent": "99.4"
  }
}
[2025-12-11T12:29:08.146Z] [0mGET /api/health [32m200[0m 0.841 ms - 241[0m
[2025-12-11T12:29:29.641Z] ⚠️ 높은 힙 메모리 사용량: 27MB / 29MB (92.5%)
[2025-12-11T12:29:29.642Z] 📊 메모리 통계: {
  "timestamp": "2025-12-11T12:29:29.641Z",
  "heap": {
    "used": 27,
    "total": 29,
    "external": 20
  },
  "system": {
    "used": 49046,
    "total": 49152,
    "percent": "99.8"
  }
}
[2025-12-11T12:29:38.142Z] [0mGET /api/health [32m200[0m 0.466 ms - 241[0m
[2025-12-11T12:29:59.632Z] 🧹 메모리 정리 작업 완료
[2025-12-11T12:29:59.642Z] ⚠️ 높은 힙 메모리 사용량: 27MB / 29MB (92.8%)
📊 메모리 통계: {
  "timestamp": "2025-12-11T12:29:59.641Z",
  "heap": {
    "used": 27,
    "total": 29,
    "external": 20
  },
  "system": {
    "used": 48381,
    "total": 49152,
    "percent": "98.4"
  }
}
[2025-12-11T12:30:08.143Z] [0mGET /api/health [32m200[0m 0.784 ms - 241[0m
[2025-12-11T12:30:29.644Z] ⚠️ 높은 힙 메모리 사용량: 27MB / 29MB (93.0%)
[2025-12-11T12:30:29.645Z] 📊 메모리 통계: {
  "timestamp": "2025-12-11T12:30:29.644Z",
  "heap": {
    "used": 27,
    "total": 29,
    "external": 20
  },
  "system": {
    "used": 48452,
    "total": 49152,
    "percent": "98.6"
  }
}
[2025-12-11T12:30:38.140Z] [0mGET /api/health [32m200[0m 0.790 ms - 241[0m
[2025-12-11T12:30:59.634Z] 🧹 메모리 정리 작업 완료
[2025-12-11T12:30:59.645Z] ⚠️ 높은 힙 메모리 사용량: 26MB / 30MB (87.5%)
[2025-12-11T12:30:59.646Z] 📊 메모리 통계: {
  "timestamp": "2025-12-11T12:30:59.645Z",
  "heap": {
    "used": 26,
    "total": 30,
    "external": 20
  },
  "system": {
    "used": 48562,
    "total": 49152,
    "percent": "98.8"
  }
}
[2025-12-11T12:31:08.144Z] [0mGET /api/health [32m200[0m 0.776 ms - 241[0m
[2025-12-11T12:31:29.644Z] ⚠️ 높은 힙 메모리 사용량: 26MB / 30MB (87.7%)
[2025-12-11T12:31:29.645Z] 📊 메모리 통계: {
  "timestamp": "2025-12-11T12:31:29.644Z",
  "heap": {
    "used": 26,
    "total": 30,
    "external": 20
  },
  "system": {
    "used": 48599,
    "total": 49152,
    "percent": "98.9"
  }
}
[2025-12-11T12:31:38.141Z] [0mGET /api/health [32m200[0m 0.833 ms - 241[0m
[2025-12-11T12:31:59.634Z] 🧹 메모리 정리 작업 완료
[2025-12-11T12:31:59.646Z] ⚠️ 높은 힙 메모리 사용량: 26MB / 30MB (88.0%)
[2025-12-11T12:31:59.647Z] 📊 메모리 통계: {
  "timestamp": "2025-12-11T12:31:59.646Z",
  "heap": {
    "used": 26,
    "total": 30,
    "external": 20
  },
  "system": {
    "used": 48448,
    "total": 49152,
    "percent": "98.6"
  }
}
[2025-12-11T12:32:08.143Z] [0mGET /api/health [32m200[0m 0.805 ms - 241[0m
[2025-12-11T12:32:29.648Z] ⚠️ 높은 힙 메모리 사용량: 26MB / 30MB (88.2%)
[2025-12-11T12:32:29.649Z] 📊 메모리 통계: {
  "timestamp": "2025-12-11T12:32:29.648Z",
  "heap": {
    "used": 26,
    "total": 30,
    "external": 20
  },
  "system": {
    "used": 48991,
    "total": 49152,
    "percent": "99.7"
  }
}
[2025-12-11T12:32:38.140Z] [0mGET /api/health [32m200[0m 0.811 ms - 241[0m
[2025-12-11T12:32:59.636Z] 🧹 메모리 정리 작업 완료
[2025-12-11T12:32:59.648Z] ⚠️ 높은 힙 메모리 사용량: 27MB / 30MB (88.5%)
[2025-12-11T12:32:59.649Z] 📊 메모리 통계: {
  "timestamp": "2025-12-11T12:32:59.648Z",
  "heap": {
    "used": 27,
    "total": 30,
    "external": 20
  },
  "system": {
    "used": 48897,
    "total": 49152,
    "percent": "99.5"
  }
}
[2025-12-11T12:33:08.142Z] [0mGET /api/health [32m200[0m 0.928 ms - 241[0m
[2025-12-11T12:33:08.571Z] 🔍 인증된 사용자 - ID: 974640, 이메일: dev@playmate.com, 닉네임: 개발자
[2025-12-11T12:33:08.572Z] [0mGET /api/auth/me [32m200[0m 2.160 ms - 483[0m
[2025-12-11T12:33:23.198Z] 🔍 인증된 사용자 - ID: 974640, 이메일: dev@playmate.com, 닉네임: 개발자
[2025-12-11T12:33:23.199Z] 📊 총 11개 안전한 매칭 데이터 반환
[2025-12-11T12:33:23.199Z] [0mGET /api/matchings?show_only_recruiting=true&show_only_following=false [32m200[0m 2.328 ms - 11719[0m
[2025-12-11T12:33:29.650Z] ⚠️ 높은 힙 메모리 사용량: 27MB / 30MB (89.3%)
[2025-12-11T12:33:29.651Z] 📊 메모리 통계: {
  "timestamp": "2025-12-11T12:33:29.650Z",
  "heap": {
    "used": 27,
    "total": 30,
    "external": 20
  },
  "system": {
    "used": 48969,
    "total": 49152,
    "percent": "99.6"
  }
}
[2025-12-11T12:33:38.133Z] [0mGET /api/health [32m200[0m 0.323 ms - 241[0m
[2025-12-11T12:33:59.637Z] 🧹 메모리 정리 작업 완료
[2025-12-11T12:33:59.652Z] ⚠️ 높은 힙 메모리 사용량: 27MB / 30MB (89.6%)
[2025-12-11T12:33:59.653Z] 📊 메모리 통계: {
  "timestamp": "2025-12-11T12:33:59.652Z",
  "heap": {
    "used": 27,
    "total": 30,
    "external": 20
  },
  "system": {
    "used": 48896,
    "total": 49152,
    "percent": "99.5"
  }
}
[2025-12-11T12:34:08.139Z] [0mGET /api/health [32m200[0m 0.780 ms - 241[0m
[2025-12-11T12:34:29.653Z] ⚠️ 높은 힙 메모리 사용량: 26MB / 29MB (91.1%)
[2025-12-11T12:34:29.653Z] 📊 메모리 통계: {
  "timestamp": "2025-12-11T12:34:29.652Z",
  "heap": {
    "used": 26,
    "total": 29,
    "external": 20
  },
  "system": {
    "used": 49050,
    "total": 49152,
    "percent": "99.8"
  }
}
[2025-12-11T12:34:38.139Z] [0mGET /api/health [32m200[0m 0.334 ms - 241[0m
[2025-12-11T12:34:59.638Z] 🧹 메모리 정리 작업 완료
[2025-12-11T12:34:59.652Z] ⚠️ 높은 힙 메모리 사용량: 26MB / 29MB (91.4%)
[2025-12-11T12:34:59.655Z] 📊 메모리 통계: {
  "timestamp": "2025-12-11T12:34:59.652Z",
  "heap": {
    "used": 26,
    "total": 29,
    "external": 20
  },
  "system": {
    "used": 48906,
    "total": 49152,
    "percent": "99.5"
  }
}
[2025-12-11T12:35:08.139Z] [0mGET /api/health [32m200[0m 0.793 ms - 241[0m
[2025-12-11T12:35:29.654Z] ⚠️ 높은 힙 메모리 사용량: 27MB / 29MB (90.9%)
[2025-12-11T12:35:29.655Z] 📊 메모리 통계: {
  "timestamp": "2025-12-11T12:35:29.653Z",
  "heap": {
    "used": 27,
    "total": 29,
    "external": 20
  },
  "system": {
    "used": 48293,
    "total": 49152,
    "percent": "98.3"
  }
}
[2025-12-11T12:35:38.138Z] [0mGET /api/health [32m200[0m 0.863 ms - 241[0m
[2025-12-11T12:35:59.640Z] 🧹 메모리 정리 작업 완료
[2025-12-11T12:35:59.654Z] ⚠️ 높은 힙 메모리 사용량: 27MB / 29MB (91.2%)
[2025-12-11T12:35:59.654Z] 📊 메모리 통계: {
  "timestamp": "2025-12-11T12:35:59.654Z",
  "heap": {
    "used": 27,
    "total": 29,
    "external": 20
  },
  "system": {
    "used": 48315,
    "total": 49152,
    "percent": "98.3"
  }
}
[2025-12-11T12:36:08.136Z] [0mGET /api/health [32m200[0m 0.761 ms - 241[0m
[2025-12-11T12:36:29.653Z] ⚠️ 높은 힙 메모리 사용량: 27MB / 29MB (91.4%)
[2025-12-11T12:36:29.654Z] 📊 메모리 통계: {
  "timestamp": "2025-12-11T12:36:29.653Z",
  "heap": {
    "used": 27,
    "total": 29,
    "external": 20
  },
  "system": {
    "used": 48428,
    "total": 49152,
    "percent": "98.5"
  }
}
[2025-12-11T12:36:38.137Z] [0mGET /api/health [32m200[0m 0.710 ms - 241[0m
[2025-12-11T12:36:59.641Z] 🧹 메모리 정리 작업 완료
[2025-12-11T12:36:59.655Z] ⚠️ 높은 힙 메모리 사용량: 27MB / 29MB (91.7%)
[2025-12-11T12:36:59.655Z] 📊 메모리 통계: {
  "timestamp": "2025-12-11T12:36:59.655Z",
  "heap": {
    "used": 27,
    "total": 29,
    "external": 20
  },
  "system": {
    "used": 48381,
    "total": 49152,
    "percent": "98.4"
  }
}
[2025-12-11T12:37:08.135Z] [0mGET /api/health [32m200[0m 0.786 ms - 241[0m
[2025-12-11T12:37:29.655Z] ⚠️ 높은 힙 메모리 사용량: 27MB / 29MB (91.9%)
[2025-12-11T12:37:29.656Z] 📊 메모리 통계: {
  "timestamp": "2025-12-11T12:37:29.655Z",
  "heap": {
    "used": 27,
    "total": 29,
    "external": 20
  },
  "system": {
    "used": 48715,
    "total": 49152,
    "percent": "99.1"
  }
}
[2025-12-11T12:37:38.131Z] [0mGET /api/health [32m200[0m 0.412 ms - 241[0m
[2025-12-11T12:37:59.643Z] 🧹 메모리 정리 작업 완료
[2025-12-11T12:37:59.657Z] ⚠️ 높은 힙 메모리 사용량: 27MB / 29MB (92.2%)
[2025-12-11T12:37:59.658Z] 📊 메모리 통계: {
  "timestamp": "2025-12-11T12:37:59.656Z",
  "heap": {
    "used": 27,
    "total": 29,
    "external": 20
  },
  "system": {
    "used": 48747,
    "total": 49152,
    "percent": "99.2"
  }
}
[2025-12-11T12:38:08.134Z] [0mGET /api/health [32m200[0m 0.900 ms - 241[0m
[2025-12-11T12:38:08.571Z] 🔍 인증된 사용자 - ID: 974640, 이메일: dev@playmate.com, 닉네임: 개발자
[2025-12-11T12:38:08.572Z] [0mGET /api/auth/me [32m200[0m 2.121 ms - 483[0m
[2025-12-11T12:38:23.199Z] 🔍 인증된 사용자 - ID: 974640, 이메일: dev@playmate.com, 닉네임: 개발자
[2025-12-11T12:38:23.199Z] 📊 총 11개 안전한 매칭 데이터 반환
[0mGET /api/matchings?show_only_recruiting=true&show_only_following=false [32m200[0m 2.084 ms - 11719[0m
[2025-12-11T12:38:29.658Z] ⚠️ 높은 힙 메모리 사용량: 27MB / 29MB (91.2%)
[2025-12-11T12:38:29.658Z] 📊 메모리 통계: {
  "timestamp": "2025-12-11T12:38:29.658Z",
  "heap": {
    "used": 27,
    "total": 29,
    "external": 20
  },
  "system": {
    "used": 48792,
    "total": 49152,
    "percent": "99.3"
  }
}
[2025-12-11T12:38:38.135Z] [0mGET /api/health [32m200[0m 0.715 ms - 241[0m
[2025-12-11T12:38:59.644Z] 🧹 메모리 정리 작업 완료
[2025-12-11T12:38:59.659Z] ⚠️ 높은 힙 메모리 사용량: 27MB / 29MB (91.5%)
[2025-12-11T12:38:59.660Z] 📊 메모리 통계: {
  "timestamp": "2025-12-11T12:38:59.659Z",
  "heap": {
    "used": 27,
    "total": 29,
    "external": 20
  },
  "system": {
    "used": 48789,
    "total": 49152,
    "percent": "99.3"
  }
}
[2025-12-11T12:39:08.135Z] [0mGET /api/health [32m200[0m 0.815 ms - 241[0m
[2025-12-11T12:39:29.660Z] ⚠️ 높은 힙 메모리 사용량: 27MB / 29MB (91.7%)
[2025-12-11T12:39:29.661Z] 📊 메모리 통계: {
  "timestamp": "2025-12-11T12:39:29.660Z",
  "heap": {
    "used": 27,
    "total": 29,
    "external": 20
  },
  "system": {
    "used": 48838,
    "total": 49152,
    "percent": "99.4"
  }
}
[2025-12-11T12:39:38.133Z] [0mGET /api/health [32m200[0m 0.478 ms - 241[0m
[2025-12-11T12:39:59.645Z] 🧹 메모리 정리 작업 완료
[2025-12-11T12:39:59.661Z] ⚠️ 높은 힙 메모리 사용량: 27MB / 29MB (92.0%)
[2025-12-11T12:39:59.661Z] 📊 메모리 통계: {
  "timestamp": "2025-12-11T12:39:59.660Z",
  "heap": {
    "used": 27,
    "total": 29,
    "external": 20
  },
  "system": {
    "used": 49063,
    "total": 49152,
    "percent": "99.8"
  }
}
[2025-12-11T12:40:08.137Z] [0mGET /api/health [32m200[0m 0.779 ms - 241[0m
[2025-12-11T12:40:29.662Z] ⚠️ 높은 힙 메모리 사용량: 27MB / 29MB (92.2%)
[2025-12-11T12:40:29.663Z] 📊 메모리 통계: {
  "timestamp": "2025-12-11T12:40:29.662Z",
  "heap": {
    "used": 27,
    "total": 29,
    "external": 20
  },
  "system": {
    "used": 48390,
    "total": 49152,
    "percent": "98.5"
  }
}
[2025-12-11T12:40:38.131Z] [0mGET /api/health [32m200[0m 0.666 ms - 241[0m
[2025-12-11T12:40:59.648Z] 🧹 메모리 정리 작업 완료
[2025-12-11T12:40:59.663Z] ⚠️ 높은 힙 메모리 사용량: 27MB / 29MB (92.5%)
[2025-12-11T12:40:59.665Z] 📊 메모리 통계: {
  "timestamp": "2025-12-11T12:40:59.663Z",
  "heap": {
    "used": 27,
    "total": 29,
    "external": 20
  },
  "system": {
    "used": 48390,
    "total": 49152,
    "percent": "98.4"
  }
}
[2025-12-11T12:41:08.134Z] [0mGET /api/health [32m200[0m 0.777 ms - 241[0m
[2025-12-11T12:41:29.670Z] ⚠️ 높은 힙 메모리 사용량: 27MB / 29MB (92.9%)
[2025-12-11T12:41:29.671Z] 📊 메모리 통계: {
  "timestamp": "2025-12-11T12:41:29.670Z",
  "heap": {
    "used": 27,
    "total": 29,
    "external": 20
  },
  "system": {
    "used": 48492,
    "total": 49152,
    "percent": "98.7"
  }
}
[2025-12-11T12:41:38.141Z] [0mGET /api/health [32m200[0m 0.812 ms - 241[0m
[2025-12-11T12:41:59.653Z] 🧹 메모리 정리 작업 완료
[2025-12-11T12:41:59.672Z] ⚠️ 높은 힙 메모리 사용량: 27MB / 29MB (93.1%)
[2025-12-11T12:41:59.675Z] 📊 메모리 통계: {
  "timestamp": "2025-12-11T12:41:59.672Z",
  "heap": {
    "used": 27,
    "total": 29,
    "external": 20
  },
  "system": {
    "used": 48467,
    "total": 49152,
    "percent": "98.6"
  }
}
[2025-12-11T12:42:08.140Z] [0mGET /api/health [32m200[0m 0.780 ms - 241[0m
[2025-12-11T12:42:29.673Z] ⚠️ 높은 힙 메모리 사용량: 27MB / 29MB (90.7%)
[2025-12-11T12:42:29.674Z] 📊 메모리 통계: {
  "timestamp": "2025-12-11T12:42:29.673Z",
  "heap": {
    "used": 27,
    "total": 29,
    "external": 20
  },
  "system": {
    "used": 48477,
    "total": 49152,
    "percent": "98.6"
  }
}
[2025-12-11T12:42:38.139Z] [0mGET /api/health [32m200[0m 0.919 ms - 241[0m
[2025-12-11T12:42:59.655Z] 🧹 메모리 정리 작업 완료
[2025-12-11T12:42:59.674Z] ⚠️ 높은 힙 메모리 사용량: 27MB / 29MB (91.0%)
[2025-12-11T12:42:59.677Z] 📊 메모리 통계: {
  "timestamp": "2025-12-11T12:42:59.674Z",
  "heap": {
    "used": 27,
    "total": 29,
    "external": 20
  },
  "system": {
    "used": 48853,
    "total": 49152,
    "percent": "99.4"
  }
}
[2025-12-11T12:43:08.148Z] [0mGET /api/health [32m200[0m 0.782 ms - 241[0m
[2025-12-11T12:43:08.569Z] 🔍 인증된 사용자 - ID: 974640, 이메일: dev@playmate.com, 닉네임: 개발자
[2025-12-11T12:43:08.570Z] [0mGET /api/auth/me [32m200[0m 1.708 ms - 483[0m
[2025-12-11T12:43:23.199Z] 🔍 인증된 사용자 - ID: 974640, 이메일: dev@playmate.com, 닉네임: 개발자
[2025-12-11T12:43:23.200Z] 📊 총 11개 안전한 매칭 데이터 반환
[0mGET /api/matchings?show_only_recruiting=true&show_only_following=false [32m200[0m 2.000 ms - 11719[0m
[2025-12-11T12:43:29.675Z] ⚠️ 높은 힙 메모리 사용량: 27MB / 29MB (91.8%)
[2025-12-11T12:43:29.675Z] 📊 메모리 통계: {
  "timestamp": "2025-12-11T12:43:29.675Z",
  "heap": {
    "used": 27,
    "total": 29,
    "external": 20
  },
  "system": {
    "used": 48882,
    "total": 49152,
    "percent": "99.5"
  }
}
[2025-12-11T12:43:38.138Z] [0mGET /api/health [32m200[0m 0.777 ms - 241[0m
[2025-12-11T12:43:59.656Z] 🧹 메모리 정리 작업 완료
[2025-12-11T12:43:59.677Z] ⚠️ 높은 힙 메모리 사용량: 27MB / 29MB (92.1%)
[2025-12-11T12:43:59.677Z] 📊 메모리 통계: {
  "timestamp": "2025-12-11T12:43:59.677Z",
  "heap": {
    "used": 27,
    "total": 29,
    "external": 20
  },
  "system": {
    "used": 48817,
    "total": 49152,
    "percent": "99.3"
  }
}
[2025-12-11T12:44:08.139Z] [0mGET /api/health [32m200[0m 0.901 ms - 241[0m
[2025-12-11T12:44:29.679Z] ⚠️ 높은 힙 메모리 사용량: 27MB / 29MB (92.3%)
[2025-12-11T12:44:29.680Z] 📊 메모리 통계: {
  "timestamp": "2025-12-11T12:44:29.679Z",
  "heap": {
    "used": 27,
    "total": 29,
    "external": 20
  },
  "system": {
    "used": 48817,
    "total": 49152,
    "percent": "99.3"
  }
}
[2025-12-11T12:44:38.139Z] [0mGET /api/health [32m200[0m 0.778 ms - 241[0m
[2025-12-11T12:44:59.657Z] 🧹 메모리 정리 작업 완료
[2025-12-11T12:44:59.679Z] ⚠️ 높은 힙 메모리 사용량: 27MB / 29MB (92.6%)
[2025-12-11T12:44:59.680Z] 📊 메모리 통계: {
  "timestamp": "2025-12-11T12:44:59.679Z",
  "heap": {
    "used": 27,
    "total": 29,
    "external": 20
  },
  "system": {
    "used": 49017,
    "total": 49152,
    "percent": "99.7"
  }
}
[2025-12-11T12:45:08.142Z] [0mGET /api/health [32m200[0m 0.814 ms - 241[0m
[2025-12-11T12:45:29.682Z] ⚠️ 높은 힙 메모리 사용량: 27MB / 29MB (92.8%)
[2025-12-11T12:45:29.683Z] 📊 메모리 통계: {
  "timestamp": "2025-12-11T12:45:29.682Z",
  "heap": {
    "used": 27,
    "total": 29,
    "external": 20
  },
  "system": {
    "used": 48442,
    "total": 49152,
    "percent": "98.6"
  }
}
[2025-12-11T12:45:38.139Z] [0mGET /api/health [32m200[0m 0.782 ms - 241[0m
[2025-12-11T12:45:59.659Z] 🧹 메모리 정리 작업 완료
[2025-12-11T12:45:59.683Z] ⚠️ 높은 힙 메모리 사용량: 27MB / 29MB (91.2%)
[2025-12-11T12:45:59.688Z] 📊 메모리 통계: {
  "timestamp": "2025-12-11T12:45:59.683Z",
  "heap": {
    "used": 27,
    "total": 29,
    "external": 20
  },
  "system": {
    "used": 48509,
    "total": 49152,
    "percent": "98.7"
  }
}
[2025-12-11T12:46:08.136Z] [0mGET /api/health [32m200[0m 0.626 ms - 241[0m
[2025-12-11T12:46:29.684Z] ⚠️ 높은 힙 메모리 사용량: 27MB / 29MB (91.5%)
[2025-12-11T12:46:29.684Z] 📊 메모리 통계: {
  "timestamp": "2025-12-11T12:46:29.683Z",
  "heap": {
    "used": 27,
    "total": 29,
    "external": 20
  },
  "system": {
    "used": 48568,
    "total": 49152,
    "percent": "98.8"
  }
}
[2025-12-11T12:46:38.138Z] [0mGET /api/health [32m200[0m 0.722 ms - 241[0m
[2025-12-11T12:46:59.660Z] 🧹 메모리 정리 작업 완료
[2025-12-11T12:46:59.684Z] ⚠️ 높은 힙 메모리 사용량: 27MB / 29MB (91.7%)
[2025-12-11T12:46:59.685Z] 📊 메모리 통계: {
  "timestamp": "2025-12-11T12:46:59.684Z",
  "heap": {
    "used": 27,
    "total": 29,
    "external": 20
  },
  "system": {
    "used": 48592,
    "total": 49152,
    "percent": "98.9"
  }
}
[2025-12-11T12:47:08.146Z] [0mGET /api/health [32m200[0m 0.908 ms - 241[0m
[2025-12-11T12:47:29.686Z] ⚠️ 높은 힙 메모리 사용량: 27MB / 29MB (92.0%)
[2025-12-11T12:47:29.687Z] 📊 메모리 통계: {
  "timestamp": "2025-12-11T12:47:29.686Z",
  "heap": {
    "used": 27,
    "total": 29,
    "external": 20
  },
  "system": {
    "used": 48542,
    "total": 49152,
    "percent": "98.8"
  }
}
[2025-12-11T12:47:38.135Z] [0mGET /api/health [32m200[0m 0.336 ms - 241[0m
[2025-12-11T12:47:59.662Z] 🧹 메모리 정리 작업 완료
[2025-12-11T12:47:59.688Z] ⚠️ 높은 힙 메모리 사용량: 27MB / 29MB (92.3%)
[2025-12-11T12:47:59.688Z] 📊 메모리 통계: {
  "timestamp": "2025-12-11T12:47:59.688Z",
  "heap": {
    "used": 27,
    "total": 29,
    "external": 20
  },
  "system": {
    "used": 48975,
    "total": 49152,
    "percent": "99.6"
  }
}
[2025-12-11T12:48:08.136Z] [0mGET /api/health [32m200[0m 0.776 ms - 241[0m
[2025-12-11T12:48:08.571Z] 🔍 인증된 사용자 - ID: 974640, 이메일: dev@playmate.com, 닉네임: 개발자
[2025-12-11T12:48:08.572Z] [0mGET /api/auth/me [32m200[0m 1.880 ms - 483[0m
[2025-12-11T12:48:23.195Z] 🔍 인증된 사용자 - ID: 974640, 이메일: dev@playmate.com, 닉네임: 개발자
[2025-12-11T12:48:23.196Z] 📊 총 11개 안전한 매칭 데이터 반환
[2025-12-11T12:48:23.196Z] [0mGET /api/matchings?show_only_recruiting=true&show_only_following=false [32m200[0m 2.282 ms - 11719[0m
[2025-12-11T12:48:29.689Z] ⚠️ 높은 힙 메모리 사용량: 27MB / 29MB (93.1%)
[2025-12-11T12:48:29.689Z] 📊 메모리 통계: {
  "timestamp": "2025-12-11T12:48:29.689Z",
  "heap": {
    "used": 27,
    "total": 29,
    "external": 20
  },
  "system": {
    "used": 48968,
    "total": 49152,
    "percent": "99.6"
  }
}
[2025-12-11T12:48:38.133Z] [0mGET /api/health [32m200[0m 0.560 ms - 241[0m
[2025-12-11T13:04:53.436Z] 🧹 메모리 정리 작업 완료
[2025-12-11T13:04:53.437Z] ⚠️ 높은 힙 메모리 사용량: 28MB / 29MB (93.4%)
📊 메모리 통계: {
  "timestamp": "2025-12-11T13:04:53.436Z",
  "heap": {
    "used": 28,
    "total": 29,
    "external": 20
  },
  "system": {
    "used": 48927,
    "total": 49152,
    "percent": "99.5"
  }
}
[2025-12-11T13:05:17.454Z] [0mGET /api/health [32m200[0m 0.733 ms - 241[0m
[2025-12-11T13:05:23.441Z] ⚠️ 높은 힙 메모리 사용량: 27MB / 31MB (88.0%)
[2025-12-11T13:05:23.441Z] 📊 메모리 통계: {
  "timestamp": "2025-12-11T13:05:23.441Z",
  "heap": {
    "used": 27,
    "total": 31,
    "external": 20
  },
  "system": {
    "used": 48938,
    "total": 49152,
    "percent": "99.6"
  }
}
[2025-12-11T13:21:17.376Z] 🧹 메모리 정리 작업 완료
⚠️ 높은 힙 메모리 사용량: 27MB / 31MB (88.0%)
[2025-12-11T13:21:17.377Z] 📊 메모리 통계: {
  "timestamp": "2025-12-11T13:21:17.375Z",
  "heap": {
    "used": 27,
    "total": 31,
    "external": 20
  },
  "system": {
    "used": 49046,
    "total": 49152,
    "percent": "99.8"
  }
}
[2025-12-11T13:21:17.381Z] [0mGET /api/health [32m200[0m 0.351 ms - 241[0m
[2025-12-11T13:21:47.365Z] ⚠️ 높은 힙 메모리 사용량: 27MB / 31MB (88.3%)
[2025-12-11T13:21:47.366Z] 📊 메모리 통계: {
  "timestamp": "2025-12-11T13:21:47.365Z",
  "heap": {
    "used": 27,
    "total": 31,
    "external": 20
  },
  "system": {
    "used": 48386,
    "total": 49152,
    "percent": "98.4"
  }
}
[2025-12-11T13:21:47.369Z] [0mGET /api/health [32m200[0m 0.685 ms - 241[0m
[2025-12-11T13:37:04.343Z] 🧹 메모리 정리 작업 완료
[2025-12-11T13:37:04.343Z] ⚠️ 높은 힙 메모리 사용량: 27MB / 31MB (88.5%)
📊 메모리 통계: {
  "timestamp": "2025-12-11T13:37:04.342Z",
  "heap": {
    "used": 27,
    "total": 31,
    "external": 20
  },
  "system": {
    "used": 48981,
    "total": 49152,
    "percent": "99.7"
  }
}
[2025-12-11T13:37:19.345Z] [0mGET /api/health [32m200[0m 0.801 ms - 241[0m
[2025-12-11T13:37:34.342Z] ⚠️ 높은 힙 메모리 사용량: 27MB / 31MB (88.7%)
[2025-12-11T13:37:34.343Z] 📊 메모리 통계: {
  "timestamp": "2025-12-11T13:37:34.342Z",
  "heap": {
    "used": 27,
    "total": 31,
    "external": 20
  },
  "system": {
    "used": 48512,
    "total": 49152,
    "percent": "98.7"
  }
}
[2025-12-11T13:37:49.343Z] [0mGET /api/health [32m200[0m 0.789 ms - 241[0m
[2025-12-11T13:53:07.050Z] 🧹 메모리 정리 작업 완료
[2025-12-11T13:53:07.051Z] ⚠️ 높은 힙 메모리 사용량: 27MB / 31MB (89.0%)
📊 메모리 통계: {
  "timestamp": "2025-12-11T13:53:07.050Z",
  "heap": {
    "used": 27,
    "total": 31,
    "external": 20
  },
  "system": {
    "used": 48882,
    "total": 49152,
    "percent": "99.5"
  }
}
[2025-12-11T13:53:22.077Z] [0mGET /api/health [32m200[0m 0.547 ms - 241[0m
[2025-12-11T13:53:37.080Z] ⚠️ 높은 힙 메모리 사용량: 27MB / 31MB (89.2%)
[2025-12-11T13:53:37.080Z] 📊 메모리 통계: {
  "timestamp": "2025-12-11T13:53:37.079Z",
  "heap": {
    "used": 27,
    "total": 31,
    "external": 20
  },
  "system": {
    "used": 48860,
    "total": 49152,
    "percent": "99.4"
  }
}
[2025-12-11T13:53:52.090Z] [0mGET /api/health [32m200[0m 0.645 ms - 241[0m
[2025-12-11T13:54:07.084Z] 🧹 메모리 정리 작업 완료
[2025-12-11T13:54:07.085Z] ⚠️ 높은 힙 메모리 사용량: 27MB / 31MB (89.5%)
📊 메모리 통계: {
  "timestamp": "2025-12-11T13:54:07.084Z",
  "heap": {
    "used": 27,
    "total": 31,
    "external": 20
  },
  "system": {
    "used": 48545,
    "total": 49152,
    "percent": "98.8"
  }
}
[2025-12-11T13:54:22.083Z] [0mGET /api/health [32m200[0m 0.840 ms - 241[0m
[2025-12-11T13:54:37.088Z] ⚠️ 높은 힙 메모리 사용량: 28MB / 31MB (89.7%)
[2025-12-11T13:54:37.089Z] 📊 메모리 통계: {
  "timestamp": "2025-12-11T13:54:37.087Z",
  "heap": {
    "used": 28,
    "total": 31,
    "external": 20
  },
  "system": {
    "used": 48932,
    "total": 49152,
    "percent": "99.6"
  }
}
[2025-12-11T13:54:52.083Z] [0mGET /api/health [32m200[0m 0.817 ms - 241[0m
[2025-12-11T13:54:52.520Z] 🔍 인증된 사용자 - ID: 974640, 이메일: dev@playmate.com, 닉네임: 개발자
[2025-12-11T13:54:52.521Z] [0mGET /api/auth/me [32m200[0m 1.932 ms - 483[0m
[2025-12-11T13:55:07.086Z] 🧹 메모리 정리 작업 완료
[2025-12-11T13:55:07.087Z] ⚠️ 높은 힙 메모리 사용량: 27MB / 30MB (91.4%)
[2025-12-11T13:55:07.087Z] 📊 메모리 통계: {
  "timestamp": "2025-12-11T13:55:07.087Z",
  "heap": {
    "used": 27,
    "total": 30,
    "external": 20
  },
  "system": {
    "used": 48885,
    "total": 49152,
    "percent": "99.5"
  }
}
[2025-12-11T13:55:07.149Z] 🔍 인증된 사용자 - ID: 974640, 이메일: dev@playmate.com, 닉네임: 개발자
[2025-12-11T13:55:07.149Z] 📊 총 11개 안전한 매칭 데이터 반환
[2025-12-11T13:55:07.150Z] [0mGET /api/matchings?show_only_recruiting=true&show_only_following=false [32m200[0m 1.977 ms - 11719[0m
[2025-12-11T13:55:22.080Z] [0mGET /api/health [32m200[0m 0.570 ms - 241[0m
[2025-12-11T13:55:37.089Z] ⚠️ 높은 힙 메모리 사용량: 27MB / 30MB (92.0%)
[2025-12-11T13:55:37.090Z] 📊 메모리 통계: {
  "timestamp": "2025-12-11T13:55:37.089Z",
  "heap": {
    "used": 27,
    "total": 30,
    "external": 20
  },
  "system": {
    "used": 48869,
    "total": 49152,
    "percent": "99.4"
  }
}
[2025-12-11T13:55:52.081Z] [0mGET /api/health [32m200[0m 0.820 ms - 241[0m
[2025-12-11T13:56:07.087Z] 🧹 메모리 정리 작업 완료
[2025-12-11T13:56:07.090Z] ⚠️ 높은 힙 메모리 사용량: 27MB / 30MB (92.3%)
[2025-12-11T13:56:07.091Z] 📊 메모리 통계: {
  "timestamp": "2025-12-11T13:56:07.090Z",
  "heap": {
    "used": 27,
    "total": 30,
    "external": 20
  },
  "system": {
    "used": 48754,
    "total": 49152,
    "percent": "99.2"
  }
}
[2025-12-11T13:56:22.083Z] [0mGET /api/health [32m200[0m 0.758 ms - 241[0m
[2025-12-11T13:56:37.092Z] ⚠️ 높은 힙 메모리 사용량: 27MB / 30MB (92.5%)
[2025-12-11T13:56:37.092Z] 📊 메모리 통계: {
  "timestamp": "2025-12-11T13:56:37.092Z",
  "heap": {
    "used": 27,
    "total": 30,
    "external": 20
  },
  "system": {
    "used": 48820,
    "total": 49152,
    "percent": "99.3"
  }
}
[2025-12-11T13:56:52.082Z] [0mGET /api/health [32m200[0m 0.717 ms - 241[0m
[2025-12-11T13:57:07.087Z] 🧹 메모리 정리 작업 완료
[2025-12-11T13:57:07.092Z] ⚠️ 높은 힙 메모리 사용량: 28MB / 30MB (92.8%)
[2025-12-11T13:57:07.093Z] 📊 메모리 통계: {
  "timestamp": "2025-12-11T13:57:07.092Z",
  "heap": {
    "used": 28,
    "total": 30,
    "external": 20
  },
  "system": {
    "used": 48906,
    "total": 49152,
    "percent": "99.5"
  }
}
[2025-12-11T13:57:22.082Z] [0mGET /api/health [32m200[0m 0.777 ms - 241[0m
[2025-12-11T13:57:37.093Z] ⚠️ 높은 힙 메모리 사용량: 28MB / 30MB (93.0%)
[2025-12-11T13:57:37.097Z] 📊 메모리 통계: {
  "timestamp": "2025-12-11T13:57:37.093Z",
  "heap": {
    "used": 28,
    "total": 30,
    "external": 20
  },
  "system": {
    "used": 48950,
    "total": 49152,
    "percent": "99.6"
  }
}
[2025-12-11T14:13:02.378Z] 🧹 메모리 정리 작업 완료
⚠️ 높은 힙 메모리 사용량: 28MB / 30MB (93.1%)
[2025-12-11T14:13:02.379Z] 📊 메모리 통계: {
  "timestamp": "2025-12-11T14:13:02.378Z",
  "heap": {
    "used": 28,
    "total": 30,
    "external": 20
  },
  "system": {
    "used": 48848,
    "total": 49152,
    "percent": "99.4"
  }
}
[2025-12-11T14:13:02.384Z] [0mGET /api/health [32m200[0m 0.583 ms - 241[0m
[2025-12-11T14:13:32.378Z] ⚠️ 높은 힙 메모리 사용량: 28MB / 30MB (93.3%)
[2025-12-11T14:13:32.378Z] 📊 메모리 통계: {
  "timestamp": "2025-12-11T14:13:32.378Z",
  "heap": {
    "used": 28,
    "total": 30,
    "external": 20
  },
  "system": {
    "used": 48497,
    "total": 49152,
    "percent": "98.7"
  }
}
[2025-12-11T14:13:32.380Z] [0mGET /api/health [32m200[0m 0.439 ms - 241[0m
[2025-12-11T14:14:02.379Z] 🧹 메모리 정리 작업 완료
[2025-12-11T14:14:02.380Z] ⚠️ 높은 힙 메모리 사용량: 28MB / 30MB (93.6%)
📊 메모리 통계: {
  "timestamp": "2025-12-11T14:14:02.379Z",
  "heap": {
    "used": 28,
    "total": 30,
    "external": 20
  },
  "system": {
    "used": 48386,
    "total": 49152,
    "percent": "98.4"
  }
}
[2025-12-11T14:14:02.388Z] [0mGET /api/health [32m200[0m 0.673 ms - 241[0m
[2025-12-11T14:14:32.382Z] ⚠️ 높은 힙 메모리 사용량: 27MB / 30MB (91.2%)
[2025-12-11T14:14:32.382Z] 📊 메모리 통계: {
  "timestamp": "2025-12-11T14:14:32.381Z",
  "heap": {
    "used": 27,
    "total": 30,
    "external": 20
  },
  "system": {
    "used": 48402,
    "total": 49152,
    "percent": "98.5"
  }
}
[2025-12-11T14:14:32.387Z] [0mGET /api/health [32m200[0m 0.211 ms - 241[0m
[2025-12-11T14:15:02.381Z] 🧹 메모리 정리 작업 완료
[2025-12-11T14:15:02.384Z] 📊 메모리 통계: {
  "timestamp": "2025-12-11T14:15:02.383Z",
  "heap": {
    "used": 21,
    "total": 30,
    "external": 20
  },
  "system": {
    "used": 48519,
    "total": 49152,
    "percent": "98.7"
  }
}
[2025-12-11T14:15:02.387Z] [0mGET /api/health [32m200[0m 0.623 ms - 241[0m
[2025-12-11T14:15:02.819Z] 🔍 인증된 사용자 - ID: 974640, 이메일: dev@playmate.com, 닉네임: 개발자
[2025-12-11T14:15:02.820Z] [0mGET /api/auth/me [32m200[0m 2.246 ms - 483[0m
[2025-12-11T14:15:17.445Z] 🔍 인증된 사용자 - ID: 974640, 이메일: dev@playmate.com, 닉네임: 개발자
[2025-12-11T14:15:17.446Z] 📊 총 11개 안전한 매칭 데이터 반환
[0mGET /api/matchings?show_only_recruiting=true&show_only_following=false [32m200[0m 1.843 ms - 11719[0m
[2025-12-11T14:15:32.384Z] ⚠️ 높은 힙 메모리 사용량: 21MB / 30MB (70.1%)
[2025-12-11T14:15:32.386Z] 📊 메모리 통계: {
  "timestamp": "2025-12-11T14:15:32.384Z",
  "heap": {
    "used": 21,
    "total": 30,
    "external": 20
  },
  "system": {
    "used": 48445,
    "total": 49152,
    "percent": "98.6"
  }
}
[2025-12-11T14:15:32.402Z] [0mGET /api/health [32m200[0m 0.336 ms - 241[0m
[2025-12-11T14:16:02.382Z] 🧹 메모리 정리 작업 완료
[2025-12-11T14:16:02.384Z] ⚠️ 높은 힙 메모리 사용량: 21MB / 30MB (70.3%)
[2025-12-11T14:16:02.385Z] 📊 메모리 통계: {
  "timestamp": "2025-12-11T14:16:02.384Z",
  "heap": {
    "used": 21,
    "total": 30,
    "external": 20
  },
  "system": {
    "used": 48526,
    "total": 49152,
    "percent": "98.7"
  }
}
[2025-12-11T14:16:02.390Z] [0mGET /api/health [32m200[0m 0.699 ms - 241[0m
[2025-12-11T14:16:32.386Z] [0mGET /api/health [32m200[0m 0.925 ms - 241[0m
[2025-12-11T14:16:32.387Z] ⚠️ 높은 힙 메모리 사용량: 21MB / 30MB (70.8%)
📊 메모리 통계: {
  "timestamp": "2025-12-11T14:16:32.386Z",
  "heap": {
    "used": 21,
    "total": 30,
    "external": 20
  },
  "system": {
    "used": 48399,
    "total": 49152,
    "percent": "98.5"
  }
}
[2025-12-11T14:17:02.383Z] 🧹 메모리 정리 작업 완료
[2025-12-11T14:17:02.386Z] [0mGET /api/health [32m200[0m 0.699 ms - 241[0m
[2025-12-11T14:17:02.387Z] ⚠️ 높은 힙 메모리 사용량: 21MB / 30MB (71.0%)
📊 메모리 통계: {
  "timestamp": "2025-12-11T14:17:02.386Z",
  "heap": {
    "used": 21,
    "total": 30,
    "external": 20
  },
  "system": {
    "used": 48498,
    "total": 49152,
    "percent": "98.7"
  }
}
[2025-12-11T14:17:32.386Z] [0mGET /api/health [32m200[0m 0.916 ms - 241[0m
[2025-12-11T14:17:32.387Z] ⚠️ 높은 힙 메모리 사용량: 21MB / 30MB (71.3%)
📊 메모리 통계: {
  "timestamp": "2025-12-11T14:17:32.386Z",
  "heap": {
    "used": 21,
    "total": 30,
    "external": 20
  },
  "system": {
    "used": 48367,
    "total": 49152,
    "percent": "98.4"
  }
}
[2025-12-11T14:18:02.384Z] 🧹 메모리 정리 작업 완료
[2025-12-11T14:18:02.386Z] [0mGET /api/health [32m200[0m 0.299 ms - 241[0m
[2025-12-11T14:18:02.387Z] ⚠️ 높은 힙 메모리 사용량: 21MB / 30MB (71.5%)
[2025-12-11T14:18:02.387Z] 📊 메모리 통계: {
  "timestamp": "2025-12-11T14:18:02.387Z",
  "heap": {
    "used": 21,
    "total": 30,
    "external": 20
  },
  "system": {
    "used": 48517,
    "total": 49152,
    "percent": "98.7"
  }
}
[2025-12-11T14:18:32.397Z] ⚠️ 높은 힙 메모리 사용량: 21MB / 30MB (71.6%)
[2025-12-11T14:18:32.398Z] 📊 메모리 통계: {
  "timestamp": "2025-12-11T14:18:32.397Z",
  "heap": {
    "used": 21,
    "total": 30,
    "external": 20
  },
  "system": {
    "used": 48926,
    "total": 49152,
    "percent": "99.5"
  }
}
[2025-12-11T14:18:32.408Z] [0mGET /api/health [32m200[0m 0.180 ms - 241[0m
[2025-12-11T14:19:02.386Z] 🧹 메모리 정리 작업 완료
[2025-12-11T14:19:02.388Z] [0mGET /api/health [32m200[0m 0.837 ms - 241[0m
[2025-12-11T14:19:02.400Z] 📊 메모리 통계: {
  "timestamp": "2025-12-11T14:19:02.399Z",
  "heap": {
    "used": 21,
    "total": 30,
    "external": 20
  },
  "system": {
    "used": 48562,
    "total": 49152,
    "percent": "98.8"
  }
}
[2025-12-11T14:19:32.387Z] [0mGET /api/health [32m200[0m 0.661 ms - 241[0m
[2025-12-11T14:19:32.400Z] ⚠️ 높은 힙 메모리 사용량: 21MB / 30MB (70.0%)
[2025-12-11T14:19:32.400Z] 📊 메모리 통계: {
  "timestamp": "2025-12-11T14:19:32.399Z",
  "heap": {
    "used": 21,
    "total": 30,
    "external": 20
  },
  "system": {
    "used": 48414,
    "total": 49152,
    "percent": "98.5"
  }
}
[2025-12-11T14:20:02.388Z] [0mGET /api/health [32m200[0m 0.503 ms - 241[0m
[2025-12-11T14:20:02.388Z] 🧹 메모리 정리 작업 완료
[2025-12-11T14:20:02.402Z] ⚠️ 높은 힙 메모리 사용량: 21MB / 30MB (70.3%)
[2025-12-11T14:20:02.402Z] 📊 메모리 통계: {
  "timestamp": "2025-12-11T14:20:02.402Z",
  "heap": {
    "used": 21,
    "total": 30,
    "external": 20
  },
  "system": {
    "used": 48487,
    "total": 49152,
    "percent": "98.6"
  }
}
[2025-12-11T14:20:02.825Z] 🔍 인증된 사용자 - ID: 974640, 이메일: dev@playmate.com, 닉네임: 개발자
[2025-12-11T14:20:02.826Z] [0mGET /api/auth/me [32m200[0m 2.458 ms - 483[0m
[2025-12-11T14:20:17.456Z] 🔍 인증된 사용자 - ID: 974640, 이메일: dev@playmate.com, 닉네임: 개발자
[2025-12-11T14:20:17.457Z] 📊 총 11개 안전한 매칭 데이터 반환
[0mGET /api/matchings?show_only_recruiting=true&show_only_following=false [32m200[0m 2.149 ms - 11719[0m
[2025-12-11T14:20:32.389Z] [0mGET /api/health [32m200[0m 0.718 ms - 241[0m
[2025-12-11T14:20:32.404Z] ⚠️ 높은 힙 메모리 사용량: 21MB / 30MB (71.1%)
[2025-12-11T14:20:32.405Z] 📊 메모리 통계: {
  "timestamp": "2025-12-11T14:20:32.404Z",
  "heap": {
    "used": 21,
    "total": 30,
    "external": 20
  },
  "system": {
    "used": 48417,
    "total": 49152,
    "percent": "98.5"
  }
}
[2025-12-11T14:21:02.388Z] 🧹 메모리 정리 작업 완료
[2025-12-11T14:21:02.396Z] [0mGET /api/health [32m200[0m 0.648 ms - 241[0m
[2025-12-11T14:21:02.405Z] ⚠️ 높은 힙 메모리 사용량: 21MB / 30MB (71.4%)
[2025-12-11T14:21:02.405Z] 📊 메모리 통계: {
  "timestamp": "2025-12-11T14:21:02.405Z",
  "heap": {
    "used": 21,
    "total": 30,
    "external": 20
  },
  "system": {
    "used": 48420,
    "total": 49152,
    "percent": "98.5"
  }
}
[2025-12-11T14:21:32.387Z] [0mGET /api/health [32m200[0m 0.649 ms - 241[0m
[2025-12-11T14:21:32.406Z] ⚠️ 높은 힙 메모리 사용량: 21MB / 30MB (71.6%)
[2025-12-11T14:21:32.406Z] 📊 메모리 통계: {
  "timestamp": "2025-12-11T14:21:32.406Z",
  "heap": {
    "used": 21,
    "total": 30,
    "external": 20
  },
  "system": {
    "used": 48426,
    "total": 49152,
    "percent": "98.5"
  }
}
[2025-12-11T14:22:02.383Z] [0mGET /api/health [32m200[0m 0.271 ms - 241[0m
[2025-12-11T14:22:02.390Z] 🧹 메모리 정리 작업 완료
[2025-12-11T14:22:02.408Z] ⚠️ 높은 힙 메모리 사용량: 22MB / 30MB (71.9%)
[2025-12-11T14:22:02.409Z] 📊 메모리 통계: {
  "timestamp": "2025-12-11T14:22:02.408Z",
  "heap": {
    "used": 22,
    "total": 30,
    "external": 20
  },
  "system": {
    "used": 48381,
    "total": 49152,
    "percent": "98.4"
  }
}
[2025-12-11T14:22:32.388Z] [0mGET /api/health [32m200[0m 0.717 ms - 241[0m
[2025-12-11T14:22:32.410Z] ⚠️ 높은 힙 메모리 사용량: 21MB / 30MB (70.2%)
[2025-12-11T14:22:32.413Z] 📊 메모리 통계: {
  "timestamp": "2025-12-11T14:22:32.410Z",
  "heap": {
    "used": 21,
    "total": 30,
    "external": 20
  },
  "system": {
    "used": 48351,
    "total": 49152,
    "percent": "98.4"
  }
}
[2025-12-11T14:23:02.389Z] [0mGET /api/health [32m200[0m 0.735 ms - 241[0m
[2025-12-11T14:23:02.392Z] 🧹 메모리 정리 작업 완료
[2025-12-11T14:23:02.411Z] ⚠️ 높은 힙 메모리 사용량: 21MB / 30MB (70.5%)
[2025-12-11T14:23:02.412Z] 📊 메모리 통계: {
  "timestamp": "2025-12-11T14:23:02.411Z",
  "heap": {
    "used": 21,
    "total": 30,
    "external": 20
  },
  "system": {
    "used": 48401,
    "total": 49152,
    "percent": "98.5"
  }
}
[2025-12-11T14:23:32.394Z] [0mGET /api/health [32m200[0m 0.779 ms - 241[0m
[2025-12-11T14:23:32.413Z] ⚠️ 높은 힙 메모리 사용량: 21MB / 30MB (70.7%)
[2025-12-11T14:23:32.414Z] 📊 메모리 통계: {
  "timestamp": "2025-12-11T14:23:32.413Z",
  "heap": {
    "used": 21,
    "total": 30,
    "external": 20
  },
  "system": {
    "used": 48926,
    "total": 49152,
    "percent": "99.5"
  }
}
[2025-12-11T14:24:02.390Z] [0mGET /api/health [32m200[0m 0.744 ms - 241[0m
[2025-12-11T14:24:02.392Z] 🧹 메모리 정리 작업 완료
[2025-12-11T14:24:02.416Z] ⚠️ 높은 힙 메모리 사용량: 21MB / 30MB (71.0%)
[2025-12-11T14:24:02.417Z] 📊 메모리 통계: {
  "timestamp": "2025-12-11T14:24:02.416Z",
  "heap": {
    "used": 21,
    "total": 30,
    "external": 20
  },
  "system": {
    "used": 48560,
    "total": 49152,
    "percent": "98.8"
  }
}
[2025-12-11T14:24:32.395Z] [0mGET /api/health [32m200[0m 0.749 ms - 241[0m
[2025-12-11T14:24:32.419Z] ⚠️ 높은 힙 메모리 사용량: 21MB / 30MB (71.2%)
[2025-12-11T14:24:32.419Z] 📊 메모리 통계: {
  "timestamp": "2025-12-11T14:24:32.418Z",
  "heap": {
    "used": 21,
    "total": 30,
    "external": 20
  },
  "system": {
    "used": 48549,
    "total": 49152,
    "percent": "98.8"
  }
}
[2025-12-11T14:25:02.393Z] [0mGET /api/health [32m200[0m 0.666 ms - 241[0m
[2025-12-11T14:25:02.393Z] 🧹 메모리 정리 작업 완료
[2025-12-11T14:25:02.419Z] ⚠️ 높은 힙 메모리 사용량: 21MB / 30MB (71.5%)
[2025-12-11T14:25:02.420Z] 📊 메모리 통계: {
  "timestamp": "2025-12-11T14:25:02.419Z",
  "heap": {
    "used": 21,
    "total": 30,
    "external": 20
  },
  "system": {
    "used": 48427,
    "total": 49152,
    "percent": "98.5"
  }
}
[2025-12-11T14:25:02.830Z] 🔍 인증된 사용자 - ID: 974640, 이메일: dev@playmate.com, 닉네임: 개발자
[2025-12-11T14:25:02.831Z] [0mGET /api/auth/me [32m200[0m 2.050 ms - 483[0m
[2025-12-11T14:25:17.458Z] 🔍 인증된 사용자 - ID: 974640, 이메일: dev@playmate.com, 닉네임: 개발자
[2025-12-11T14:25:17.459Z] 📊 총 11개 안전한 매칭 데이터 반환
[2025-12-11T14:25:17.459Z] [0mGET /api/matchings?show_only_recruiting=true&show_only_following=false [32m200[0m 2.689 ms - 11719[0m
[2025-12-11T14:25:32.393Z] [0mGET /api/health [32m200[0m 0.833 ms - 241[0m
[2025-12-11T14:25:32.421Z] ⚠️ 높은 힙 메모리 사용량: 22MB / 30MB (72.3%)
[2025-12-11T14:25:32.421Z] 📊 메모리 통계: {
  "timestamp": "2025-12-11T14:25:32.421Z",
  "heap": {
    "used": 22,
    "total": 30,
    "external": 20
  },
  "system": {
    "used": 48463,
    "total": 49152,
    "percent": "98.6"
  }
}
[2025-12-11T14:26:02.394Z] [0mGET /api/health [32m200[0m 0.828 ms - 241[0m
[2025-12-11T14:26:02.395Z] 🧹 메모리 정리 작업 완료
[2025-12-11T14:26:02.424Z] 📊 메모리 통계: {
  "timestamp": "2025-12-11T14:26:02.423Z",
  "heap": {
    "used": 21,
    "total": 31,
    "external": 20
  },
  "system": {
    "used": 48413,
    "total": 49152,
    "percent": "98.5"
  }
}
[2025-12-11T14:26:32.392Z] [0mGET /api/health [32m200[0m 0.731 ms - 241[0m
[2025-12-11T14:26:32.426Z] 📊 메모리 통계: {
  "timestamp": "2025-12-11T14:26:32.424Z",
  "heap": {
    "used": 21,
    "total": 31,
    "external": 20
  },
  "system": {
    "used": 48507,
    "total": 49152,
    "percent": "98.7"
  }
}
[2025-12-11T14:27:02.391Z] [0mGET /api/health [32m200[0m 0.695 ms - 241[0m
[2025-12-11T14:27:02.395Z] 🧹 메모리 정리 작업 완료
[2025-12-11T14:27:02.428Z] 📊 메모리 통계: {
  "timestamp": "2025-12-11T14:27:02.427Z",
  "heap": {
    "used": 21,
    "total": 31,
    "external": 20
  },
  "system": {
    "used": 48477,
    "total": 49152,
    "percent": "98.6"
  }
}
[2025-12-11T14:27:32.397Z] [0mGET /api/health [32m200[0m 0.806 ms - 241[0m
[2025-12-11T14:27:32.430Z] 📊 메모리 통계: {
  "timestamp": "2025-12-11T14:27:32.429Z",
  "heap": {
    "used": 21,
    "total": 31,
    "external": 20
  },
  "system": {
    "used": 48457,
    "total": 49152,
    "percent": "98.6"
  }
}
[2025-12-11T14:28:02.397Z] 🧹 메모리 정리 작업 완료
[2025-12-11T14:28:02.404Z] [0mGET /api/health [32m200[0m 0.655 ms - 241[0m
[2025-12-11T14:28:02.433Z] 📊 메모리 통계: {
  "timestamp": "2025-12-11T14:28:02.432Z",
  "heap": {
    "used": 21,
    "total": 31,
    "external": 20
  },
  "system": {
    "used": 48449,
    "total": 49152,
    "percent": "98.6"
  }
}
[2025-12-11T14:28:32.398Z] [0mGET /api/health [32m200[0m 0.779 ms - 241[0m
[2025-12-11T14:28:32.433Z] 📊 메모리 통계: {
  "timestamp": "2025-12-11T14:28:32.432Z",
  "heap": {
    "used": 22,
    "total": 31,
    "external": 20
  },
  "system": {
    "used": 48973,
    "total": 49152,
    "percent": "99.6"
  }
}
[2025-12-11T14:29:02.396Z] [0mGET /api/health [32m200[0m 0.724 ms - 241[0m
[2025-12-11T14:29:02.398Z] 🧹 메모리 정리 작업 완료
[2025-12-11T14:29:02.436Z] 📊 메모리 통계: {
  "timestamp": "2025-12-11T14:29:02.435Z",
  "heap": {
    "used": 22,
    "total": 31,
    "external": 20
  },
  "system": {
    "used": 48931,
    "total": 49152,
    "percent": "99.6"
  }
}
[2025-12-11T14:29:32.398Z] [0mGET /api/health [32m200[0m 0.827 ms - 241[0m
[2025-12-11T14:29:32.436Z] ⚠️ 높은 힙 메모리 사용량: 22MB / 31MB (70.1%)
[2025-12-11T14:29:32.436Z] 📊 메모리 통계: {
  "timestamp": "2025-12-11T14:29:32.436Z",
  "heap": {
    "used": 22,
    "total": 31,
    "external": 20
  },
  "system": {
    "used": 48453,
    "total": 49152,
    "percent": "98.6"
  }
}
[2025-12-11T14:30:02.398Z] [0mGET /api/health [32m200[0m 0.766 ms - 241[0m
[2025-12-11T14:30:02.400Z] 🧹 메모리 정리 작업 완료
[2025-12-11T14:30:02.438Z] ⚠️ 높은 힙 메모리 사용량: 22MB / 31MB (70.3%)
[2025-12-11T14:30:02.439Z] 📊 메모리 통계: {
  "timestamp": "2025-12-11T14:30:02.438Z",
  "heap": {
    "used": 22,
    "total": 31,
    "external": 20
  },
  "system": {
    "used": 48406,
    "total": 49152,
    "percent": "98.5"
  }
}
[2025-12-11T14:30:02.827Z] 🔍 인증된 사용자 - ID: 974640, 이메일: dev@playmate.com, 닉네임: 개발자
[2025-12-11T14:30:02.828Z] [0mGET /api/auth/me [32m200[0m 2.087 ms - 483[0m
[2025-12-11T14:30:17.462Z] 🔍 인증된 사용자 - ID: 974640, 이메일: dev@playmate.com, 닉네임: 개발자
[2025-12-11T14:30:17.463Z] 📊 총 11개 안전한 매칭 데이터 반환
[2025-12-11T14:30:17.464Z] [0mGET /api/matchings?show_only_recruiting=true&show_only_following=false [32m200[0m 2.590 ms - 11719[0m
[2025-12-11T14:30:32.397Z] [0mGET /api/health [32m200[0m 0.804 ms - 241[0m
[2025-12-11T14:30:32.442Z] ⚠️ 높은 힙 메모리 사용량: 21MB / 30MB (71.4%)
[2025-12-11T14:30:32.444Z] 📊 메모리 통계: {
  "timestamp": "2025-12-11T14:30:32.441Z",
  "heap": {
    "used": 21,
    "total": 30,
    "external": 20
  },
  "system": {
    "used": 48335,
    "total": 49152,
    "percent": "98.3"
  }
}
[2025-12-11T14:31:02.401Z] [0mGET /api/health [32m200[0m 0.588 ms - 241[0m
[2025-12-11T14:31:02.401Z] 🧹 메모리 정리 작업 완료
[2025-12-11T14:31:02.443Z] ⚠️ 높은 힙 메모리 사용량: 21MB / 30MB (71.7%)
[2025-12-11T14:31:02.444Z] 📊 메모리 통계: {
  "timestamp": "2025-12-11T14:31:02.443Z",
  "heap": {
    "used": 21,
    "total": 30,
    "external": 20
  },
  "system": {
    "used": 48294,
    "total": 49152,
    "percent": "98.3"
  }
}
[2025-12-11T14:31:32.398Z] [0mGET /api/health [32m200[0m 0.574 ms - 241[0m
[2025-12-11T14:31:32.444Z] ⚠️ 높은 힙 메모리 사용량: 22MB / 30MB (71.9%)
[2025-12-11T14:31:32.444Z] 📊 메모리 통계: {
  "timestamp": "2025-12-11T14:31:32.444Z",
  "heap": {
    "used": 22,
    "total": 30,
    "external": 20
  },
  "system": {
    "used": 48353,
    "total": 49152,
    "percent": "98.4"
  }
}
[2025-12-11T14:32:02.398Z] [0mGET /api/health [32m200[0m 0.752 ms - 241[0m
[2025-12-11T14:32:02.403Z] 🧹 메모리 정리 작업 완료
[2025-12-11T14:32:02.444Z] ⚠️ 높은 힙 메모리 사용량: 22MB / 30MB (72.2%)
[2025-12-11T14:32:02.444Z] 📊 메모리 통계: {
  "timestamp": "2025-12-11T14:32:02.444Z",
  "heap": {
    "used": 22,
    "total": 30,
    "external": 20
  },
  "system": {
    "used": 48295,
    "total": 49152,
    "percent": "98.3"
  }
}
[2025-12-11T14:32:32.401Z] [0mGET /api/health [32m200[0m 0.868 ms - 241[0m
[2025-12-11T14:32:32.446Z] ⚠️ 높은 힙 메모리 사용량: 22MB / 30MB (72.4%)
[2025-12-11T14:32:32.447Z] 📊 메모리 통계: {
  "timestamp": "2025-12-11T14:32:32.446Z",
  "heap": {
    "used": 22,
    "total": 30,
    "external": 20
  },
  "system": {
    "used": 48397,
    "total": 49152,
    "percent": "98.5"
  }
}
[2025-12-11T14:33:02.400Z] [0mGET /api/health [32m200[0m 0.781 ms - 241[0m
[2025-12-11T14:33:02.404Z] 🧹 메모리 정리 작업 완료
[2025-12-11T14:33:02.449Z] ⚠️ 높은 힙 메모리 사용량: 22MB / 30MB (72.7%)
[2025-12-11T14:33:02.449Z] 📊 메모리 통계: {
  "timestamp": "2025-12-11T14:33:02.448Z",
  "heap": {
    "used": 22,
    "total": 30,
    "external": 20
  },
  "system": {
    "used": 48292,
    "total": 49152,
    "percent": "98.3"
  }
}
[2025-12-11T14:33:32.401Z] [0mGET /api/health [32m200[0m 0.413 ms - 241[0m
[2025-12-11T14:33:32.450Z] ⚠️ 높은 힙 메모리 사용량: 22MB / 30MB (72.9%)
[2025-12-11T14:33:32.451Z] 📊 메모리 통계: {
  "timestamp": "2025-12-11T14:33:32.450Z",
  "heap": {
    "used": 22,
    "total": 30,
    "external": 20
  },
  "system": {
    "used": 48775,
    "total": 49152,
    "percent": "99.2"
  }
}
[2025-12-11T14:34:02.397Z] [0mGET /api/health [32m200[0m 0.554 ms - 241[0m
[2025-12-11T14:34:02.407Z] 🧹 메모리 정리 작업 완료
[2025-12-11T14:34:02.454Z] ⚠️ 높은 힙 메모리 사용량: 22MB / 30MB (73.2%)
[2025-12-11T14:34:02.454Z] 📊 메모리 통계: {
  "timestamp": "2025-12-11T14:34:02.453Z",
  "heap": {
    "used": 22,
    "total": 30,
    "external": 20
  },
  "system": {
    "used": 48850,
    "total": 49152,
    "percent": "99.4"
  }
}
[2025-12-11T14:34:32.401Z] [0mGET /api/health [32m200[0m 0.739 ms - 241[0m
[2025-12-11T14:34:32.456Z] ⚠️ 높은 힙 메모리 사용량: 22MB / 30MB (73.4%)
[2025-12-11T14:34:32.456Z] 📊 메모리 통계: {
  "timestamp": "2025-12-11T14:34:32.455Z",
  "heap": {
    "used": 22,
    "total": 30,
    "external": 20
  },
  "system": {
    "used": 48391,
    "total": 49152,
    "percent": "98.5"
  }
}
[2025-12-11T14:35:02.400Z] [0mGET /api/health [32m200[0m 0.755 ms - 241[0m
[2025-12-11T14:35:02.409Z] 🧹 메모리 정리 작업 완료
[2025-12-11T14:35:02.458Z] ⚠️ 높은 힙 메모리 사용량: 22MB / 30MB (71.8%)
[2025-12-11T14:35:02.459Z] 📊 메모리 통계: {
  "timestamp": "2025-12-11T14:35:02.458Z",
  "heap": {
    "used": 22,
    "total": 30,
    "external": 20
  },
  "system": {
    "used": 48463,
    "total": 49152,
    "percent": "98.6"
  }
}
[2025-12-11T14:35:02.826Z] 🔍 인증된 사용자 - ID: 974640, 이메일: dev@playmate.com, 닉네임: 개발자
[2025-12-11T14:35:02.826Z] [0mGET /api/auth/me [32m200[0m 2.259 ms - 483[0m
[2025-12-11T14:35:17.459Z] 🔍 인증된 사용자 - ID: 974640, 이메일: dev@playmate.com, 닉네임: 개발자
[2025-12-11T14:35:17.460Z] 📊 총 11개 안전한 매칭 데이터 반환
[2025-12-11T14:35:17.460Z] [0mGET /api/matchings?show_only_recruiting=true&show_only_following=false [32m200[0m 2.189 ms - 11719[0m
[2025-12-11T14:35:32.401Z] [0mGET /api/health [32m200[0m 0.789 ms - 241[0m
[2025-12-11T14:35:32.460Z] ⚠️ 높은 힙 메모리 사용량: 22MB / 30MB (72.6%)
[2025-12-11T14:35:32.461Z] 📊 메모리 통계: {
  "timestamp": "2025-12-11T14:35:32.460Z",
  "heap": {
    "used": 22,
    "total": 30,
    "external": 20
  },
  "system": {
    "used": 47061,
    "total": 49152,
    "percent": "95.7"
  }
}
[2025-12-11T14:36:02.409Z] [0mGET /api/health [32m200[0m 0.827 ms - 241[0m
[2025-12-11T14:36:02.410Z] 🧹 메모리 정리 작업 완료
[2025-12-11T14:36:02.463Z] ⚠️ 높은 힙 메모리 사용량: 22MB / 30MB (72.9%)
[2025-12-11T14:36:02.463Z] 📊 메모리 통계: {
  "timestamp": "2025-12-11T14:36:02.462Z",
  "heap": {
    "used": 22,
    "total": 30,
    "external": 20
  },
  "system": {
    "used": 46901,
    "total": 49152,
    "percent": "95.4"
  }
}
[2025-12-11T14:36:32.403Z] [0mGET /api/health [32m200[0m 0.794 ms - 241[0m
[2025-12-11T14:36:32.464Z] ⚠️ 높은 힙 메모리 사용량: 22MB / 30MB (73.1%)
[2025-12-11T14:36:32.465Z] 📊 메모리 통계: {
  "timestamp": "2025-12-11T14:36:32.464Z",
  "heap": {
    "used": 22,
    "total": 30,
    "external": 20
  },
  "system": {
    "used": 46917,
    "total": 49152,
    "percent": "95.5"
  }
}
[2025-12-11T14:37:02.406Z] [0mGET /api/health [32m200[0m 0.690 ms - 241[0m
[2025-12-11T14:37:02.410Z] 🧹 메모리 정리 작업 완료
[2025-12-11T14:37:02.466Z] ⚠️ 높은 힙 메모리 사용량: 22MB / 30MB (73.4%)
[2025-12-11T14:37:02.466Z] 📊 메모리 통계: {
  "timestamp": "2025-12-11T14:37:02.465Z",
  "heap": {
    "used": 22,
    "total": 30,
    "external": 20
  },
  "system": {
    "used": 46927,
    "total": 49152,
    "percent": "95.5"
  }
}
[2025-12-11T14:37:32.400Z] [0mGET /api/health [32m200[0m 0.722 ms - 241[0m
[2025-12-11T14:37:32.469Z] ⚠️ 높은 힙 메모리 사용량: 22MB / 30MB (73.6%)
[2025-12-11T14:37:32.469Z] 📊 메모리 통계: {
  "timestamp": "2025-12-11T14:37:32.468Z",
  "heap": {
    "used": 22,
    "total": 30,
    "external": 20
  },
  "system": {
    "used": 47009,
    "total": 49152,
    "percent": "95.6"
  }
}
[2025-12-11T14:38:02.411Z] [0mGET /api/health [32m200[0m 0.800 ms - 241[0m
[2025-12-11T14:38:02.411Z] 🧹 메모리 정리 작업 완료
[2025-12-11T14:38:02.470Z] ⚠️ 높은 힙 메모리 사용량: 22MB / 30MB (73.9%)
[2025-12-11T14:38:02.471Z] 📊 메모리 통계: {
  "timestamp": "2025-12-11T14:38:02.470Z",
  "heap": {
    "used": 22,
    "total": 30,
    "external": 20
  },
  "system": {
    "used": 46942,
    "total": 49152,
    "percent": "95.5"
  }
}
[2025-12-11T14:38:32.401Z] [0mGET /api/health [32m200[0m 0.934 ms - 241[0m
[2025-12-11T14:38:32.473Z] ⚠️ 높은 힙 메모리 사용량: 22MB / 30MB (72.2%)
[2025-12-11T14:38:32.474Z] 📊 메모리 통계: {
  "timestamp": "2025-12-11T14:38:32.473Z",
  "heap": {
    "used": 22,
    "total": 30,
    "external": 20
  },
  "system": {
    "used": 47474,
    "total": 49152,
    "percent": "96.6"
  }
}
[2025-12-11T14:39:02.412Z] [0mGET /api/health [32m200[0m 0.743 ms - 241[0m
[2025-12-11T14:39:02.412Z] 🧹 메모리 정리 작업 완료
[2025-12-11T14:39:02.473Z] ⚠️ 높은 힙 메모리 사용량: 22MB / 30MB (72.5%)
[2025-12-11T14:39:02.474Z] 📊 메모리 통계: {
  "timestamp": "2025-12-11T14:39:02.473Z",
  "heap": {
    "used": 22,
    "total": 30,
    "external": 20
  },
  "system": {
    "used": 48110,
    "total": 49152,
    "percent": "97.9"
  }
}
[2025-12-11T14:39:32.403Z] [0mGET /api/health [32m200[0m 0.571 ms - 241[0m
[2025-12-11T14:39:32.475Z] ⚠️ 높은 힙 메모리 사용량: 22MB / 30MB (72.7%)
[2025-12-11T14:39:32.476Z] 📊 메모리 통계: {
  "timestamp": "2025-12-11T14:39:32.475Z",
  "heap": {
    "used": 22,
    "total": 30,
    "external": 20
  },
  "system": {
    "used": 47484,
    "total": 49152,
    "percent": "96.6"
  }
}
[2025-12-11T14:40:02.410Z] [0mGET /api/health [32m200[0m 0.761 ms - 241[0m
[2025-12-11T14:40:02.413Z] 🧹 메모리 정리 작업 완료
[2025-12-11T14:40:02.478Z] ⚠️ 높은 힙 메모리 사용량: 22MB / 30MB (73.0%)
[2025-12-11T14:40:02.478Z] 📊 메모리 통계: {
  "timestamp": "2025-12-11T14:40:02.477Z",
  "heap": {
    "used": 22,
    "total": 30,
    "external": 20
  },
  "system": {
    "used": 47480,
    "total": 49152,
    "percent": "96.6"
  }
}
[2025-12-11T14:40:02.835Z] 🔍 인증된 사용자 - ID: 974640, 이메일: dev@playmate.com, 닉네임: 개발자
[2025-12-11T14:40:02.836Z] [0mGET /api/auth/me [32m200[0m 2.153 ms - 483[0m
[2025-12-11T14:40:17.464Z] 🔍 인증된 사용자 - ID: 974640, 이메일: dev@playmate.com, 닉네임: 개발자
[2025-12-11T14:40:17.465Z] 📊 총 11개 안전한 매칭 데이터 반환
[0mGET /api/matchings?show_only_recruiting=true&show_only_following=false [32m200[0m 2.033 ms - 11719[0m
[2025-12-11T14:40:32.401Z] [0mGET /api/health [32m200[0m 0.711 ms - 241[0m
[2025-12-11T14:40:32.480Z] ⚠️ 높은 힙 메모리 사용량: 22MB / 30MB (73.8%)
[2025-12-11T14:40:32.480Z] 📊 메모리 통계: {
  "timestamp": "2025-12-11T14:40:32.480Z",
  "heap": {
    "used": 22,
    "total": 30,
    "external": 20
  },
  "system": {
    "used": 47694,
    "total": 49152,
    "percent": "97.0"
  }
}
[2025-12-11T14:41:02.404Z] [0mGET /api/health [32m200[0m 0.749 ms - 241[0m
[2025-12-11T14:41:02.414Z] 🧹 메모리 정리 작업 완료
[2025-12-11T14:41:02.483Z] ⚠️ 높은 힙 메모리 사용량: 22MB / 30MB (74.1%)
[2025-12-11T14:41:02.483Z] 📊 메모리 통계: {
  "timestamp": "2025-12-11T14:41:02.482Z",
  "heap": {
    "used": 22,
    "total": 30,
    "external": 20
  },
  "system": {
    "used": 47606,
    "total": 49152,
    "percent": "96.9"
  }
}
[2025-12-11T14:41:32.407Z] [0mGET /api/health [32m200[0m 0.817 ms - 241[0m
[2025-12-11T14:41:32.483Z] ⚠️ 높은 힙 메모리 사용량: 22MB / 30MB (74.3%)
[2025-12-11T14:41:32.484Z] 📊 메모리 통계: {
  "timestamp": "2025-12-11T14:41:32.483Z",
  "heap": {
    "used": 22,
    "total": 30,
    "external": 20
  },
  "system": {
    "used": 47548,
    "total": 49152,
    "percent": "96.7"
  }
}
[2025-12-11T14:42:02.404Z] [0mGET /api/health [32m200[0m 0.449 ms - 241[0m
[2025-12-11T14:42:02.416Z] 🧹 메모리 정리 작업 완료
[2025-12-11T14:42:02.485Z] ⚠️ 높은 힙 메모리 사용량: 22MB / 30MB (74.6%)
[2025-12-11T14:42:02.486Z] 📊 메모리 통계: {
  "timestamp": "2025-12-11T14:42:02.485Z",
  "heap": {
    "used": 22,
    "total": 30,
    "external": 20
  },
  "system": {
    "used": 47476,
    "total": 49152,
    "percent": "96.6"
  }
}
[2025-12-11T14:42:32.406Z] [0mGET /api/health [32m200[0m 0.856 ms - 241[0m
[2025-12-11T14:42:32.487Z] ⚠️ 높은 힙 메모리 사용량: 22MB / 31MB (70.6%)
[2025-12-11T14:42:32.488Z] 📊 메모리 통계: {
  "timestamp": "2025-12-11T14:42:32.487Z",
  "heap": {
    "used": 22,
    "total": 31,
    "external": 20
  },
  "system": {
    "used": 47589,
    "total": 49152,
    "percent": "96.8"
  }
}
[2025-12-11T14:43:02.416Z] [0mGET /api/health [32m200[0m 0.764 ms - 241[0m
[2025-12-11T14:43:02.417Z] 🧹 메모리 정리 작업 완료
[2025-12-11T14:43:02.489Z] ⚠️ 높은 힙 메모리 사용량: 22MB / 31MB (70.9%)
[2025-12-11T14:43:02.490Z] 📊 메모리 통계: {
  "timestamp": "2025-12-11T14:43:02.489Z",
  "heap": {
    "used": 22,
    "total": 31,
    "external": 20
  },
  "system": {
    "used": 47551,
    "total": 49152,
    "percent": "96.7"
  }
}
[2025-12-11T14:43:32.406Z] [0mGET /api/health [32m200[0m 0.478 ms - 241[0m
[2025-12-11T14:43:32.489Z] ⚠️ 높은 힙 메모리 사용량: 22MB / 31MB (71.1%)
📊 메모리 통계: {
  "timestamp": "2025-12-11T14:43:32.489Z",
  "heap": {
    "used": 22,
    "total": 31,
    "external": 20
  },
  "system": {
    "used": 48100,
    "total": 49152,
    "percent": "97.9"
  }
}
[2025-12-11T14:44:02.401Z] [0mGET /api/health [32m200[0m 0.527 ms - 241[0m
[2025-12-11T14:44:02.418Z] 🧹 메모리 정리 작업 완료
[2025-12-11T14:44:02.492Z] ⚠️ 높은 힙 메모리 사용량: 22MB / 31MB (71.4%)
[2025-12-11T14:44:02.493Z] 📊 메모리 통계: {
  "timestamp": "2025-12-11T14:44:02.492Z",
  "heap": {
    "used": 22,
    "total": 31,
    "external": 20
  },
  "system": {
    "used": 48509,
    "total": 49152,
    "percent": "98.7"
  }
}
[2025-12-11T14:44:32.403Z] [0mGET /api/health [32m200[0m 0.733 ms - 241[0m
[2025-12-11T14:44:32.493Z] ⚠️ 높은 힙 메모리 사용량: 22MB / 31MB (71.6%)
[2025-12-11T14:44:32.493Z] 📊 메모리 통계: {
  "timestamp": "2025-12-11T14:44:32.492Z",
  "heap": {
    "used": 22,
    "total": 31,
    "external": 20
  },
  "system": {
    "used": 48604,
    "total": 49152,
    "percent": "98.9"
  }
}
[2025-12-11T14:45:02.408Z] [0mGET /api/health [32m200[0m 0.817 ms - 241[0m
[2025-12-11T14:45:02.419Z] 🧹 메모리 정리 작업 완료
[2025-12-11T14:45:02.495Z] ⚠️ 높은 힙 메모리 사용량: 22MB / 31MB (71.9%)
[2025-12-11T14:45:02.496Z] 📊 메모리 통계: {
  "timestamp": "2025-12-11T14:45:02.495Z",
  "heap": {
    "used": 22,
    "total": 31,
    "external": 20
  },
  "system": {
    "used": 48044,
    "total": 49152,
    "percent": "97.7"
  }
}
[2025-12-11T14:45:02.838Z] 🔍 인증된 사용자 - ID: 974640, 이메일: dev@playmate.com, 닉네임: 개발자
[2025-12-11T14:45:02.838Z] [0mGET /api/auth/me [32m200[0m 0.634 ms - 483[0m
[2025-12-11T14:45:17.465Z] 🔍 인증된 사용자 - ID: 974640, 이메일: dev@playmate.com, 닉네임: 개발자
[2025-12-11T14:45:17.466Z] 📊 총 11개 안전한 매칭 데이터 반환
[0mGET /api/matchings?show_only_recruiting=true&show_only_following=false [32m200[0m 2.015 ms - 11719[0m
[2025-12-11T14:45:32.408Z] [0mGET /api/health [32m200[0m 0.831 ms - 241[0m
[2025-12-11T14:45:32.497Z] ⚠️ 높은 힙 메모리 사용량: 22MB / 30MB (73.3%)
[2025-12-11T14:45:32.498Z] 📊 메모리 통계: {
  "timestamp": "2025-12-11T14:45:32.497Z",
  "heap": {
    "used": 22,
    "total": 30,
    "external": 20
  },
  "system": {
    "used": 48076,
    "total": 49152,
    "percent": "97.8"
  }
}
[2025-12-11T14:46:02.413Z] [0mGET /api/health [32m200[0m 0.872 ms - 241[0m
[2025-12-11T14:46:02.421Z] 🧹 메모리 정리 작업 완료
[2025-12-11T14:46:02.499Z] ⚠️ 높은 힙 메모리 사용량: 22MB / 30MB (73.5%)
[2025-12-11T14:46:02.499Z] 📊 메모리 통계: {
  "timestamp": "2025-12-11T14:46:02.498Z",
  "heap": {
    "used": 22,
    "total": 30,
    "external": 20
  },
  "system": {
    "used": 47989,
    "total": 49152,
    "percent": "97.6"
  }
}
[2025-12-11T14:46:32.405Z] [0mGET /api/health [32m200[0m 1.024 ms - 241[0m
[2025-12-11T14:46:32.501Z] ⚠️ 높은 힙 메모리 사용량: 22MB / 30MB (73.7%)
[2025-12-11T14:46:32.501Z] 📊 메모리 통계: {
  "timestamp": "2025-12-11T14:46:32.500Z",
  "heap": {
    "used": 22,
    "total": 30,
    "external": 20
  },
  "system": {
    "used": 48167,
    "total": 49152,
    "percent": "98.0"
  }
}
[2025-12-11T14:47:02.407Z] [0mGET /api/health [32m200[0m 0.610 ms - 241[0m
[2025-12-11T14:47:02.424Z] 🧹 메모리 정리 작업 완료
[2025-12-11T14:47:02.504Z] ⚠️ 높은 힙 메모리 사용량: 22MB / 30MB (74.0%)
[2025-12-11T14:47:02.505Z] 📊 메모리 통계: {
  "timestamp": "2025-12-11T14:47:02.504Z",
  "heap": {
    "used": 22,
    "total": 30,
    "external": 20
  },
  "system": {
    "used": 48087,
    "total": 49152,
    "percent": "97.8"
  }
}
[2025-12-11T14:47:32.409Z] [0mGET /api/health [32m200[0m 0.752 ms - 241[0m
[2025-12-11T14:47:32.506Z] ⚠️ 높은 힙 메모리 사용량: 22MB / 30MB (74.2%)
[2025-12-11T14:47:32.507Z] 📊 메모리 통계: {
  "timestamp": "2025-12-11T14:47:32.506Z",
  "heap": {
    "used": 22,
    "total": 30,
    "external": 20
  },
  "system": {
    "used": 48075,
    "total": 49152,
    "percent": "97.8"
  }
}
[2025-12-11T14:48:02.412Z] [0mGET /api/health [32m200[0m 0.787 ms - 241[0m
[2025-12-11T14:48:02.427Z] 🧹 메모리 정리 작업 완료
[2025-12-11T14:48:02.507Z] ⚠️ 높은 힙 메모리 사용량: 22MB / 30MB (74.5%)
[2025-12-11T14:48:02.508Z] 📊 메모리 통계: {
  "timestamp": "2025-12-11T14:48:02.507Z",
  "heap": {
    "used": 22,
    "total": 30,
    "external": 20
  },
  "system": {
    "used": 48100,
    "total": 49152,
    "percent": "97.9"
  }
}
[2025-12-11T14:48:32.411Z] [0mGET /api/health [32m200[0m 0.761 ms - 241[0m
[2025-12-11T14:48:32.510Z] ⚠️ 높은 힙 메모리 사용량: 22MB / 30MB (74.7%)
[2025-12-11T14:48:32.511Z] 📊 메모리 통계: {
  "timestamp": "2025-12-11T14:48:32.510Z",
  "heap": {
    "used": 22,
    "total": 30,
    "external": 20
  },
  "system": {
    "used": 48576,
    "total": 49152,
    "percent": "98.8"
  }
}
[2025-12-11T14:49:02.412Z] [0mGET /api/health [32m200[0m 1.278 ms - 241[0m
[2025-12-11T14:49:02.428Z] 🧹 메모리 정리 작업 완료
[2025-12-11T14:49:02.512Z] ⚠️ 높은 힙 메모리 사용량: 22MB / 30MB (75.0%)
[2025-12-11T14:49:02.513Z] 📊 메모리 통계: {
  "timestamp": "2025-12-11T14:49:02.512Z",
  "heap": {
    "used": 22,
    "total": 30,
    "external": 20
  },
  "system": {
    "used": 48517,
    "total": 49152,
    "percent": "98.7"
  }
}
[2025-12-11T14:49:32.411Z] [0mGET /api/health [32m200[0m 0.994 ms - 241[0m
[2025-12-11T14:49:32.513Z] ⚠️ 높은 힙 메모리 사용량: 23MB / 30MB (75.2%)
[2025-12-11T14:49:32.513Z] 📊 메모리 통계: {
  "timestamp": "2025-12-11T14:49:32.512Z",
  "heap": {
    "used": 23,
    "total": 30,
    "external": 20
  },
  "system": {
    "used": 49078,
    "total": 49152,
    "percent": "99.8"
  }
}
[2025-12-11T14:50:02.405Z] [0mGET /api/health [32m200[0m 0.217 ms - 241[0m
[2025-12-11T14:50:02.430Z] 🧹 메모리 정리 작업 완료
[2025-12-11T14:50:02.515Z] ⚠️ 높은 힙 메모리 사용량: 23MB / 30MB (75.5%)
[2025-12-11T14:50:02.515Z] 📊 메모리 통계: {
  "timestamp": "2025-12-11T14:50:02.515Z",
  "heap": {
    "used": 23,
    "total": 30,
    "external": 20
  },
  "system": {
    "used": 48475,
    "total": 49152,
    "percent": "98.6"
  }
}
[2025-12-11T14:50:02.847Z] 🔍 인증된 사용자 - ID: 974640, 이메일: dev@playmate.com, 닉네임: 개발자
[2025-12-11T14:50:02.848Z] [0mGET /api/auth/me [32m200[0m 2.147 ms - 483[0m
[2025-12-11T14:50:17.381Z] 🔍 인증된 사용자 - ID: 974640, 이메일: dev@playmate.com, 닉네임: 개발자
[2025-12-11T14:50:17.382Z] 📊 총 11개 안전한 매칭 데이터 반환
[0mGET /api/matchings?show_only_recruiting=true&show_only_following=false [32m200[0m 1.763 ms - 11719[0m
[2025-12-11T14:50:32.323Z] [0mGET /api/health [32m200[0m 0.735 ms - 241[0m
[2025-12-11T14:50:32.432Z] ⚠️ 높은 힙 메모리 사용량: 22MB / 30MB (74.5%)
[2025-12-11T14:50:32.433Z] 📊 메모리 통계: {
  "timestamp": "2025-12-11T14:50:32.432Z",
  "heap": {
    "used": 22,
    "total": 30,
    "external": 20
  },
  "system": {
    "used": 48526,
    "total": 49152,
    "percent": "98.7"
  }
}
[2025-12-11T14:51:02.326Z] [0mGET /api/health [32m200[0m 0.746 ms - 241[0m
[2025-12-11T14:51:02.348Z] 🧹 메모리 정리 작업 완료
[2025-12-11T14:51:02.432Z] ⚠️ 높은 힙 메모리 사용량: 22MB / 30MB (74.8%)
[2025-12-11T14:51:02.433Z] 📊 메모리 통계: {
  "timestamp": "2025-12-11T14:51:02.432Z",
  "heap": {
    "used": 22,
    "total": 30,
    "external": 20
  },
  "system": {
    "used": 48587,
    "total": 49152,
    "percent": "98.9"
  }
}
[2025-12-11T14:51:32.327Z] [0mGET /api/health [32m200[0m 0.878 ms - 241[0m
[2025-12-11T14:51:32.434Z] ⚠️ 높은 힙 메모리 사용량: 22MB / 30MB (75.0%)
[2025-12-11T14:51:32.434Z] 📊 메모리 통계: {
  "timestamp": "2025-12-11T14:51:32.434Z",
  "heap": {
    "used": 22,
    "total": 30,
    "external": 20
  },
  "system": {
    "used": 48502,
    "total": 49152,
    "percent": "98.7"
  }
}
[2025-12-11T14:52:02.328Z] [0mGET /api/health [32m200[0m 0.793 ms - 241[0m
[2025-12-11T14:52:02.349Z] 🧹 메모리 정리 작업 완료
[2025-12-11T14:52:02.434Z] ⚠️ 높은 힙 메모리 사용량: 23MB / 30MB (75.3%)
[2025-12-11T14:52:02.435Z] 📊 메모리 통계: {
  "timestamp": "2025-12-11T14:52:02.434Z",
  "heap": {
    "used": 23,
    "total": 30,
    "external": 20
  },
  "system": {
    "used": 48543,
    "total": 49152,
    "percent": "98.8"
  }
}
[2025-12-11T14:52:32.325Z] [0mGET /api/health [32m200[0m 0.845 ms - 241[0m
[2025-12-11T14:52:32.435Z] ⚠️ 높은 힙 메모리 사용량: 23MB / 30MB (75.5%)
[2025-12-11T14:52:32.435Z] 📊 메모리 통계: {
  "timestamp": "2025-12-11T14:52:32.435Z",
  "heap": {
    "used": 23,
    "total": 30,
    "external": 20
  },
  "system": {
    "used": 48527,
    "total": 49152,
    "percent": "98.7"
  }
}
[2025-12-11T14:53:02.318Z] [0mGET /api/health [32m200[0m 0.237 ms - 241[0m
[2025-12-11T14:53:02.349Z] 🧹 메모리 정리 작업 완료
[2025-12-11T14:53:02.436Z] ⚠️ 높은 힙 메모리 사용량: 23MB / 30MB (75.8%)
[2025-12-11T14:53:02.437Z] 📊 메모리 통계: {
  "timestamp": "2025-12-11T14:53:02.436Z",
  "heap": {
    "used": 23,
    "total": 30,
    "external": 20
  },
  "system": {
    "used": 48547,
    "total": 49152,
    "percent": "98.8"
  }
}
[2025-12-11T14:53:32.322Z] [0mGET /api/health [32m200[0m 0.552 ms - 241[0m
[2025-12-11T14:53:32.435Z] ⚠️ 높은 힙 메모리 사용량: 23MB / 30MB (76.0%)
[2025-12-11T14:53:32.436Z] 📊 메모리 통계: {
  "timestamp": "2025-12-11T14:53:32.435Z",
  "heap": {
    "used": 23,
    "total": 30,
    "external": 20
  },
  "system": {
    "used": 48920,
    "total": 49152,
    "percent": "99.5"
  }
}
[2025-12-11T14:54:02.322Z] [0mGET /api/health [32m200[0m 0.798 ms - 241[0m
[2025-12-11T14:54:02.349Z] 🧹 메모리 정리 작업 완료
[2025-12-11T14:54:02.436Z] ⚠️ 높은 힙 메모리 사용량: 22MB / 30MB (74.3%)
[2025-12-11T14:54:02.436Z] 📊 메모리 통계: {
  "timestamp": "2025-12-11T14:54:02.436Z",
  "heap": {
    "used": 22,
    "total": 30,
    "external": 20
  },
  "system": {
    "used": 48975,
    "total": 49152,
    "percent": "99.6"
  }
}
[2025-12-11T14:54:32.324Z] [0mGET /api/health [32m200[0m 0.890 ms - 241[0m
[2025-12-11T14:54:32.437Z] ⚠️ 높은 힙 메모리 사용량: 22MB / 30MB (74.6%)
[2025-12-11T14:54:32.438Z] 📊 메모리 통계: {
  "timestamp": "2025-12-11T14:54:32.437Z",
  "heap": {
    "used": 22,
    "total": 30,
    "external": 20
  },
  "system": {
    "used": 49055,
    "total": 49152,
    "percent": "99.8"
  }
}
[2025-12-11T14:55:02.317Z] [0mGET /api/health [32m200[0m 0.706 ms - 241[0m
[2025-12-11T14:55:02.349Z] 🧹 메모리 정리 작업 완료
[2025-12-11T14:55:02.437Z] ⚠️ 높은 힙 메모리 사용량: 22MB / 30MB (74.8%)
[2025-12-11T14:55:02.437Z] 📊 메모리 통계: {
  "timestamp": "2025-12-11T14:55:02.437Z",
  "heap": {
    "used": 22,
    "total": 30,
    "external": 20
  },
  "system": {
    "used": 48411,
    "total": 49152,
    "percent": "98.5"
  }
}
[2025-12-11T14:55:02.751Z] 🔍 인증된 사용자 - ID: 974640, 이메일: dev@playmate.com, 닉네임: 개발자
[2025-12-11T14:55:02.752Z] [0mGET /api/auth/me [32m200[0m 1.537 ms - 483[0m
[2025-12-11T14:55:17.382Z] 🔍 인증된 사용자 - ID: 974640, 이메일: dev@playmate.com, 닉네임: 개발자
[2025-12-11T14:55:17.383Z] 📊 총 11개 안전한 매칭 데이터 반환
[0mGET /api/matchings?show_only_recruiting=true&show_only_following=false [32m200[0m 2.300 ms - 11719[0m
[2025-12-11T14:55:32.319Z] [0mGET /api/health [32m200[0m 0.557 ms - 241[0m
[2025-12-11T14:55:32.439Z] ⚠️ 높은 힙 메모리 사용량: 23MB / 30MB (75.7%)
[2025-12-11T14:55:32.440Z] 📊 메모리 통계: {
  "timestamp": "2025-12-11T14:55:32.439Z",
  "heap": {
    "used": 23,
    "total": 30,
    "external": 20
  },
  "system": {
    "used": 48394,
    "total": 49152,
    "percent": "98.5"
  }
}
[2025-12-11T14:56:02.319Z] [0mGET /api/health [32m200[0m 0.813 ms - 241[0m
[2025-12-11T14:56:02.350Z] 🧹 메모리 정리 작업 완료
[2025-12-11T14:56:02.440Z] ⚠️ 높은 힙 메모리 사용량: 23MB / 30MB (75.9%)
[2025-12-11T14:56:02.441Z] 📊 메모리 통계: {
  "timestamp": "2025-12-11T14:56:02.440Z",
  "heap": {
    "used": 23,
    "total": 30,
    "external": 20
  },
  "system": {
    "used": 48396,
    "total": 49152,
    "percent": "98.5"
  }
}
[2025-12-11T14:56:32.319Z] [0mGET /api/health [32m200[0m 0.923 ms - 241[0m
[2025-12-11T14:56:32.442Z] ⚠️ 높은 힙 메모리 사용량: 23MB / 30MB (76.2%)
[2025-12-11T14:56:32.442Z] 📊 메모리 통계: {
  "timestamp": "2025-12-11T14:56:32.441Z",
  "heap": {
    "used": 23,
    "total": 30,
    "external": 20
  },
  "system": {
    "used": 48358,
    "total": 49152,
    "percent": "98.4"
  }
}
[2025-12-11T14:57:02.316Z] [0mGET /api/health [32m200[0m 0.739 ms - 241[0m
[2025-12-11T14:57:02.350Z] 🧹 메모리 정리 작업 완료
[2025-12-11T14:57:02.442Z] ⚠️ 높은 힙 메모리 사용량: 23MB / 30MB (76.4%)
[2025-12-11T14:57:02.442Z] 📊 메모리 통계: {
  "timestamp": "2025-12-11T14:57:02.442Z",
  "heap": {
    "used": 23,
    "total": 30,
    "external": 20
  },
  "system": {
    "used": 48448,
    "total": 49152,
    "percent": "98.6"
  }
}
[2025-12-11T14:57:32.317Z] [0mGET /api/health [32m200[0m 0.824 ms - 241[0m
[2025-12-11T14:57:32.444Z] ⚠️ 높은 힙 메모리 사용량: 22MB / 30MB (74.9%)
[2025-12-11T14:57:32.445Z] 📊 메모리 통계: {
  "timestamp": "2025-12-11T14:57:32.444Z",
  "heap": {
    "used": 22,
    "total": 30,
    "external": 20
  },
  "system": {
    "used": 48427,
    "total": 49152,
    "percent": "98.5"
  }
}
[2025-12-11T14:58:02.314Z] [0mGET /api/health [32m200[0m 0.854 ms - 241[0m
[2025-12-11T14:58:02.349Z] 🧹 메모리 정리 작업 완료
[2025-12-11T14:58:02.444Z] ⚠️ 높은 힙 메모리 사용량: 23MB / 30MB (75.1%)
[2025-12-11T14:58:02.445Z] 📊 메모리 통계: {
  "timestamp": "2025-12-11T14:58:02.444Z",
  "heap": {
    "used": 23,
    "total": 30,
    "external": 20
  },
  "system": {
    "used": 48387,
    "total": 49152,
    "percent": "98.4"
  }
}
[2025-12-11T14:58:32.314Z] [0mGET /api/health [32m200[0m 0.821 ms - 241[0m
[2025-12-11T14:58:32.446Z] ⚠️ 높은 힙 메모리 사용량: 23MB / 30MB (75.4%)
[2025-12-11T14:58:32.446Z] 📊 메모리 통계: {
  "timestamp": "2025-12-11T14:58:32.445Z",
  "heap": {
    "used": 23,
    "total": 30,
    "external": 20
  },
  "system": {
    "used": 48866,
    "total": 49152,
    "percent": "99.4"
  }
}
[2025-12-11T14:59:02.323Z] [0mGET /api/health [32m200[0m 0.653 ms - 241[0m
[2025-12-11T14:59:02.350Z] 🧹 메모리 정리 작업 완료
[2025-12-11T14:59:02.447Z] ⚠️ 높은 힙 메모리 사용량: 23MB / 30MB (75.6%)
[2025-12-11T14:59:02.448Z] 📊 메모리 통계: {
  "timestamp": "2025-12-11T14:59:02.447Z",
  "heap": {
    "used": 23,
    "total": 30,
    "external": 20
  },
  "system": {
    "used": 48899,
    "total": 49152,
    "percent": "99.5"
  }
}
[2025-12-11T14:59:32.312Z] [0mGET /api/health [32m200[0m 0.471 ms - 241[0m
[2025-12-11T14:59:32.449Z] ⚠️ 높은 힙 메모리 사용량: 23MB / 30MB (75.9%)
[2025-12-11T14:59:32.450Z] 📊 메모리 통계: {
  "timestamp": "2025-12-11T14:59:32.449Z",
  "heap": {
    "used": 23,
    "total": 30,
    "external": 20
  },
  "system": {
    "used": 48970,
    "total": 49152,
    "percent": "99.6"
  }
}
[2025-12-11T15:00:02.313Z] [0mGET /api/health [32m200[0m 0.804 ms - 241[0m
[2025-12-11T15:00:02.348Z] 🧹 메모리 정리 작업 완료
[2025-12-11T15:00:02.449Z] ⚠️ 높은 힙 메모리 사용량: 23MB / 30MB (76.1%)
[2025-12-11T15:00:02.450Z] 📊 메모리 통계: {
  "timestamp": "2025-12-11T15:00:02.448Z",
  "heap": {
    "used": 23,
    "total": 30,
    "external": 20
  },
  "system": {
    "used": 49079,
    "total": 49152,
    "percent": "99.9"
  }
}
[2025-12-11T15:00:02.747Z] 🔍 인증된 사용자 - ID: 974640, 이메일: dev@playmate.com, 닉네임: 개발자
[2025-12-11T15:00:02.747Z] [0mGET /api/auth/me [32m200[0m 1.951 ms - 483[0m
[2025-12-11T15:00:17.371Z] 🔍 인증된 사용자 - ID: 974640, 이메일: dev@playmate.com, 닉네임: 개발자
[2025-12-11T15:00:17.372Z] 📊 총 11개 안전한 매칭 데이터 반환
[2025-12-11T15:00:17.372Z] [0mGET /api/matchings?show_only_recruiting=true&show_only_following=false [32m200[0m 2.168 ms - 11719[0m
[2025-12-11T15:00:32.311Z] [0mGET /api/health [32m200[0m 0.762 ms - 241[0m
[2025-12-11T15:00:32.451Z] ⚠️ 높은 힙 메모리 사용량: 23MB / 30MB (77.0%)
[2025-12-11T15:00:32.452Z] 📊 메모리 통계: {
  "timestamp": "2025-12-11T15:00:32.451Z",
  "heap": {
    "used": 23,
    "total": 30,
    "external": 20
  },
  "system": {
    "used": 48463,
    "total": 49152,
    "percent": "98.6"
  }
}
[2025-12-11T15:01:02.307Z] [0mGET /api/health [32m200[0m 0.812 ms - 241[0m
[2025-12-11T15:01:02.349Z] 🧹 메모리 정리 작업 완료
[2025-12-11T15:01:02.453Z] ⚠️ 높은 힙 메모리 사용량: 23MB / 31MB (72.9%)
[2025-12-11T15:01:02.454Z] 📊 메모리 통계: {
  "timestamp": "2025-12-11T15:01:02.453Z",
  "heap": {
    "used": 23,
    "total": 31,
    "external": 20
  },
  "system": {
    "used": 48338,
    "total": 49152,
    "percent": "98.3"
  }
}
[2025-12-11T15:01:32.313Z] [0mGET /api/health [32m200[0m 0.827 ms - 241[0m
[2025-12-11T15:01:32.452Z] ⚠️ 높은 힙 메모리 사용량: 23MB / 31MB (73.2%)
[2025-12-11T15:01:32.453Z] 📊 메모리 통계: {
  "timestamp": "2025-12-11T15:01:32.452Z",
  "heap": {
    "used": 23,
    "total": 31,
    "external": 20
  },
  "system": {
    "used": 48329,
    "total": 49152,
    "percent": "98.3"
  }
}
[2025-12-11T15:02:02.312Z] [0mGET /api/health [32m200[0m 0.231 ms - 241[0m
[2025-12-11T15:02:02.349Z] 🧹 메모리 정리 작업 완료
[2025-12-11T15:02:02.454Z] ⚠️ 높은 힙 메모리 사용량: 23MB / 31MB (73.4%)
[2025-12-11T15:02:02.455Z] 📊 메모리 통계: {
  "timestamp": "2025-12-11T15:02:02.454Z",
  "heap": {
    "used": 23,
    "total": 31,
    "external": 20
  },
  "system": {
    "used": 48468,
    "total": 49152,
    "percent": "98.6"
  }
}
[2025-12-11T15:02:32.310Z] [0mGET /api/health [32m200[0m 0.733 ms - 241[0m
[2025-12-11T15:02:32.454Z] ⚠️ 높은 힙 메모리 사용량: 23MB / 31MB (73.6%)
[2025-12-11T15:02:32.455Z] 📊 메모리 통계: {
  "timestamp": "2025-12-11T15:02:32.454Z",
  "heap": {
    "used": 23,
    "total": 31,
    "external": 20
  },
  "system": {
    "used": 48414,
    "total": 49152,
    "percent": "98.5"
  }
}
[2025-12-11T15:03:02.313Z] [0mGET /api/health [32m200[0m 0.815 ms - 241[0m
[2025-12-11T15:03:02.351Z] 🧹 메모리 정리 작업 완료
[2025-12-11T15:03:02.454Z] ⚠️ 높은 힙 메모리 사용량: 23MB / 31MB (73.9%)
[2025-12-11T15:03:02.454Z] 📊 메모리 통계: {
  "timestamp": "2025-12-11T15:03:02.453Z",
  "heap": {
    "used": 23,
    "total": 31,
    "external": 20
  },
  "system": {
    "used": 48578,
    "total": 49152,
    "percent": "98.8"
  }
}
[2025-12-11T15:03:32.309Z] [0mGET /api/health [32m200[0m 0.467 ms - 241[0m
[2025-12-11T15:03:32.454Z] ⚠️ 높은 힙 메모리 사용량: 23MB / 31MB (74.1%)
[2025-12-11T15:03:32.454Z] 📊 메모리 통계: {
  "timestamp": "2025-12-11T15:03:32.454Z",
  "heap": {
    "used": 23,
    "total": 31,
    "external": 20
  },
  "system": {
    "used": 48890,
    "total": 49152,
    "percent": "99.5"
  }
}
[2025-12-11T15:04:02.310Z] [0mGET /api/health [32m200[0m 0.788 ms - 241[0m
[2025-12-11T15:04:02.350Z] 🧹 메모리 정리 작업 완료
[2025-12-11T15:04:02.453Z] ⚠️ 높은 힙 메모리 사용량: 23MB / 31MB (74.4%)
[2025-12-11T15:04:02.453Z] 📊 메모리 통계: {
  "timestamp": "2025-12-11T15:04:02.453Z",
  "heap": {
    "used": 23,
    "total": 31,
    "external": 20
  },
  "system": {
    "used": 48880,
    "total": 49152,
    "percent": "99.4"
  }
}
[2025-12-11T15:04:32.305Z] [0mGET /api/health [32m200[0m 0.809 ms - 241[0m
[2025-12-11T15:04:32.454Z] ⚠️ 높은 힙 메모리 사용량: 23MB / 31MB (74.6%)
[2025-12-11T15:04:32.455Z] 📊 메모리 통계: {
  "timestamp": "2025-12-11T15:04:32.454Z",
  "heap": {
    "used": 23,
    "total": 31,
    "external": 20
  },
  "system": {
    "used": 48909,
    "total": 49152,
    "percent": "99.5"
  }
}
[2025-12-11T15:05:02.326Z] [0mGET /api/health [32m200[0m 0.247 ms - 241[0m
[2025-12-11T15:05:02.351Z] 🧹 메모리 정리 작업 완료
[2025-12-11T15:05:02.456Z] ⚠️ 높은 힙 메모리 사용량: 23MB / 31MB (74.9%)
[2025-12-11T15:05:02.456Z] 📊 메모리 통계: {
  "timestamp": "2025-12-11T15:05:02.455Z",
  "heap": {
    "used": 23,
    "total": 31,
    "external": 20
  },
  "system": {
    "used": 48964,
    "total": 49152,
    "percent": "99.6"
  }
}
[2025-12-11T15:05:02.738Z] 🔍 인증된 사용자 - ID: 974640, 이메일: dev@playmate.com, 닉네임: 개발자
[2025-12-11T15:05:02.739Z] [0mGET /api/auth/me [32m200[0m 2.142 ms - 483[0m
[2025-12-11T15:05:17.366Z] 🔍 인증된 사용자 - ID: 974640, 이메일: dev@playmate.com, 닉네임: 개발자
[2025-12-11T15:05:17.366Z] 📊 총 11개 안전한 매칭 데이터 반환
[2025-12-11T15:05:17.367Z] [0mGET /api/matchings?show_only_recruiting=true&show_only_following=false [32m200[0m 2.192 ms - 11719[0m
[2025-12-11T15:05:32.304Z] [0mGET /api/health [32m200[0m 0.783 ms - 241[0m
[2025-12-11T15:05:32.457Z] ⚠️ 높은 힙 메모리 사용량: 23MB / 30MB (76.4%)
[2025-12-11T15:05:32.458Z] 📊 메모리 통계: {
  "timestamp": "2025-12-11T15:05:32.457Z",
  "heap": {
    "used": 23,
    "total": 30,
    "external": 20
  },
  "system": {
    "used": 48383,
    "total": 49152,
    "percent": "98.4"
  }
}
[2025-12-11T15:06:02.300Z] [0mGET /api/health [32m200[0m 0.557 ms - 241[0m
[2025-12-11T15:06:02.351Z] 🧹 메모리 정리 작업 완료
[2025-12-11T15:06:02.456Z] ⚠️ 높은 힙 메모리 사용량: 23MB / 30MB (76.6%)
[2025-12-11T15:06:02.457Z] 📊 메모리 통계: {
  "timestamp": "2025-12-11T15:06:02.456Z",
  "heap": {
    "used": 23,
    "total": 30,
    "external": 20
  },
  "system": {
    "used": 48517,
    "total": 49152,
    "percent": "98.7"
  }
}
[2025-12-11T15:06:32.302Z] [0mGET /api/health [32m200[0m 0.752 ms - 241[0m
[2025-12-11T15:06:32.456Z] ⚠️ 높은 힙 메모리 사용량: 23MB / 30MB (76.9%)
[2025-12-11T15:06:32.457Z] 📊 메모리 통계: {
  "timestamp": "2025-12-11T15:06:32.456Z",
  "heap": {
    "used": 23,
    "total": 30,
    "external": 20
  },
  "system": {
    "used": 48337,
    "total": 49152,
    "percent": "98.3"
  }
}
[2025-12-11T15:07:02.302Z] [0mGET /api/health [32m200[0m 0.781 ms - 241[0m
[2025-12-11T15:07:02.351Z] 🧹 메모리 정리 작업 완료
[2025-12-11T15:07:02.456Z] ⚠️ 높은 힙 메모리 사용량: 23MB / 30MB (77.1%)
[2025-12-11T15:07:02.457Z] 📊 메모리 통계: {
  "timestamp": "2025-12-11T15:07:02.456Z",
  "heap": {
    "used": 23,
    "total": 30,
    "external": 20
  },
  "system": {
    "used": 48465,
    "total": 49152,
    "percent": "98.6"
  }
}
[2025-12-11T15:07:32.301Z] [0mGET /api/health [32m200[0m 0.818 ms - 241[0m
[2025-12-11T15:07:32.456Z] ⚠️ 높은 힙 메모리 사용량: 23MB / 30MB (77.4%)
[2025-12-11T15:07:32.457Z] 📊 메모리 통계: {
  "timestamp": "2025-12-11T15:07:32.456Z",
  "heap": {
    "used": 23,
    "total": 30,
    "external": 20
  },
  "system": {
    "used": 48432,
    "total": 49152,
    "percent": "98.5"
  }
}
[2025-12-11T15:08:02.301Z] [0mGET /api/health [32m200[0m 0.719 ms - 241[0m
[2025-12-11T15:08:02.353Z] 🧹 메모리 정리 작업 완료
[2025-12-11T15:08:02.458Z] ⚠️ 높은 힙 메모리 사용량: 23MB / 30MB (77.6%)
[2025-12-11T15:08:02.459Z] 📊 메모리 통계: {
  "timestamp": "2025-12-11T15:08:02.458Z",
  "heap": {
    "used": 23,
    "total": 30,
    "external": 20
  },
  "system": {
    "used": 48543,
    "total": 49152,
    "percent": "98.8"
  }
}
[2025-12-11T15:08:32.298Z] [0mGET /api/health [32m200[0m 0.538 ms - 241[0m
[2025-12-11T15:08:32.458Z] ⚠️ 높은 힙 메모리 사용량: 23MB / 30MB (77.9%)
[2025-12-11T15:08:32.459Z] 📊 메모리 통계: {
  "timestamp": "2025-12-11T15:08:32.458Z",
  "heap": {
    "used": 23,
    "total": 30,
    "external": 20
  },
  "system": {
    "used": 48947,
    "total": 49152,
    "percent": "99.6"
  }
}
[2025-12-11T15:09:02.298Z] [0mGET /api/health [32m200[0m 0.865 ms - 241[0m
[2025-12-11T15:09:02.353Z] 🧹 메모리 정리 작업 완료
[2025-12-11T15:09:02.460Z] ⚠️ 높은 힙 메모리 사용량: 23MB / 30MB (76.3%)
[2025-12-11T15:09:02.461Z] 📊 메모리 통계: {
  "timestamp": "2025-12-11T15:09:02.460Z",
  "heap": {
    "used": 23,
    "total": 30,
    "external": 20
  },
  "system": {
    "used": 49034,
    "total": 49152,
    "percent": "99.8"
  }
}
[2025-12-11T15:09:32.297Z] [0mGET /api/health [32m200[0m 0.456 ms - 241[0m
[2025-12-11T15:09:32.460Z] ⚠️ 높은 힙 메모리 사용량: 23MB / 30MB (76.6%)
[2025-12-11T15:09:32.461Z] 📊 메모리 통계: {
  "timestamp": "2025-12-11T15:09:32.460Z",
  "heap": {
    "used": 23,
    "total": 30,
    "external": 20
  },
  "system": {
    "used": 48946,
    "total": 49152,
    "percent": "99.6"
  }
}
[2025-12-11T15:10:02.297Z] [0mGET /api/health [32m200[0m 0.919 ms - 241[0m
[2025-12-11T15:10:02.353Z] 🧹 메모리 정리 작업 완료
[2025-12-11T15:10:02.462Z] ⚠️ 높은 힙 메모리 사용량: 23MB / 30MB (76.8%)
[2025-12-11T15:10:02.462Z] 📊 메모리 통계: {
  "timestamp": "2025-12-11T15:10:02.461Z",
  "heap": {
    "used": 23,
    "total": 30,
    "external": 20
  },
  "system": {
    "used": 48974,
    "total": 49152,
    "percent": "99.6"
  }
}
[2025-12-11T15:10:02.728Z] 🔍 인증된 사용자 - ID: 974640, 이메일: dev@playmate.com, 닉네임: 개발자
[2025-12-11T15:10:02.728Z] [0mGET /api/auth/me [32m200[0m 0.873 ms - 483[0m
[2025-12-11T15:10:17.355Z] 🔍 인증된 사용자 - ID: 974640, 이메일: dev@playmate.com, 닉네임: 개발자
[2025-12-11T15:10:17.356Z] 📊 총 11개 안전한 매칭 데이터 반환
[0mGET /api/matchings?show_only_recruiting=true&show_only_following=false [32m200[0m 2.192 ms - 11719[0m
[2025-12-11T15:10:32.296Z] [0mGET /api/health [32m200[0m 0.666 ms - 241[0m
[2025-12-11T15:10:32.463Z] ⚠️ 높은 힙 메모리 사용량: 23MB / 30MB (77.6%)
[2025-12-11T15:10:32.464Z] 📊 메모리 통계: {
  "timestamp": "2025-12-11T15:10:32.463Z",
  "heap": {
    "used": 23,
    "total": 30,
    "external": 20
  },
  "system": {
    "used": 48367,
    "total": 49152,
    "percent": "98.4"
  }
}
[2025-12-11T15:11:02.295Z] [0mGET /api/health [32m200[0m 0.800 ms - 241[0m
[2025-12-11T15:11:02.353Z] 🧹 메모리 정리 작업 완료
[2025-12-11T15:11:02.464Z] ⚠️ 높은 힙 메모리 사용량: 23MB / 30MB (77.9%)
[2025-12-11T15:11:02.465Z] 📊 메모리 통계: {
  "timestamp": "2025-12-11T15:11:02.464Z",
  "heap": {
    "used": 23,
    "total": 30,
    "external": 20
  },
  "system": {
    "used": 48440,
    "total": 49152,
    "percent": "98.6"
  }
}
[2025-12-11T15:11:32.290Z] [0mGET /api/health [32m200[0m 0.679 ms - 241[0m
[2025-12-11T15:11:32.465Z] ⚠️ 높은 힙 메모리 사용량: 23MB / 30MB (78.1%)
[2025-12-11T15:11:32.465Z] 📊 메모리 통계: {
  "timestamp": "2025-12-11T15:11:32.465Z",
  "heap": {
    "used": 23,
    "total": 30,
    "external": 20
  },
  "system": {
    "used": 48342,
    "total": 49152,
    "percent": "98.4"
  }
}
[2025-12-11T15:12:02.294Z] [0mGET /api/health [32m200[0m 0.539 ms - 241[0m
[2025-12-11T15:12:02.353Z] 🧹 메모리 정리 작업 완료
[2025-12-11T15:12:02.465Z] ⚠️ 높은 힙 메모리 사용량: 23MB / 30MB (78.4%)
[2025-12-11T15:12:02.465Z] 📊 메모리 통계: {
  "timestamp": "2025-12-11T15:12:02.465Z",
  "heap": {
    "used": 23,
    "total": 30,
    "external": 20
  },
  "system": {
    "used": 48590,
    "total": 49152,
    "percent": "98.9"
  }
}
[2025-12-11T15:12:32.293Z] [0mGET /api/health [32m200[0m 0.796 ms - 241[0m
[2025-12-11T15:12:32.466Z] ⚠️ 높은 힙 메모리 사용량: 23MB / 30MB (76.8%)
[2025-12-11T15:12:32.467Z] 📊 메모리 통계: {
  "timestamp": "2025-12-11T15:12:32.466Z",
  "heap": {
    "used": 23,
    "total": 30,
    "external": 20
  },
  "system": {
    "used": 48314,
    "total": 49152,
    "percent": "98.3"
  }
}
[2025-12-11T15:13:02.293Z] [0mGET /api/health [32m200[0m 0.854 ms - 241[0m
[2025-12-11T15:13:02.352Z] 🧹 메모리 정리 작업 완료
[2025-12-11T15:13:02.468Z] ⚠️ 높은 힙 메모리 사용량: 23MB / 30MB (77.1%)
[2025-12-11T15:13:02.469Z] 📊 메모리 통계: {
  "timestamp": "2025-12-11T15:13:02.468Z",
  "heap": {
    "used": 23,
    "total": 30,
    "external": 20
  },
  "system": {
    "used": 48560,
    "total": 49152,
    "percent": "98.8"
  }
}
[2025-12-11T15:13:32.294Z] [0mGET /api/health [32m200[0m 0.789 ms - 241[0m
[2025-12-11T15:13:32.470Z] ⚠️ 높은 힙 메모리 사용량: 23MB / 30MB (77.3%)
[2025-12-11T15:13:32.470Z] 📊 메모리 통계: {
  "timestamp": "2025-12-11T15:13:32.469Z",
  "heap": {
    "used": 23,
    "total": 30,
    "external": 20
  },
  "system": {
    "used": 48938,
    "total": 49152,
    "percent": "99.6"
  }
}
[2025-12-11T15:14:02.292Z] [0mGET /api/health [32m200[0m 0.789 ms - 241[0m
[2025-12-11T15:14:02.352Z] 🧹 메모리 정리 작업 완료
[2025-12-11T15:14:02.470Z] ⚠️ 높은 힙 메모리 사용량: 23MB / 30MB (77.6%)
[2025-12-11T15:14:02.471Z] 📊 메모리 통계: {
  "timestamp": "2025-12-11T15:14:02.470Z",
  "heap": {
    "used": 23,
    "total": 30,
    "external": 20
  },
  "system": {
    "used": 48973,
    "total": 49152,
    "percent": "99.6"
  }
}
[2025-12-11T15:14:32.291Z] [0mGET /api/health [32m200[0m 0.988 ms - 241[0m
[2025-12-11T15:14:32.471Z] ⚠️ 높은 힙 메모리 사용량: 23MB / 30MB (77.8%)
[2025-12-11T15:14:32.472Z] 📊 메모리 통계: {
  "timestamp": "2025-12-11T15:14:32.471Z",
  "heap": {
    "used": 23,
    "total": 30,
    "external": 20
  },
  "system": {
    "used": 48893,
    "total": 49152,
    "percent": "99.5"
  }
}
[2025-12-11T15:15:02.289Z] [0mGET /api/health [32m200[0m 0.596 ms - 241[0m
[2025-12-11T15:15:02.351Z] 🧹 메모리 정리 작업 완료
[2025-12-11T15:15:02.474Z] ⚠️ 높은 힙 메모리 사용량: 23MB / 30MB (78.1%)
[2025-12-11T15:15:02.475Z] 📊 메모리 통계: {
  "timestamp": "2025-12-11T15:15:02.473Z",
  "heap": {
    "used": 23,
    "total": 30,
    "external": 20
  },
  "system": {
    "used": 49085,
    "total": 49152,
    "percent": "99.9"
  }
}
[2025-12-11T15:15:02.725Z] 🔍 인증된 사용자 - ID: 974640, 이메일: dev@playmate.com, 닉네임: 개발자
[2025-12-11T15:15:02.725Z] [0mGET /api/auth/me [32m200[0m 2.165 ms - 483[0m
[2025-12-11T15:15:17.348Z] 🔍 인증된 사용자 - ID: 974640, 이메일: dev@playmate.com, 닉네임: 개발자
[2025-12-11T15:15:17.349Z] 📊 총 11개 안전한 매칭 데이터 반환
[2025-12-11T15:15:17.350Z] [0mGET /api/matchings?show_only_recruiting=true&show_only_following=false [32m200[0m 2.246 ms - 11719[0m
[2025-12-11T15:15:32.289Z] [0mGET /api/health [32m200[0m 0.802 ms - 241[0m
[2025-12-11T15:15:32.475Z] ⚠️ 높은 힙 메모리 사용량: 24MB / 30MB (78.9%)
[2025-12-11T15:15:32.475Z] 📊 메모리 통계: {
  "timestamp": "2025-12-11T15:15:32.474Z",
  "heap": {
    "used": 24,
    "total": 30,
    "external": 20
  },
  "system": {
    "used": 48921,
    "total": 49152,
    "percent": "99.5"
  }
}
[2025-12-11T15:32:33.084Z] 🧹 메모리 정리 작업 완료
[2025-12-11T15:32:33.084Z] ⚠️ 높은 힙 메모리 사용량: 24MB / 30MB (78.9%)
📊 메모리 통계: {
  "timestamp": "2025-12-11T15:32:33.084Z",
  "heap": {
    "used": 24,
    "total": 30,
    "external": 20
  },
  "system": {
    "used": 48937,
    "total": 49152,
    "percent": "99.6"
  }
}
[2025-12-11T15:32:33.087Z] [0mGET /api/health [32m200[0m 0.190 ms - 241[0m
[2025-12-11T15:33:03.090Z] ⚠️ 높은 힙 메모리 사용량: 23MB / 30MB (77.3%)
[2025-12-11T15:33:03.090Z] 📊 메모리 통계: {
  "timestamp": "2025-12-11T15:33:03.089Z",
  "heap": {
    "used": 23,
    "total": 30,
    "external": 20
  },
  "system": {
    "used": 48375,
    "total": 49152,
    "percent": "98.4"
  }
}
[2025-12-11T15:33:03.099Z] [0mGET /api/health [32m200[0m 0.645 ms - 241[0m
[2025-12-11T15:48:56.830Z] 🧹 메모리 정리 작업 완료
[2025-12-11T15:48:56.831Z] ⚠️ 높은 힙 메모리 사용량: 23MB / 30MB (77.5%)
📊 메모리 통계: {
  "timestamp": "2025-12-11T15:48:56.830Z",
  "heap": {
    "used": 23,
    "total": 30,
    "external": 20
  },
  "system": {
    "used": 48946,
    "total": 49152,
    "percent": "99.6"
  }
}
[2025-12-11T15:48:56.838Z] [0mGET /api/health [32m200[0m 0.660 ms - 241[0m
[2025-12-11T15:49:26.836Z] ⚠️ 높은 힙 메모리 사용량: 23MB / 30MB (77.8%)
[2025-12-11T15:49:26.837Z] 📊 메모리 통계: {
  "timestamp": "2025-12-11T15:49:26.835Z",
  "heap": {
    "used": 23,
    "total": 30,
    "external": 20
  },
  "system": {
    "used": 48275,
    "total": 49152,
    "percent": "98.2"
  }
}
[2025-12-11T15:49:26.843Z] [0mGET /api/health [32m200[0m 0.352 ms - 241[0m
[2025-12-11T15:58:45.826Z] 🧹 메모리 정리 작업 완료
[2025-12-11T15:58:45.827Z] ⚠️ 높은 힙 메모리 사용량: 23MB / 30MB (78.0%)
📊 메모리 통계: {
  "timestamp": "2025-12-11T15:58:45.826Z",
  "heap": {
    "used": 23,
    "total": 30,
    "external": 20
  },
  "system": {
    "used": 48884,
    "total": 49152,
    "percent": "99.5"
  }
}
[2025-12-11T15:59:00.831Z] [0mGET /api/health [32m200[0m 0.714 ms - 241[0m
[2025-12-11T15:59:15.828Z] ⚠️ 높은 힙 메모리 사용량: 23MB / 30MB (78.2%)
[2025-12-11T15:59:15.829Z] 📊 메모리 통계: {
  "timestamp": "2025-12-11T15:59:15.828Z",
  "heap": {
    "used": 23,
    "total": 30,
    "external": 20
  },
  "system": {
    "used": 49083,
    "total": 49152,
    "percent": "99.9"
  }
}
[2025-12-11T15:59:30.827Z] [0mGET /api/health [32m200[0m 0.703 ms - 241[0m
[2025-12-11T15:59:45.825Z] 🧹 메모리 정리 작업 완료
[2025-12-11T15:59:45.829Z] ⚠️ 높은 힙 메모리 사용량: 24MB / 30MB (78.5%)
[2025-12-11T15:59:45.829Z] 📊 메모리 통계: {
  "timestamp": "2025-12-11T15:59:45.829Z",
  "heap": {
    "used": 24,
    "total": 30,
    "external": 20
  },
  "system": {
    "used": 49021,
    "total": 49152,
    "percent": "99.7"
  }
}
[2025-12-11T16:00:00.836Z] [0mGET /api/health [32m200[0m 0.799 ms - 241[0m
[2025-12-11T16:00:15.829Z] ⚠️ 높은 힙 메모리 사용량: 24MB / 30MB (78.7%)
[2025-12-11T16:00:15.830Z] 📊 메모리 통계: {
  "timestamp": "2025-12-11T16:00:15.828Z",
  "heap": {
    "used": 24,
    "total": 30,
    "external": 20
  },
  "system": {
    "used": 49086,
    "total": 49152,
    "percent": "99.9"
  }
}
[2025-12-11T16:00:30.847Z] [0mGET /api/health [32m200[0m 0.272 ms - 241[0m
[2025-12-11T16:00:45.825Z] 🧹 메모리 정리 작업 완료
[2025-12-11T16:00:45.828Z] ⚠️ 높은 힙 메모리 사용량: 24MB / 30MB (79.0%)
[2025-12-11T16:00:45.828Z] 📊 메모리 통계: {
  "timestamp": "2025-12-11T16:00:45.828Z",
  "heap": {
    "used": 24,
    "total": 30,
    "external": 20
  },
  "system": {
    "used": 48930,
    "total": 49152,
    "percent": "99.5"
  }
}
[2025-12-11T16:01:00.823Z] [0mGET /api/health [32m200[0m 0.604 ms - 241[0m
[2025-12-11T16:01:01.262Z] 🔍 인증된 사용자 - ID: 974640, 이메일: dev@playmate.com, 닉네임: 개발자
[2025-12-11T16:01:01.262Z] [0mGET /api/auth/me [32m200[0m 1.983 ms - 483[0m
[2025-12-11T16:01:15.830Z] ⚠️ 높은 힙 메모리 사용량: 24MB / 30MB (79.5%)
[2025-12-11T16:01:15.831Z] 📊 메모리 통계: {
  "timestamp": "2025-12-11T16:01:15.830Z",
  "heap": {
    "used": 24,
    "total": 30,
    "external": 20
  },
  "system": {
    "used": 49074,
    "total": 49152,
    "percent": "99.8"
  }
}
[2025-12-11T16:01:15.889Z] 🔍 인증된 사용자 - ID: 974640, 이메일: dev@playmate.com, 닉네임: 개발자
[2025-12-11T16:01:15.890Z] 📊 총 11개 안전한 매칭 데이터 반환
[2025-12-11T16:01:15.890Z] [0mGET /api/matchings?show_only_recruiting=true&show_only_following=false [32m200[0m 2.006 ms - 11719[0m
[2025-12-11T16:01:30.829Z] [0mGET /api/health [32m200[0m 0.786 ms - 241[0m
[2025-12-11T16:01:45.827Z] 🧹 메모리 정리 작업 완료
[2025-12-11T16:01:45.829Z] ⚠️ 높은 힙 메모리 사용량: 23MB / 31MB (75.8%)
[2025-12-11T16:01:45.830Z] 📊 메모리 통계: {
  "timestamp": "2025-12-11T16:01:45.829Z",
  "heap": {
    "used": 23,
    "total": 31,
    "external": 20
  },
  "system": {
    "used": 48875,
    "total": 49152,
    "percent": "99.4"
  }
}
[2025-12-11T16:02:00.832Z] [0mGET /api/health [32m200[0m 0.855 ms - 241[0m
[2025-12-11T16:02:15.831Z] ⚠️ 높은 힙 메모리 사용량: 24MB / 31MB (76.0%)
[2025-12-11T16:02:15.832Z] 📊 메모리 통계: {
  "timestamp": "2025-12-11T16:02:15.830Z",
  "heap": {
    "used": 24,
    "total": 31,
    "external": 20
  },
  "system": {
    "used": 48975,
    "total": 49152,
    "percent": "99.6"
  }
}
[2025-12-11T16:02:30.831Z] [0mGET /api/health [32m200[0m 0.461 ms - 241[0m
[2025-12-11T16:02:45.826Z] 🧹 메모리 정리 작업 완료
[2025-12-11T16:02:45.832Z] ⚠️ 높은 힙 메모리 사용량: 24MB / 31MB (76.3%)
[2025-12-11T16:02:45.832Z] 📊 메모리 통계: {
  "timestamp": "2025-12-11T16:02:45.832Z",
  "heap": {
    "used": 24,
    "total": 31,
    "external": 20
  },
  "system": {
    "used": 48866,
    "total": 49152,
    "percent": "99.4"
  }
}
[2025-12-11T16:03:00.832Z] [0mGET /api/health [32m200[0m 0.837 ms - 241[0m
[2025-12-11T16:03:15.832Z] ⚠️ 높은 힙 메모리 사용량: 24MB / 31MB (76.5%)
[2025-12-11T16:03:15.833Z] 📊 메모리 통계: {
  "timestamp": "2025-12-11T16:03:15.832Z",
  "heap": {
    "used": 24,
    "total": 31,
    "external": 20
  },
  "system": {
    "used": 48900,
    "total": 49152,
    "percent": "99.5"
  }
}
[2025-12-11T16:03:30.828Z] [0mGET /api/health [32m200[0m 0.557 ms - 241[0m
[2025-12-11T16:03:45.829Z] 🧹 메모리 정리 작업 완료
[2025-12-11T16:03:45.832Z] ⚠️ 높은 힙 메모리 사용량: 24MB / 31MB (76.8%)
[2025-12-11T16:03:45.832Z] 📊 메모리 통계: {
  "timestamp": "2025-12-11T16:03:45.832Z",
  "heap": {
    "used": 24,
    "total": 31,
    "external": 20
  },
  "system": {
    "used": 48912,
    "total": 49152,
    "percent": "99.5"
  }
}
[2025-12-11T16:04:00.827Z] [0mGET /api/health [32m200[0m 0.786 ms - 241[0m
[2025-12-11T16:04:15.833Z] ⚠️ 높은 힙 메모리 사용량: 24MB / 31MB (77.0%)
[2025-12-11T16:04:15.834Z] 📊 메모리 통계: {
  "timestamp": "2025-12-11T16:04:15.833Z",
  "heap": {
    "used": 24,
    "total": 31,
    "external": 20
  },
  "system": {
    "used": 49003,
    "total": 49152,
    "percent": "99.7"
  }
}
[2025-12-11T16:04:30.823Z] [0mGET /api/health [32m200[0m 0.558 ms - 241[0m
[2025-12-11T16:04:45.828Z] 🧹 메모리 정리 작업 완료
[2025-12-11T16:04:45.833Z] ⚠️ 높은 힙 메모리 사용량: 24MB / 31MB (77.2%)
[2025-12-11T16:04:45.834Z] 📊 메모리 통계: {
  "timestamp": "2025-12-11T16:04:45.833Z",
  "heap": {
    "used": 24,
    "total": 31,
    "external": 20
  },
  "system": {
    "used": 48436,
    "total": 49152,
    "percent": "98.5"
  }
}
[2025-12-11T16:05:00.828Z] [0mGET /api/health [32m200[0m 0.721 ms - 241[0m
[2025-12-11T16:05:15.835Z] ⚠️ 높은 힙 메모리 사용량: 23MB / 30MB (78.2%)
[2025-12-11T16:05:15.836Z] 📊 메모리 통계: {
  "timestamp": "2025-12-11T16:05:15.834Z",
  "heap": {
    "used": 23,
    "total": 30,
    "external": 20
  },
  "system": {
    "used": 48403,
    "total": 49152,
    "percent": "98.5"
  }
}
[2025-12-11T16:05:30.822Z] [0mGET /api/health [32m200[0m 0.622 ms - 241[0m
[2025-12-11T16:05:45.828Z] 🧹 메모리 정리 작업 완료
[2025-12-11T16:05:45.834Z] ⚠️ 높은 힙 메모리 사용량: 24MB / 30MB (78.4%)
[2025-12-11T16:05:45.835Z] 📊 메모리 통계: {
  "timestamp": "2025-12-11T16:05:45.834Z",
  "heap": {
    "used": 24,
    "total": 30,
    "external": 20
  },
  "system": {
    "used": 48316,
    "total": 49152,
    "percent": "98.3"
  }
}
[2025-12-11T16:06:00.827Z] [0mGET /api/health [32m200[0m 0.987 ms - 241[0m
[2025-12-11T16:06:01.257Z] 🔍 인증된 사용자 - ID: 974640, 이메일: dev@playmate.com, 닉네임: 개발자
[2025-12-11T16:06:01.258Z] [0mGET /api/auth/me [32m200[0m 2.155 ms - 483[0m
[2025-12-11T16:06:15.836Z] ⚠️ 높은 힙 메모리 사용량: 24MB / 30MB (78.9%)
[2025-12-11T16:06:15.836Z] 📊 메모리 통계: {
  "timestamp": "2025-12-11T16:06:15.835Z",
  "heap": {
    "used": 24,
    "total": 30,
    "external": 20
  },
  "system": {
    "used": 48687,
    "total": 49152,
    "percent": "99.1"
  }
}
[2025-12-11T16:06:15.875Z] 🔍 인증된 사용자 - ID: 974640, 이메일: dev@playmate.com, 닉네임: 개발자
📊 총 11개 안전한 매칭 데이터 반환
[2025-12-11T16:06:15.876Z] [0mGET /api/matchings?show_only_recruiting=true&show_only_following=false [32m200[0m 1.140 ms - 11719[0m
[2025-12-11T16:06:30.825Z] [0mGET /api/health [32m200[0m 0.823 ms - 241[0m
[2025-12-11T16:06:45.828Z] 🧹 메모리 정리 작업 완료
[2025-12-11T16:06:45.838Z] ⚠️ 높은 힙 메모리 사용량: 24MB / 30MB (79.5%)
[2025-12-11T16:06:45.838Z] 📊 메모리 통계: {
  "timestamp": "2025-12-11T16:06:45.837Z",
  "heap": {
    "used": 24,
    "total": 30,
    "external": 20
  },
  "system": {
    "used": 48772,
    "total": 49152,
    "percent": "99.2"
  }
}
[2025-12-11T16:07:00.834Z] [0mGET /api/health [32m200[0m 0.797 ms - 241[0m
[2025-12-11T16:07:15.837Z] ⚠️ 높은 힙 메모리 사용량: 24MB / 30MB (79.8%)
[2025-12-11T16:07:15.838Z] 📊 메모리 통계: {
  "timestamp": "2025-12-11T16:07:15.837Z",
  "heap": {
    "used": 24,
    "total": 30,
    "external": 20
  },
  "system": {
    "used": 48835,
    "total": 49152,
    "percent": "99.4"
  }
}
[2025-12-11T16:07:30.825Z] [0mGET /api/health [32m200[0m 0.834 ms - 241[0m
[2025-12-11T16:07:45.829Z] 🧹 메모리 정리 작업 완료
[2025-12-11T16:07:45.839Z] ⚠️ 높은 힙 메모리 사용량: 24MB / 30MB (80.0%)
[2025-12-11T16:07:45.840Z] 📊 메모리 통계: {
  "timestamp": "2025-12-11T16:07:45.839Z",
  "heap": {
    "used": 24,
    "total": 30,
    "external": 20
  },
  "system": {
    "used": 48789,
    "total": 49152,
    "percent": "99.3"
  }
}
[2025-12-11T16:08:00.823Z] [0mGET /api/health [32m200[0m 0.802 ms - 241[0m
[2025-12-11T16:08:15.839Z] ⚠️ 높은 힙 메모리 사용량: 24MB / 30MB (80.2%)
[2025-12-11T16:08:15.840Z] 📊 메모리 통계: {
  "timestamp": "2025-12-11T16:08:15.839Z",
  "heap": {
    "used": 24,
    "total": 30,
    "external": 20
  },
  "system": {
    "used": 48858,
    "total": 49152,
    "percent": "99.4"
  }
}
[2025-12-11T16:08:30.824Z] [0mGET /api/health [32m200[0m 0.850 ms - 241[0m
[2025-12-11T16:08:45.827Z] 🧹 메모리 정리 작업 완료
[2025-12-11T16:08:45.841Z] ⚠️ 높은 힙 메모리 사용량: 24MB / 30MB (78.7%)
📊 메모리 통계: {
  "timestamp": "2025-12-11T16:08:45.840Z",
  "heap": {
    "used": 24,
    "total": 30,
    "external": 20
  },
  "system": {
    "used": 48795,
    "total": 49152,
    "percent": "99.3"
  }
}
[2025-12-11T16:09:00.823Z] [0mGET /api/health [32m200[0m 0.244 ms - 241[0m
[2025-12-11T16:09:15.842Z] ⚠️ 높은 힙 메모리 사용량: 24MB / 30MB (79.0%)
[2025-12-11T16:09:15.842Z] 📊 메모리 통계: {
  "timestamp": "2025-12-11T16:09:15.841Z",
  "heap": {
    "used": 24,
    "total": 30,
    "external": 20
  },
  "system": {
    "used": 49007,
    "total": 49152,
    "percent": "99.7"
  }
}
[2025-12-11T16:09:30.821Z] [0mGET /api/health [32m200[0m 0.784 ms - 241[0m
[2025-12-11T16:09:45.827Z] 🧹 메모리 정리 작업 완료
[2025-12-11T16:09:45.843Z] ⚠️ 높은 힙 메모리 사용량: 24MB / 30MB (79.2%)
[2025-12-11T16:09:45.845Z] 📊 메모리 통계: {
  "timestamp": "2025-12-11T16:09:45.843Z",
  "heap": {
    "used": 24,
    "total": 30,
    "external": 20
  },
  "system": {
    "used": 48462,
    "total": 49152,
    "percent": "98.6"
  }
}
[2025-12-11T16:10:00.822Z] [0mGET /api/health [32m200[0m 0.849 ms - 241[0m
[2025-12-11T16:10:15.845Z] ⚠️ 높은 힙 메모리 사용량: 24MB / 30MB (79.5%)
[2025-12-11T16:10:15.846Z] 📊 메모리 통계: {
  "timestamp": "2025-12-11T16:10:15.845Z",
  "heap": {
    "used": 24,
    "total": 30,
    "external": 20
  },
  "system": {
    "used": 48527,
    "total": 49152,
    "percent": "98.7"
  }
}
[2025-12-11T16:10:30.821Z] [0mGET /api/health [32m200[0m 1.026 ms - 241[0m
[2025-12-11T16:10:45.826Z] 🧹 메모리 정리 작업 완료
[2025-12-11T16:10:45.845Z] ⚠️ 높은 힙 메모리 사용량: 24MB / 30MB (79.7%)
[2025-12-11T16:10:45.849Z] 📊 메모리 통계: {
  "timestamp": "2025-12-11T16:10:45.845Z",
  "heap": {
    "used": 24,
    "total": 30,
    "external": 20
  },
  "system": {
    "used": 48439,
    "total": 49152,
    "percent": "98.5"
  }
}
[2025-12-11T16:11:00.820Z] [0mGET /api/health [32m200[0m 0.913 ms - 241[0m
[2025-12-11T16:11:01.252Z] 🔍 인증된 사용자 - ID: 974640, 이메일: dev@playmate.com, 닉네임: 개발자
[2025-12-11T16:11:01.253Z] [0mGET /api/auth/me [32m200[0m 1.513 ms - 483[0m
[2025-12-11T16:11:15.847Z] ⚠️ 높은 힙 메모리 사용량: 24MB / 30MB (80.2%)
[2025-12-11T16:11:15.848Z] 📊 메모리 통계: {
  "timestamp": "2025-12-11T16:11:15.847Z",
  "heap": {
    "used": 24,
    "total": 30,
    "external": 20
  },
  "system": {
    "used": 48769,
    "total": 49152,
    "percent": "99.2"
  }
}
[2025-12-11T16:11:15.875Z] 🔍 인증된 사용자 - ID: 974640, 이메일: dev@playmate.com, 닉네임: 개발자
[2025-12-11T16:11:15.876Z] 📊 총 11개 안전한 매칭 데이터 반환
[0mGET /api/matchings?show_only_recruiting=true&show_only_following=false [32m200[0m 1.689 ms - 11719[0m
[2025-12-11T16:11:30.819Z] [0mGET /api/health [32m200[0m 0.843 ms - 241[0m
[2025-12-11T16:11:45.827Z] 🧹 메모리 정리 작업 완료
[2025-12-11T16:11:45.848Z] ⚠️ 높은 힙 메모리 사용량: 24MB / 30MB (80.8%)
[2025-12-11T16:11:45.848Z] 📊 메모리 통계: {
  "timestamp": "2025-12-11T16:11:45.848Z",
  "heap": {
    "used": 24,
    "total": 30,
    "external": 20
  },
  "system": {
    "used": 48878,
    "total": 49152,
    "percent": "99.4"
  }
}
[2025-12-11T16:12:00.826Z] [0mGET /api/health [32m200[0m 0.752 ms - 241[0m
[2025-12-11T16:12:15.849Z] ⚠️ 높은 힙 메모리 사용량: 24MB / 30MB (79.2%)
[2025-12-11T16:12:15.850Z] 📊 메모리 통계: {
  "timestamp": "2025-12-11T16:12:15.849Z",
  "heap": {
    "used": 24,
    "total": 30,
    "external": 20
  },
  "system": {
    "used": 48973,
    "total": 49152,
    "percent": "99.6"
  }
}
[2025-12-11T16:12:30.832Z] [0mGET /api/health [32m200[0m 0.477 ms - 241[0m
[2025-12-11T16:12:45.825Z] 🧹 메모리 정리 작업 완료
[2025-12-11T16:12:45.849Z] ⚠️ 높은 힙 메모리 사용량: 24MB / 30MB (79.5%)
[2025-12-11T16:12:45.849Z] 📊 메모리 통계: {
  "timestamp": "2025-12-11T16:12:45.849Z",
  "heap": {
    "used": 24,
    "total": 30,
    "external": 20
  },
  "system": {
    "used": 48887,
    "total": 49152,
    "percent": "99.5"
  }
}
[2025-12-11T16:13:00.860Z] [0mGET /api/health [32m200[0m 0.482 ms - 241[0m
[2025-12-11T16:13:15.849Z] ⚠️ 높은 힙 메모리 사용량: 24MB / 30MB (79.7%)
[2025-12-11T16:13:15.851Z] 📊 메모리 통계: {
  "timestamp": "2025-12-11T16:13:15.849Z",
  "heap": {
    "used": 24,
    "total": 30,
    "external": 20
  },
  "system": {
    "used": 48950,
    "total": 49152,
    "percent": "99.6"
  }
}
[2025-12-11T16:13:30.824Z] [0mGET /api/health [32m200[0m 0.460 ms - 241[0m
[2025-12-11T16:13:45.827Z] 🧹 메모리 정리 작업 완료
[2025-12-11T16:13:45.851Z] ⚠️ 높은 힙 메모리 사용량: 24MB / 30MB (80.0%)
[2025-12-11T16:13:45.851Z] 📊 메모리 통계: {
  "timestamp": "2025-12-11T16:13:45.851Z",
  "heap": {
    "used": 24,
    "total": 30,
    "external": 20
  },
  "system": {
    "used": 48834,
    "total": 49152,
    "percent": "99.4"
  }
}
[2025-12-11T16:14:00.845Z] [0mGET /api/health [32m200[0m 0.715 ms - 241[0m
[2025-12-11T16:14:15.852Z] ⚠️ 높은 힙 메모리 사용량: 24MB / 30MB (80.2%)
[2025-12-11T16:14:15.853Z] 📊 메모리 통계: {
  "timestamp": "2025-12-11T16:14:15.852Z",
  "heap": {
    "used": 24,
    "total": 30,
    "external": 20
  },
  "system": {
    "used": 49086,
    "total": 49152,
    "percent": "99.9"
  }
}
[2025-12-11T16:14:30.815Z] [0mGET /api/health [32m200[0m 0.721 ms - 241[0m
[2025-12-11T16:14:45.826Z] 🧹 메모리 정리 작업 완료
[2025-12-11T16:14:45.851Z] ⚠️ 높은 힙 메모리 사용량: 24MB / 30MB (80.5%)
[2025-12-11T16:14:45.852Z] 📊 메모리 통계: {
  "timestamp": "2025-12-11T16:14:45.851Z",
  "heap": {
    "used": 24,
    "total": 30,
    "external": 20
  },
  "system": {
    "used": 48988,
    "total": 49152,
    "percent": "99.7"
  }
}
[2025-12-11T16:15:00.818Z] [0mGET /api/health [32m200[0m 0.891 ms - 241[0m
[2025-12-11T16:15:15.854Z] ⚠️ 높은 힙 메모리 사용량: 24MB / 30MB (80.7%)
[2025-12-11T16:15:15.855Z] 📊 메모리 통계: {
  "timestamp": "2025-12-11T16:15:15.853Z",
  "heap": {
    "used": 24,
    "total": 30,
    "external": 20
  },
  "system": {
    "used": 48936,
    "total": 49152,
    "percent": "99.6"
  }
}
[2025-12-11T16:15:30.815Z] [0mGET /api/health [32m200[0m 0.565 ms - 241[0m
[2025-12-11T16:15:45.826Z] 🧹 메모리 정리 작업 완료
[2025-12-11T16:15:45.854Z] ⚠️ 높은 힙 메모리 사용량: 24MB / 30MB (81.0%)
[2025-12-11T16:15:45.854Z] 📊 메모리 통계: {
  "timestamp": "2025-12-11T16:15:45.854Z",
  "heap": {
    "used": 24,
    "total": 30,
    "external": 20
  },
  "system": {
    "used": 48771,
    "total": 49152,
    "percent": "99.2"
  }
}
[2025-12-11T16:16:00.818Z] [0mGET /api/health [32m200[0m 0.807 ms - 241[0m
[2025-12-11T16:16:01.260Z] 🔍 인증된 사용자 - ID: 974640, 이메일: dev@playmate.com, 닉네임: 개발자
[2025-12-11T16:16:01.261Z] [0mGET /api/auth/me [32m200[0m 1.902 ms - 483[0m
[2025-12-11T16:16:15.856Z] ⚠️ 높은 힙 메모리 사용량: 24MB / 30MB (81.5%)
[2025-12-11T16:16:15.857Z] 📊 메모리 통계: {
  "timestamp": "2025-12-11T16:16:15.856Z",
  "heap": {
    "used": 24,
    "total": 30,
    "external": 20
  },
  "system": {
    "used": 48831,
    "total": 49152,
    "percent": "99.3"
  }
}
[2025-12-11T16:16:15.883Z] 🔍 인증된 사용자 - ID: 974640, 이메일: dev@playmate.com, 닉네임: 개발자
[2025-12-11T16:16:15.883Z] 📊 총 11개 안전한 매칭 데이터 반환
[2025-12-11T16:16:15.884Z] [0mGET /api/matchings?show_only_recruiting=true&show_only_following=false [32m200[0m 1.484 ms - 11719[0m
[2025-12-11T16:16:30.813Z] [0mGET /api/health [32m200[0m 0.527 ms - 241[0m
[2025-12-11T16:16:45.826Z] 🧹 메모리 정리 작업 완료
[2025-12-11T16:16:45.856Z] ⚠️ 높은 힙 메모리 사용량: 24MB / 30MB (80.3%)
[2025-12-11T16:16:45.857Z] 📊 메모리 통계: {
  "timestamp": "2025-12-11T16:16:45.856Z",
  "heap": {
    "used": 24,
    "total": 30,
    "external": 20
  },
  "system": {
    "used": 48778,
    "total": 49152,
    "percent": "99.2"
  }
}
[2025-12-11T16:17:00.814Z] [0mGET /api/health [32m200[0m 0.810 ms - 241[0m
[2025-12-11T16:17:15.858Z] ⚠️ 높은 힙 메모리 사용량: 24MB / 30MB (80.5%)
[2025-12-11T16:17:15.859Z] 📊 메모리 통계: {
  "timestamp": "2025-12-11T16:17:15.857Z",
  "heap": {
    "used": 24,
    "total": 30,
    "external": 20
  },
  "system": {
    "used": 48812,
    "total": 49152,
    "percent": "99.3"
  }
}
[2025-12-11T16:17:30.817Z] [0mGET /api/health [32m200[0m 0.791 ms - 241[0m
[2025-12-11T16:17:45.827Z] 🧹 메모리 정리 작업 완료
[2025-12-11T16:17:45.859Z] ⚠️ 높은 힙 메모리 사용량: 24MB / 30MB (80.8%)
[2025-12-11T16:17:45.860Z] 📊 메모리 통계: {
  "timestamp": "2025-12-11T16:17:45.859Z",
  "heap": {
    "used": 24,
    "total": 30,
    "external": 20
  },
  "system": {
    "used": 48782,
    "total": 49152,
    "percent": "99.2"
  }
}
[2025-12-11T16:18:00.816Z] [0mGET /api/health [32m200[0m 0.772 ms - 241[0m
[2025-12-11T16:18:15.861Z] ⚠️ 높은 힙 메모리 사용량: 24MB / 30MB (81.0%)
[2025-12-11T16:18:15.861Z] 📊 메모리 통계: {
  "timestamp": "2025-12-11T16:18:15.860Z",
  "heap": {
    "used": 24,
    "total": 30,
    "external": 20
  },
  "system": {
    "used": 48818,
    "total": 49152,
    "percent": "99.3"
  }
}
[2025-12-11T16:18:30.811Z] [0mGET /api/health [32m200[0m 0.725 ms - 241[0m
[2025-12-11T16:18:45.826Z] 🧹 메모리 정리 작업 완료
[2025-12-11T16:18:45.862Z] ⚠️ 높은 힙 메모리 사용량: 24MB / 30MB (81.3%)
[2025-12-11T16:18:45.862Z] 📊 메모리 통계: {
  "timestamp": "2025-12-11T16:18:45.862Z",
  "heap": {
    "used": 24,
    "total": 30,
    "external": 20
  },
  "system": {
    "used": 48770,
    "total": 49152,
    "percent": "99.2"
  }
}
[2025-12-11T16:19:00.812Z] [0mGET /api/health [32m200[0m 0.800 ms - 241[0m
[2025-12-11T16:19:15.864Z] ⚠️ 높은 힙 메모리 사용량: 24MB / 30MB (81.5%)
[2025-12-11T16:19:15.864Z] 📊 메모리 통계: {
  "timestamp": "2025-12-11T16:19:15.864Z",
  "heap": {
    "used": 24,
    "total": 30,
    "external": 20
  },
  "system": {
    "used": 48810,
    "total": 49152,
    "percent": "99.3"
  }
}
[2025-12-11T16:19:30.815Z] [0mGET /api/health [32m200[0m 0.814 ms - 241[0m
[2025-12-11T16:19:45.827Z] 🧹 메모리 정리 작업 완료
[2025-12-11T16:19:45.864Z] ⚠️ 높은 힙 메모리 사용량: 25MB / 30MB (81.8%)
[2025-12-11T16:19:45.865Z] 📊 메모리 통계: {
  "timestamp": "2025-12-11T16:19:45.864Z",
  "heap": {
    "used": 25,
    "total": 30,
    "external": 20
  },
  "system": {
    "used": 48992,
    "total": 49152,
    "percent": "99.7"
  }
}
[2025-12-11T16:20:00.811Z] [0mGET /api/health [32m200[0m 0.975 ms - 241[0m
[2025-12-11T16:20:15.866Z] ⚠️ 높은 힙 메모리 사용량: 24MB / 31MB (77.5%)
[2025-12-11T16:20:15.867Z] 📊 메모리 통계: {
  "timestamp": "2025-12-11T16:20:15.866Z",
  "heap": {
    "used": 24,
    "total": 31,
    "external": 20
  },
  "system": {
    "used": 49011,
    "total": 49152,
    "percent": "99.7"
  }
}
[2025-12-11T16:20:30.808Z] [0mGET /api/health [32m200[0m 0.566 ms - 241[0m
[2025-12-11T16:20:45.827Z] 🧹 메모리 정리 작업 완료
[2025-12-11T16:20:45.867Z] ⚠️ 높은 힙 메모리 사용량: 24MB / 31MB (77.8%)
[2025-12-11T16:20:45.867Z] 📊 메모리 통계: {
  "timestamp": "2025-12-11T16:20:45.866Z",
  "heap": {
    "used": 24,
    "total": 31,
    "external": 20
  },
  "system": {
    "used": 48978,
    "total": 49152,
    "percent": "99.6"
  }
}
[2025-12-11T16:21:00.812Z] [0mGET /api/health [32m200[0m 0.785 ms - 241[0m
[2025-12-11T16:21:01.250Z] 🔍 인증된 사용자 - ID: 974640, 이메일: dev@playmate.com, 닉네임: 개발자
[2025-12-11T16:21:01.251Z] [0mGET /api/auth/me [32m200[0m 2.115 ms - 483[0m
[2025-12-11T16:21:15.867Z] ⚠️ 높은 힙 메모리 사용량: 24MB / 31MB (78.2%)
[2025-12-11T16:21:15.868Z] 📊 메모리 통계: {
  "timestamp": "2025-12-11T16:21:15.867Z",
  "heap": {
    "used": 24,
    "total": 31,
    "external": 20
  },
  "system": {
    "used": 48965,
    "total": 49152,
    "percent": "99.6"
  }
}
[2025-12-11T16:21:15.871Z] 🔍 인증된 사용자 - ID: 974640, 이메일: dev@playmate.com, 닉네임: 개발자
[2025-12-11T16:21:15.871Z] 📊 총 11개 안전한 매칭 데이터 반환
[2025-12-11T16:21:15.872Z] [0mGET /api/matchings?show_only_recruiting=true&show_only_following=false [32m200[0m 1.832 ms - 11719[0m
[2025-12-11T16:21:30.811Z] [0mGET /api/health [32m200[0m 0.790 ms - 241[0m
[2025-12-11T16:21:45.827Z] 🧹 메모리 정리 작업 완료
[2025-12-11T16:21:45.869Z] ⚠️ 높은 힙 메모리 사용량: 24MB / 31MB (78.8%)
[2025-12-11T16:21:45.869Z] 📊 메모리 통계: {
  "timestamp": "2025-12-11T16:21:45.868Z",
  "heap": {
    "used": 24,
    "total": 31,
    "external": 20
  },
  "system": {
    "used": 48897,
    "total": 49152,
    "percent": "99.5"
  }
}
[2025-12-11T16:22:00.812Z] [0mGET /api/health [32m200[0m 0.322 ms - 241[0m
[2025-12-11T16:22:15.870Z] ⚠️ 높은 힙 메모리 사용량: 24MB / 31MB (79.0%)
[2025-12-11T16:22:15.870Z] 📊 메모리 통계: {
  "timestamp": "2025-12-11T16:22:15.869Z",
  "heap": {
    "used": 24,
    "total": 31,
    "external": 20
  },
  "system": {
    "used": 48876,
    "total": 49152,
    "percent": "99.4"
  }
}
[2025-12-11T16:22:30.807Z] [0mGET /api/health [32m200[0m 0.735 ms - 241[0m
[2025-12-11T16:22:45.827Z] 🧹 메모리 정리 작업 완료
[2025-12-11T16:22:45.871Z] ⚠️ 높은 힙 메모리 사용량: 25MB / 31MB (79.3%)
[2025-12-11T16:22:45.872Z] 📊 메모리 통계: {
  "timestamp": "2025-12-11T16:22:45.871Z",
  "heap": {
    "used": 25,
    "total": 31,
    "external": 20
  },
  "system": {
    "used": 48889,
    "total": 49152,
    "percent": "99.5"
  }
}
[2025-12-11T16:23:00.811Z] [0mGET /api/health [32m200[0m 0.378 ms - 241[0m
[2025-12-11T16:23:15.871Z] ⚠️ 높은 힙 메모리 사용량: 25MB / 31MB (79.5%)
[2025-12-11T16:23:15.872Z] 📊 메모리 통계: {
  "timestamp": "2025-12-11T16:23:15.871Z",
  "heap": {
    "used": 25,
    "total": 31,
    "external": 20
  },
  "system": {
    "used": 48946,
    "total": 49152,
    "percent": "99.6"
  }
}
[2025-12-11T16:23:30.809Z] [0mGET /api/health [32m200[0m 0.821 ms - 241[0m
[2025-12-11T16:23:45.827Z] 🧹 메모리 정리 작업 완료
[2025-12-11T16:23:45.874Z] ⚠️ 높은 힙 메모리 사용량: 24MB / 30MB (80.7%)
[2025-12-11T16:23:45.874Z] 📊 메모리 통계: {
  "timestamp": "2025-12-11T16:23:45.873Z",
  "heap": {
    "used": 24,
    "total": 30,
    "external": 20
  },
  "system": {
    "used": 48917,
    "total": 49152,
    "percent": "99.5"
  }
}
[2025-12-11T16:24:00.810Z] [0mGET /api/health [32m200[0m 0.807 ms - 241[0m
[2025-12-11T16:24:15.875Z] ⚠️ 높은 힙 메모리 사용량: 24MB / 30MB (80.9%)
[2025-12-11T16:24:15.876Z] 📊 메모리 통계: {
  "timestamp": "2025-12-11T16:24:15.875Z",
  "heap": {
    "used": 24,
    "total": 30,
    "external": 20
  },
  "system": {
    "used": 48944,
    "total": 49152,
    "percent": "99.6"
  }
}
[2025-12-11T16:24:30.805Z] [0mGET /api/health [32m200[0m 0.459 ms - 241[0m
[2025-12-11T16:24:45.825Z] 🧹 메모리 정리 작업 완료
[2025-12-11T16:24:45.876Z] ⚠️ 높은 힙 메모리 사용량: 24MB / 30MB (81.2%)
[2025-12-11T16:24:45.876Z] 📊 메모리 통계: {
  "timestamp": "2025-12-11T16:24:45.876Z",
  "heap": {
    "used": 24,
    "total": 30,
    "external": 20
  },
  "system": {
    "used": 48982,
    "total": 49152,
    "percent": "99.7"
  }
}
[2025-12-11T16:25:00.805Z] [0mGET /api/health [32m200[0m 0.236 ms - 241[0m
[2025-12-11T16:25:15.877Z] ⚠️ 높은 힙 메모리 사용량: 24MB / 30MB (81.4%)
[2025-12-11T16:25:15.878Z] 📊 메모리 통계: {
  "timestamp": "2025-12-11T16:25:15.877Z",
  "heap": {
    "used": 24,
    "total": 30,
    "external": 20
  },
  "system": {
    "used": 48902,
    "total": 49152,
    "percent": "99.5"
  }
}
[2025-12-11T16:25:30.808Z] [0mGET /api/health [32m200[0m 0.719 ms - 241[0m
[2025-12-11T16:25:45.823Z] 🧹 메모리 정리 작업 완료
[2025-12-11T16:25:45.874Z] ⚠️ 높은 힙 메모리 사용량: 24MB / 30MB (81.7%)
[2025-12-11T16:25:45.875Z] 📊 메모리 통계: {
  "timestamp": "2025-12-11T16:25:45.874Z",
  "heap": {
    "used": 24,
    "total": 30,
    "external": 20
  },
  "system": {
    "used": 49007,
    "total": 49152,
    "percent": "99.7"
  }
}
[2025-12-11T16:26:00.800Z] [0mGET /api/health [32m200[0m 0.564 ms - 241[0m
[2025-12-11T16:26:01.237Z] 🔍 인증된 사용자 - ID: 974640, 이메일: dev@playmate.com, 닉네임: 개발자
[2025-12-11T16:26:01.238Z] [0mGET /api/auth/me [32m200[0m 2.120 ms - 483[0m
[2025-12-11T16:26:15.865Z] 🔍 인증된 사용자 - ID: 974640, 이메일: dev@playmate.com, 닉네임: 개발자
[2025-12-11T16:26:15.865Z] 📊 총 11개 안전한 매칭 데이터 반환
[0mGET /api/matchings?show_only_recruiting=true&show_only_following=false [32m200[0m 2.341 ms - 11719[0m
[2025-12-11T16:26:15.874Z] ⚠️ 높은 힙 메모리 사용량: 25MB / 30MB (82.5%)
[2025-12-11T16:26:15.874Z] 📊 메모리 통계: {
  "timestamp": "2025-12-11T16:26:15.873Z",
  "heap": {
    "used": 25,
    "total": 30,
    "external": 20
  },
  "system": {
    "used": 48879,
    "total": 49152,
    "percent": "99.4"
  }
}
[2025-12-11T16:26:30.805Z] [0mGET /api/health [32m200[0m 0.813 ms - 241[0m
[2025-12-11T16:26:45.823Z] 🧹 메모리 정리 작업 완료
[2025-12-11T16:26:45.876Z] ⚠️ 높은 힙 메모리 사용량: 25MB / 30MB (82.8%)
[2025-12-11T16:26:45.877Z] 📊 메모리 통계: {
  "timestamp": "2025-12-11T16:26:45.876Z",
  "heap": {
    "used": 25,
    "total": 30,
    "external": 20
  },
  "system": {
    "used": 48814,
    "total": 49152,
    "percent": "99.3"
  }
}
[2025-12-11T16:27:00.805Z] [0mGET /api/health [32m200[0m 0.813 ms - 241[0m
[2025-12-11T16:27:15.878Z] ⚠️ 높은 힙 메모리 사용량: 24MB / 30MB (81.2%)
[2025-12-11T16:27:15.879Z] 📊 메모리 통계: {
  "timestamp": "2025-12-11T16:27:15.877Z",
  "heap": {
    "used": 24,
    "total": 30,
    "external": 20
  },
  "system": {
    "used": 48796,
    "total": 49152,
    "percent": "99.3"
  }
}
[2025-12-11T16:27:30.804Z] [0mGET /api/health [32m200[0m 0.814 ms - 241[0m
[2025-12-11T16:27:45.824Z] 🧹 메모리 정리 작업 완료
[2025-12-11T16:27:45.877Z] ⚠️ 높은 힙 메모리 사용량: 24MB / 30MB (81.4%)
[2025-12-11T16:27:45.877Z] 📊 메모리 통계: {
  "timestamp": "2025-12-11T16:27:45.877Z",
  "heap": {
    "used": 24,
    "total": 30,
    "external": 20
  },
  "system": {
    "used": 48806,
    "total": 49152,
    "percent": "99.3"
  }
}
[2025-12-11T16:28:00.798Z] [0mGET /api/health [32m200[0m 0.237 ms - 241[0m
[2025-12-11T16:28:15.878Z] ⚠️ 높은 힙 메모리 사용량: 24MB / 30MB (81.7%)
[2025-12-11T16:28:15.879Z] 📊 메모리 통계: {
  "timestamp": "2025-12-11T16:28:15.878Z",
  "heap": {
    "used": 24,
    "total": 30,
    "external": 20
  },
  "system": {
    "used": 48856,
    "total": 49152,
    "percent": "99.4"
  }
}
[2025-12-11T16:28:30.804Z] [0mGET /api/health [32m200[0m 0.814 ms - 241[0m
[2025-12-11T16:28:45.824Z] 🧹 메모리 정리 작업 완료
[2025-12-11T16:28:45.880Z] ⚠️ 높은 힙 메모리 사용량: 25MB / 30MB (81.9%)
[2025-12-11T16:28:45.881Z] 📊 메모리 통계: {
  "timestamp": "2025-12-11T16:28:45.880Z",
  "heap": {
    "used": 25,
    "total": 30,
    "external": 20
  },
  "system": {
    "used": 48762,
    "total": 49152,
    "percent": "99.2"
  }
}
[2025-12-11T16:29:00.804Z] [0mGET /api/health [32m200[0m 0.837 ms - 241[0m
[2025-12-11T16:29:15.882Z] ⚠️ 높은 힙 메모리 사용량: 25MB / 30MB (82.2%)
[2025-12-11T16:29:15.883Z] 📊 메모리 통계: {
  "timestamp": "2025-12-11T16:29:15.881Z",
  "heap": {
    "used": 25,
    "total": 30,
    "external": 20
  },
  "system": {
    "used": 48840,
    "total": 49152,
    "percent": "99.4"
  }
}
[2025-12-11T16:29:30.801Z] [0mGET /api/health [32m200[0m 0.885 ms - 241[0m
[2025-12-11T16:29:45.825Z] 🧹 메모리 정리 작업 완료
[2025-12-11T16:29:45.881Z] ⚠️ 높은 힙 메모리 사용량: 25MB / 30MB (82.4%)
[2025-12-11T16:29:45.882Z] 📊 메모리 통계: {
  "timestamp": "2025-12-11T16:29:45.881Z",
  "heap": {
    "used": 25,
    "total": 30,
    "external": 20
  },
  "system": {
    "used": 49085,
    "total": 49152,
    "percent": "99.9"
  }
}
[2025-12-11T16:30:00.801Z] [0mGET /api/health [32m200[0m 0.796 ms - 241[0m
[2025-12-11T16:30:15.882Z] ⚠️ 높은 힙 메모리 사용량: 25MB / 30MB (82.7%)
[2025-12-11T16:30:15.884Z] 📊 메모리 통계: {
  "timestamp": "2025-12-11T16:30:15.882Z",
  "heap": {
    "used": 25,
    "total": 30,
    "external": 20
  },
  "system": {
    "used": 49092,
    "total": 49152,
    "percent": "99.9"
  }
}
[2025-12-11T16:30:30.797Z] [0mGET /api/health [32m200[0m 0.753 ms - 241[0m
[2025-12-11T16:30:45.825Z] 🧹 메모리 정리 작업 완료
[2025-12-11T16:30:45.882Z] ⚠️ 높은 힙 메모리 사용량: 25MB / 30MB (82.9%)
[2025-12-11T16:30:45.882Z] 📊 메모리 통계: {
  "timestamp": "2025-12-11T16:30:45.881Z",
  "heap": {
    "used": 25,
    "total": 30,
    "external": 20
  },
  "system": {
    "used": 48556,
    "total": 49152,
    "percent": "98.8"
  }
}
[2025-12-11T16:31:00.797Z] [0mGET /api/health [32m200[0m 0.609 ms - 241[0m
[2025-12-11T16:31:01.239Z] 🔍 인증된 사용자 - ID: 974640, 이메일: dev@playmate.com, 닉네임: 개발자
[2025-12-11T16:31:01.240Z] [0mGET /api/auth/me [32m200[0m 2.181 ms - 483[0m
[2025-12-11T16:31:15.857Z] 🔍 인증된 사용자 - ID: 974640, 이메일: dev@playmate.com, 닉네임: 개발자
[2025-12-11T16:31:15.858Z] 📊 총 11개 안전한 매칭 데이터 반환
[2025-12-11T16:31:15.859Z] [0mGET /api/matchings?show_only_recruiting=true&show_only_following=false [32m200[0m 2.312 ms - 11719[0m
[2025-12-11T16:31:15.883Z] ⚠️ 높은 힙 메모리 사용량: 25MB / 30MB (82.0%)
[2025-12-11T16:31:15.885Z] 📊 메모리 통계: {
  "timestamp": "2025-12-11T16:31:15.883Z",
  "heap": {
    "used": 25,
    "total": 30,
    "external": 20
  },
  "system": {
    "used": 48559,
    "total": 49152,
    "percent": "98.8"
  }
}
[2025-12-11T16:31:30.794Z] [0mGET /api/health [32m200[0m 0.731 ms - 241[0m
[2025-12-11T16:31:45.826Z] 🧹 메모리 정리 작업 완료
[2025-12-11T16:31:45.884Z] ⚠️ 높은 힙 메모리 사용량: 25MB / 30MB (82.2%)
[2025-12-11T16:31:45.885Z] 📊 메모리 통계: {
  "timestamp": "2025-12-11T16:31:45.884Z",
  "heap": {
    "used": 25,
    "total": 30,
    "external": 20
  },
  "system": {
    "used": 48595,
    "total": 49152,
    "percent": "98.9"
  }
}
[2025-12-11T16:32:00.799Z] [0mGET /api/health [32m200[0m 0.757 ms - 241[0m
[2025-12-11T16:32:15.886Z] ⚠️ 높은 힙 메모리 사용량: 25MB / 30MB (82.5%)
[2025-12-11T16:32:15.887Z] 📊 메모리 통계: {
  "timestamp": "2025-12-11T16:32:15.886Z",
  "heap": {
    "used": 25,
    "total": 30,
    "external": 20
  },
  "system": {
    "used": 48531,
    "total": 49152,
    "percent": "98.7"
  }
}
[2025-12-11T16:32:30.796Z] [0mGET /api/health [32m200[0m 0.800 ms - 241[0m
[2025-12-11T16:32:45.825Z] 🧹 메모리 정리 작업 완료
[2025-12-11T16:32:45.886Z] ⚠️ 높은 힙 메모리 사용량: 25MB / 30MB (82.7%)
[2025-12-11T16:32:45.887Z] 📊 메모리 통계: {
  "timestamp": "2025-12-11T16:32:45.886Z",
  "heap": {
    "used": 25,
    "total": 30,
    "external": 20
  },
  "system": {
    "used": 48571,
    "total": 49152,
    "percent": "98.8"
  }
}
[2025-12-11T16:33:00.799Z] [0mGET /api/health [32m200[0m 0.785 ms - 241[0m
[2025-12-11T16:33:15.886Z] ⚠️ 높은 힙 메모리 사용량: 25MB / 30MB (83.0%)
[2025-12-11T16:33:15.886Z] 📊 메모리 통계: {
  "timestamp": "2025-12-11T16:33:15.886Z",
  "heap": {
    "used": 25,
    "total": 30,
    "external": 20
  },
  "system": {
    "used": 48501,
    "total": 49152,
    "percent": "98.7"
  }
}
[2025-12-11T16:33:30.797Z] [0mGET /api/health [32m200[0m 0.844 ms - 241[0m
[2025-12-11T16:33:45.826Z] 🧹 메모리 정리 작업 완료
[2025-12-11T16:33:45.886Z] ⚠️ 높은 힙 메모리 사용량: 25MB / 30MB (83.2%)
[2025-12-11T16:33:45.886Z] 📊 메모리 통계: {
  "timestamp": "2025-12-11T16:33:45.886Z",
  "heap": {
    "used": 25,
    "total": 30,
    "external": 20
  },
  "system": {
    "used": 48490,
    "total": 49152,
    "percent": "98.7"
  }
}
[2025-12-11T16:34:00.790Z] [0mGET /api/health [32m200[0m 0.247 ms - 241[0m
[2025-12-11T16:34:15.887Z] ⚠️ 높은 힙 메모리 사용량: 25MB / 30MB (83.5%)
[2025-12-11T16:34:15.888Z] 📊 메모리 통계: {
  "timestamp": "2025-12-11T16:34:15.887Z",
  "heap": {
    "used": 25,
    "total": 30,
    "external": 20
  },
  "system": {
    "used": 48563,
    "total": 49152,
    "percent": "98.8"
  }
}
[2025-12-11T16:34:30.796Z] [0mGET /api/health [32m200[0m 0.807 ms - 241[0m
[2025-12-11T16:34:45.827Z] 🧹 메모리 정리 작업 완료
[2025-12-11T16:34:45.889Z] ⚠️ 높은 힙 메모리 사용량: 25MB / 30MB (83.7%)
[2025-12-11T16:34:45.889Z] 📊 메모리 통계: {
  "timestamp": "2025-12-11T16:34:45.888Z",
  "heap": {
    "used": 25,
    "total": 30,
    "external": 20
  },
  "system": {
    "used": 48575,
    "total": 49152,
    "percent": "98.8"
  }
}
[2025-12-11T16:35:00.794Z] [0mGET /api/health [32m200[0m 0.571 ms - 241[0m
[2025-12-11T16:35:15.889Z] ⚠️ 높은 힙 메모리 사용량: 25MB / 30MB (82.1%)
[2025-12-11T16:35:15.890Z] 📊 메모리 통계: {
  "timestamp": "2025-12-11T16:35:15.889Z",
  "heap": {
    "used": 25,
    "total": 30,
    "external": 20
  },
  "system": {
    "used": 49001,
    "total": 49152,
    "percent": "99.7"
  }
}
[2025-12-11T16:35:30.795Z] [0mGET /api/health [32m200[0m 0.843 ms - 241[0m
[2025-12-11T16:35:45.829Z] 🧹 메모리 정리 작업 완료
[2025-12-11T16:35:45.890Z] ⚠️ 높은 힙 메모리 사용량: 25MB / 30MB (82.4%)
[2025-12-11T16:35:45.891Z] 📊 메모리 통계: {
  "timestamp": "2025-12-11T16:35:45.890Z",
  "heap": {
    "used": 25,
    "total": 30,
    "external": 20
  },
  "system": {
    "used": 48565,
    "total": 49152,
    "percent": "98.8"
  }
}
[2025-12-11T16:36:00.790Z] [0mGET /api/health [32m200[0m 0.759 ms - 241[0m
[2025-12-11T16:36:01.229Z] 🔍 인증된 사용자 - ID: 974640, 이메일: dev@playmate.com, 닉네임: 개발자
[2025-12-11T16:36:01.230Z] [0mGET /api/auth/me [32m200[0m 1.858 ms - 483[0m
[2025-12-11T16:36:15.851Z] 🔍 인증된 사용자 - ID: 974640, 이메일: dev@playmate.com, 닉네임: 개발자
📊 총 11개 안전한 매칭 데이터 반환
[2025-12-11T16:36:15.852Z] [0mGET /api/matchings?show_only_recruiting=true&show_only_following=false [32m200[0m 2.147 ms - 11719[0m
[2025-12-11T16:36:15.890Z] ⚠️ 높은 힙 메모리 사용량: 25MB / 30MB (83.2%)
[2025-12-11T16:36:15.890Z] 📊 메모리 통계: {
  "timestamp": "2025-12-11T16:36:15.890Z",
  "heap": {
    "used": 25,
    "total": 30,
    "external": 20
  },
  "system": {
    "used": 48603,
    "total": 49152,
    "percent": "98.9"
  }
}
[2025-12-11T16:36:30.789Z] [0mGET /api/health [32m200[0m 0.728 ms - 241[0m
[2025-12-11T16:36:45.829Z] 🧹 메모리 정리 작업 완료
[2025-12-11T16:36:45.892Z] ⚠️ 높은 힙 메모리 사용량: 25MB / 30MB (83.5%)
[2025-12-11T16:36:45.893Z] 📊 메모리 통계: {
  "timestamp": "2025-12-11T16:36:45.892Z",
  "heap": {
    "used": 25,
    "total": 30,
    "external": 20
  },
  "system": {
    "used": 48668,
    "total": 49152,
    "percent": "99.0"
  }
}
[2025-12-11T16:37:00.793Z] [0mGET /api/health [32m200[0m 0.773 ms - 241[0m
[2025-12-11T16:37:15.894Z] ⚠️ 높은 힙 메모리 사용량: 25MB / 30MB (83.7%)
[2025-12-11T16:37:15.894Z] 📊 메모리 통계: {
  "timestamp": "2025-12-11T16:37:15.893Z",
  "heap": {
    "used": 25,
    "total": 30,
    "external": 20
  },
  "system": {
    "used": 48673,
    "total": 49152,
    "percent": "99.0"
  }
}
[2025-12-11T16:37:30.791Z] [0mGET /api/health [32m200[0m 0.756 ms - 241[0m
[2025-12-11T16:37:45.829Z] 🧹 메모리 정리 작업 완료
[2025-12-11T16:37:45.895Z] ⚠️ 높은 힙 메모리 사용량: 25MB / 30MB (84.0%)
[2025-12-11T16:37:45.896Z] 📊 메모리 통계: {
  "timestamp": "2025-12-11T16:37:45.895Z",
  "heap": {
    "used": 25,
    "total": 30,
    "external": 20
  },
  "system": {
    "used": 48576,
    "total": 49152,
    "percent": "98.8"
  }
}
[2025-12-11T16:38:00.782Z] [0mGET /api/health [32m200[0m 0.469 ms - 241[0m
[2025-12-11T16:38:15.897Z] ⚠️ 높은 힙 메모리 사용량: 25MB / 30MB (84.2%)
[2025-12-11T16:38:15.898Z] 📊 메모리 통계: {
  "timestamp": "2025-12-11T16:38:15.896Z",
  "heap": {
    "used": 25,
    "total": 30,
    "external": 20
  },
  "system": {
    "used": 48514,
    "total": 49152,
    "percent": "98.7"
  }
}
[2025-12-11T16:38:30.793Z] [0mGET /api/health [32m200[0m 0.868 ms - 241[0m
[2025-12-11T16:38:45.830Z] 🧹 메모리 정리 작업 완료
[2025-12-11T16:38:45.898Z] ⚠️ 높은 힙 메모리 사용량: 25MB / 31MB (79.9%)
[2025-12-11T16:38:45.899Z] 📊 메모리 통계: {
  "timestamp": "2025-12-11T16:38:45.898Z",
  "heap": {
    "used": 25,
    "total": 31,
    "external": 20
  },
  "system": {
    "used": 48610,
    "total": 49152,
    "percent": "98.9"
  }
}
[2025-12-11T16:39:00.800Z] [0mGET /api/health [32m200[0m 0.746 ms - 241[0m
[2025-12-11T16:39:15.899Z] ⚠️ 높은 힙 메모리 사용량: 25MB / 31MB (80.1%)
[2025-12-11T16:39:15.900Z] 📊 메모리 통계: {
  "timestamp": "2025-12-11T16:39:15.898Z",
  "heap": {
    "used": 25,
    "total": 31,
    "external": 20
  },
  "system": {
    "used": 48542,
    "total": 49152,
    "percent": "98.8"
  }
}
[2025-12-11T16:39:30.788Z] [0mGET /api/health [32m200[0m 0.729 ms - 241[0m
[2025-12-11T16:39:45.831Z] 🧹 메모리 정리 작업 완료
[2025-12-11T16:39:45.901Z] ⚠️ 높은 힙 메모리 사용량: 25MB / 31MB (80.3%)
[2025-12-11T16:39:45.902Z] 📊 메모리 통계: {
  "timestamp": "2025-12-11T16:39:45.900Z",
  "heap": {
    "used": 25,
    "total": 31,
    "external": 20
  },
  "system": {
    "used": 48621,
    "total": 49152,
    "percent": "98.9"
  }
}
[2025-12-11T16:40:00.790Z] [0mGET /api/health [32m200[0m 0.800 ms - 241[0m
[2025-12-11T16:40:15.900Z] ⚠️ 높은 힙 메모리 사용량: 25MB / 31MB (80.6%)
[2025-12-11T16:40:15.900Z] 📊 메모리 통계: {
  "timestamp": "2025-12-11T16:40:15.900Z",
  "heap": {
    "used": 25,
    "total": 31,
    "external": 20
  },
  "system": {
    "used": 49064,
    "total": 49152,
    "percent": "99.8"
  }
}
[2025-12-11T16:40:30.790Z] [0mGET /api/health [32m200[0m 0.257 ms - 241[0m
[2025-12-11T16:40:45.832Z] 🧹 메모리 정리 작업 완료
[2025-12-11T16:40:45.903Z] ⚠️ 높은 힙 메모리 사용량: 25MB / 31MB (80.8%)
[2025-12-11T16:40:45.904Z] 📊 메모리 통계: {
  "timestamp": "2025-12-11T16:40:45.903Z",
  "heap": {
    "used": 25,
    "total": 31,
    "external": 20
  },
  "system": {
    "used": 48540,
    "total": 49152,
    "percent": "98.8"
  }
}
[2025-12-11T16:41:00.789Z] [0mGET /api/health [32m200[0m 0.763 ms - 241[0m
[2025-12-11T16:41:01.221Z] 🔍 인증된 사용자 - ID: 974640, 이메일: dev@playmate.com, 닉네임: 개발자
[2025-12-11T16:41:01.222Z] [0mGET /api/auth/me [32m200[0m 1.904 ms - 483[0m
[2025-12-11T16:41:15.848Z] 🔍 인증된 사용자 - ID: 974640, 이메일: dev@playmate.com, 닉네임: 개발자
[2025-12-11T16:41:15.848Z] 📊 총 11개 안전한 매칭 데이터 반환
[0mGET /api/matchings?show_only_recruiting=true&show_only_following=false [32m200[0m 1.930 ms - 11719[0m
[2025-12-11T16:41:15.903Z] ⚠️ 높은 힙 메모리 사용량: 25MB / 31MB (81.6%)
[2025-12-11T16:41:15.903Z] 📊 메모리 통계: {
  "timestamp": "2025-12-11T16:41:15.903Z",
  "heap": {
    "used": 25,
    "total": 31,
    "external": 20
  },
  "system": {
    "used": 48538,
    "total": 49152,
    "percent": "98.8"
  }
}
[2025-12-11T16:41:30.789Z] [0mGET /api/health [32m200[0m 0.833 ms - 241[0m
[2025-12-11T16:41:45.833Z] 🧹 메모리 정리 작업 완료
[2025-12-11T16:41:45.903Z] ⚠️ 높은 힙 메모리 사용량: 25MB / 31MB (81.9%)
[2025-12-11T16:41:45.904Z] 📊 메모리 통계: {
  "timestamp": "2025-12-11T16:41:45.903Z",
  "heap": {
    "used": 25,
    "total": 31,
    "external": 20
  },
  "system": {
    "used": 48536,
    "total": 49152,
    "percent": "98.7"
  }
}
[2025-12-11T16:42:00.794Z] [0mGET /api/health [32m200[0m 0.789 ms - 241[0m
[2025-12-11T16:42:15.904Z] ⚠️ 높은 힙 메모리 사용량: 25MB / 30MB (83.1%)
[2025-12-11T16:42:15.905Z] 📊 메모리 통계: {
  "timestamp": "2025-12-11T16:42:15.904Z",
  "heap": {
    "used": 25,
    "total": 30,
    "external": 20
  },
  "system": {
    "used": 48545,
    "total": 49152,
    "percent": "98.8"
  }
}
[2025-12-11T16:42:30.792Z] [0mGET /api/health [32m200[0m 0.763 ms - 241[0m
[2025-12-11T16:42:45.835Z] 🧹 메모리 정리 작업 완료
[2025-12-11T16:42:45.905Z] ⚠️ 높은 힙 메모리 사용량: 25MB / 30MB (83.3%)
[2025-12-11T16:42:45.906Z] 📊 메모리 통계: {
  "timestamp": "2025-12-11T16:42:45.905Z",
  "heap": {
    "used": 25,
    "total": 30,
    "external": 20
  },
  "system": {
    "used": 48641,
    "total": 49152,
    "percent": "99.0"
  }
}
[2025-12-11T16:43:00.790Z] [0mGET /api/health [32m200[0m 0.745 ms - 241[0m
[2025-12-11T16:43:15.905Z] ⚠️ 높은 힙 메모리 사용량: 25MB / 30MB (83.6%)
[2025-12-11T16:43:15.906Z] 📊 메모리 통계: {
  "timestamp": "2025-12-11T16:43:15.905Z",
  "heap": {
    "used": 25,
    "total": 30,
    "external": 20
  },
  "system": {
    "used": 48521,
    "total": 49152,
    "percent": "98.7"
  }
}
[2025-12-11T16:43:30.790Z] [0mGET /api/health [32m200[0m 0.819 ms - 241[0m
[2025-12-11T16:43:45.835Z] 🧹 메모리 정리 작업 완료
[2025-12-11T16:43:45.907Z] ⚠️ 높은 힙 메모리 사용량: 25MB / 30MB (83.8%)
[2025-12-11T16:43:45.908Z] 📊 메모리 통계: {
  "timestamp": "2025-12-11T16:43:45.907Z",
  "heap": {
    "used": 25,
    "total": 30,
    "external": 20
  },
  "system": {
    "used": 48533,
    "total": 49152,
    "percent": "98.7"
  }
}
[2025-12-11T16:44:00.783Z] [0mGET /api/health [32m200[0m 0.685 ms - 241[0m
[2025-12-11T16:44:15.909Z] ⚠️ 높은 힙 메모리 사용량: 25MB / 30MB (84.1%)
[2025-12-11T16:44:15.911Z] 📊 메모리 통계: {
  "timestamp": "2025-12-11T16:44:15.909Z",
  "heap": {
    "used": 25,
    "total": 30,
    "external": 20
  },
  "system": {
    "used": 48511,
    "total": 49152,
    "percent": "98.7"
  }
}
[2025-12-11T16:44:30.790Z] [0mGET /api/health [32m200[0m 0.764 ms - 241[0m
[2025-12-11T16:44:45.836Z] 🧹 메모리 정리 작업 완료
[2025-12-11T16:44:45.909Z] ⚠️ 높은 힙 메모리 사용량: 25MB / 30MB (84.3%)
[2025-12-11T16:44:45.910Z] 📊 메모리 통계: {
  "timestamp": "2025-12-11T16:44:45.909Z",
  "heap": {
    "used": 25,
    "total": 30,
    "external": 20
  },
  "system": {
    "used": 48541,
    "total": 49152,
    "percent": "98.8"
  }
}
[2025-12-11T16:45:00.787Z] [0mGET /api/health [32m200[0m 0.794 ms - 241[0m
[2025-12-11T16:45:15.910Z] ⚠️ 높은 힙 메모리 사용량: 25MB / 30MB (84.6%)
[2025-12-11T16:45:15.910Z] 📊 메모리 통계: {
  "timestamp": "2025-12-11T16:45:15.909Z",
  "heap": {
    "used": 25,
    "total": 30,
    "external": 20
  },
  "system": {
    "used": 48990,
    "total": 49152,
    "percent": "99.7"
  }
}
[2025-12-11T16:45:30.784Z] [0mGET /api/health [32m200[0m 0.796 ms - 241[0m
[2025-12-11T16:45:45.837Z] 🧹 메모리 정리 작업 완료
[2025-12-11T16:45:45.911Z] ⚠️ 높은 힙 메모리 사용량: 25MB / 30MB (84.8%)
[2025-12-11T16:45:45.911Z] 📊 메모리 통계: {
  "timestamp": "2025-12-11T16:45:45.910Z",
  "heap": {
    "used": 25,
    "total": 30,
    "external": 20
  },
  "system": {
    "used": 49089,
    "total": 49152,
    "percent": "99.9"
  }
}
[2025-12-11T16:46:00.784Z] [0mGET /api/health [32m200[0m 0.874 ms - 241[0m
[2025-12-11T16:46:01.216Z] 🔍 인증된 사용자 - ID: 974640, 이메일: dev@playmate.com, 닉네임: 개발자
[2025-12-11T16:46:01.217Z] [0mGET /api/auth/me [32m200[0m 2.186 ms - 483[0m
[2025-12-11T16:46:15.844Z] 🔍 인증된 사용자 - ID: 974640, 이메일: dev@playmate.com, 닉네임: 개발자
[2025-12-11T16:46:15.845Z] 📊 총 11개 안전한 매칭 데이터 반환
[0mGET /api/matchings?show_only_recruiting=true&show_only_following=false [32m200[0m 2.016 ms - 11719[0m
[2025-12-11T16:46:15.911Z] ⚠️ 높은 힙 메모리 사용량: 25MB / 30MB (83.6%)
[2025-12-11T16:46:15.912Z] 📊 메모리 통계: {
  "timestamp": "2025-12-11T16:46:15.911Z",
  "heap": {
    "used": 25,
    "total": 30,
    "external": 20
  },
  "system": {
    "used": 48650,
    "total": 49152,
    "percent": "99.0"
  }
}
[2025-12-11T16:46:30.786Z] [0mGET /api/health [32m200[0m 0.840 ms - 241[0m
[2025-12-11T16:46:45.837Z] 🧹 메모리 정리 작업 완료
[2025-12-11T16:46:45.912Z] ⚠️ 높은 힙 메모리 사용량: 25MB / 30MB (83.9%)
[2025-12-11T16:46:45.913Z] 📊 메모리 통계: {
  "timestamp": "2025-12-11T16:46:45.912Z",
  "heap": {
    "used": 25,
    "total": 30,
    "external": 20
  },
  "system": {
    "used": 48576,
    "total": 49152,
    "percent": "98.8"
  }
}
[2025-12-11T16:47:00.784Z] [0mGET /api/health [32m200[0m 0.223 ms - 241[0m
[2025-12-11T16:47:15.914Z] ⚠️ 높은 힙 메모리 사용량: 25MB / 30MB (84.1%)
[2025-12-11T16:47:15.915Z] 📊 메모리 통계: {
  "timestamp": "2025-12-11T16:47:15.914Z",
  "heap": {
    "used": 25,
    "total": 30,
    "external": 20
  },
  "system": {
    "used": 48566,
    "total": 49152,
    "percent": "98.8"
  }
}
[2025-12-11T16:47:30.785Z] [0mGET /api/health [32m200[0m 0.751 ms - 241[0m
[2025-12-11T16:47:45.838Z] 🧹 메모리 정리 작업 완료
[2025-12-11T16:47:45.915Z] ⚠️ 높은 힙 메모리 사용량: 25MB / 30MB (84.4%)
[2025-12-11T16:47:45.915Z] 📊 메모리 통계: {
  "timestamp": "2025-12-11T16:47:45.914Z",
  "heap": {
    "used": 25,
    "total": 30,
    "external": 20
  },
  "system": {
    "used": 48628,
    "total": 49152,
    "percent": "98.9"
  }
}
[2025-12-11T16:48:00.786Z] [0mGET /api/health [32m200[0m 0.897 ms - 241[0m
[2025-12-11T16:48:15.915Z] ⚠️ 높은 힙 메모리 사용량: 25MB / 30MB (84.6%)
[2025-12-11T16:48:15.916Z] 📊 메모리 통계: {
  "timestamp": "2025-12-11T16:48:15.915Z",
  "heap": {
    "used": 25,
    "total": 30,
    "external": 20
  },
  "system": {
    "used": 48498,
    "total": 49152,
    "percent": "98.7"
  }
}
[2025-12-11T16:48:30.786Z] [0mGET /api/health [32m200[0m 0.810 ms - 241[0m
[2025-12-11T16:48:45.838Z] 🧹 메모리 정리 작업 완료
[2025-12-11T16:48:45.915Z] ⚠️ 높은 힙 메모리 사용량: 25MB / 30MB (84.9%)
[2025-12-11T16:48:45.915Z] 📊 메모리 통계: {
  "timestamp": "2025-12-11T16:48:45.915Z",
  "heap": {
    "used": 25,
    "total": 30,
    "external": 20
  },
  "system": {
    "used": 48522,
    "total": 49152,
    "percent": "98.7"
  }
}
[2025-12-11T16:49:00.783Z] [0mGET /api/health [32m200[0m 0.751 ms - 241[0m
[2025-12-11T16:49:15.917Z] ⚠️ 높은 힙 메모리 사용량: 26MB / 30MB (85.1%)
📊 메모리 통계: {
  "timestamp": "2025-12-11T16:49:15.916Z",
  "heap": {
    "used": 26,
    "total": 30,
    "external": 20
  },
  "system": {
    "used": 48475,
    "total": 49152,
    "percent": "98.6"
  }
}
[2025-12-11T16:49:30.781Z] [0mGET /api/health [32m200[0m 0.712 ms - 241[0m
[2025-12-11T16:49:45.838Z] 🧹 메모리 정리 작업 완료
[2025-12-11T16:49:45.917Z] ⚠️ 높은 힙 메모리 사용량: 26MB / 30MB (85.4%)
[2025-12-11T16:49:45.917Z] 📊 메모리 통계: {
  "timestamp": "2025-12-11T16:49:45.917Z",
  "heap": {
    "used": 26,
    "total": 30,
    "external": 20
  },
  "system": {
    "used": 48467,
    "total": 49152,
    "percent": "98.6"
  }
}
[2025-12-11T16:50:00.782Z] [0mGET /api/health [32m200[0m 0.663 ms - 241[0m
[2025-12-11T16:50:15.917Z] ⚠️ 높은 힙 메모리 사용량: 26MB / 30MB (85.6%)
[2025-12-11T16:50:15.918Z] 📊 메모리 통계: {
  "timestamp": "2025-12-11T16:50:15.917Z",
  "heap": {
    "used": 26,
    "total": 30,
    "external": 20
  },
  "system": {
    "used": 48524,
    "total": 49152,
    "percent": "98.7"
  }
}
[2025-12-11T16:50:30.781Z] [0mGET /api/health [32m200[0m 0.777 ms - 241[0m
[2025-12-11T16:50:45.840Z] 🧹 메모리 정리 작업 완료
[2025-12-11T16:50:45.918Z] ⚠️ 높은 힙 메모리 사용량: 25MB / 30MB (84.1%)
[2025-12-11T16:50:45.918Z] 📊 메모리 통계: {
  "timestamp": "2025-12-11T16:50:45.917Z",
  "heap": {
    "used": 25,
    "total": 30,
    "external": 20
  },
  "system": {
    "used": 48985,
    "total": 49152,
    "percent": "99.7"
  }
}
[2025-12-11T16:51:00.781Z] [0mGET /api/health [32m200[0m 0.895 ms - 241[0m
[2025-12-11T16:51:01.214Z] 🔍 인증된 사용자 - ID: 974640, 이메일: dev@playmate.com, 닉네임: 개발자
[2025-12-11T16:51:01.215Z] [0mGET /api/auth/me [32m200[0m 2.129 ms - 483[0m
[2025-12-11T16:51:15.843Z] 🔍 인증된 사용자 - ID: 974640, 이메일: dev@playmate.com, 닉네임: 개발자
[2025-12-11T16:51:15.844Z] 📊 총 11개 안전한 매칭 데이터 반환
[0mGET /api/matchings?show_only_recruiting=true&show_only_following=false [32m200[0m 2.316 ms - 11719[0m
[2025-12-11T16:51:15.919Z] ⚠️ 높은 힙 메모리 사용량: 25MB / 30MB (84.9%)
[2025-12-11T16:51:15.919Z] 📊 메모리 통계: {
  "timestamp": "2025-12-11T16:51:15.919Z",
  "heap": {
    "used": 25,
    "total": 30,
    "external": 20
  },
  "system": {
    "used": 48587,
    "total": 49152,
    "percent": "98.9"
  }
}
[2025-12-11T16:51:30.781Z] [0mGET /api/health [32m200[0m 0.768 ms - 241[0m
[2025-12-11T16:51:45.841Z] 🧹 메모리 정리 작업 완료
[2025-12-11T16:51:45.919Z] ⚠️ 높은 힙 메모리 사용량: 26MB / 30MB (85.2%)
[2025-12-11T16:51:45.919Z] 📊 메모리 통계: {
  "timestamp": "2025-12-11T16:51:45.919Z",
  "heap": {
    "used": 26,
    "total": 30,
    "external": 20
  },
  "system": {
    "used": 48471,
    "total": 49152,
    "percent": "98.6"
  }
}
[2025-12-11T16:52:00.776Z] [0mGET /api/health [32m200[0m 0.779 ms - 241[0m
[2025-12-11T16:52:15.921Z] ⚠️ 높은 힙 메모리 사용량: 26MB / 30MB (85.4%)
[2025-12-11T16:52:15.921Z] 📊 메모리 통계: {
  "timestamp": "2025-12-11T16:52:15.921Z",
  "heap": {
    "used": 26,
    "total": 30,
    "external": 20
  },
  "system": {
    "used": 48421,
    "total": 49152,
    "percent": "98.5"
  }
}
[2025-12-11T16:52:30.780Z] [0mGET /api/health [32m200[0m 0.789 ms - 241[0m
[2025-12-11T16:52:45.841Z] 🧹 메모리 정리 작업 완료
[2025-12-11T16:52:45.921Z] ⚠️ 높은 힙 메모리 사용량: 26MB / 30MB (85.7%)
[2025-12-11T16:52:45.922Z] 📊 메모리 통계: {
  "timestamp": "2025-12-11T16:52:45.921Z",
  "heap": {
    "used": 26,
    "total": 30,
    "external": 20
  },
  "system": {
    "used": 48502,
    "total": 49152,
    "percent": "98.7"
  }
}
[2025-12-11T16:53:00.777Z] [0mGET /api/health [32m200[0m 0.820 ms - 241[0m
[2025-12-11T16:53:15.922Z] ⚠️ 높은 힙 메모리 사용량: 26MB / 30MB (85.9%)
[2025-12-11T16:53:15.923Z] 📊 메모리 통계: {
  "timestamp": "2025-12-11T16:53:15.922Z",
  "heap": {
    "used": 26,
    "total": 30,
    "external": 20
  },
  "system": {
    "used": 48555,
    "total": 49152,
    "percent": "98.8"
  }
}
[2025-12-11T16:53:30.779Z] [0mGET /api/health [32m200[0m 0.825 ms - 241[0m
[2025-12-11T16:53:45.841Z] 🧹 메모리 정리 작업 완료
[2025-12-11T16:53:45.923Z] ⚠️ 높은 힙 메모리 사용량: 26MB / 30MB (86.2%)
[2025-12-11T16:53:45.924Z] 📊 메모리 통계: {
  "timestamp": "2025-12-11T16:53:45.923Z",
  "heap": {
    "used": 26,
    "total": 30,
    "external": 20
  },
  "system": {
    "used": 48434,
    "total": 49152,
    "percent": "98.5"
  }
}
[2025-12-11T16:54:00.774Z] [0mGET /api/health [32m200[0m 0.829 ms - 241[0m
[2025-12-11T16:54:15.923Z] ⚠️ 높은 힙 메모리 사용량: 25MB / 30MB (84.6%)
[2025-12-11T16:54:15.924Z] 📊 메모리 통계: {
  "timestamp": "2025-12-11T16:54:15.923Z",
  "heap": {
    "used": 25,
    "total": 30,
    "external": 20
  },
  "system": {
    "used": 48475,
    "total": 49152,
    "percent": "98.6"
  }
}
[2025-12-11T16:54:30.778Z] [0mGET /api/health [32m200[0m 0.799 ms - 241[0m
[2025-12-11T16:54:45.841Z] 🧹 메모리 정리 작업 완료
[2025-12-11T16:54:45.925Z] ⚠️ 높은 힙 메모리 사용량: 25MB / 30MB (84.8%)
[2025-12-11T16:54:45.926Z] 📊 메모리 통계: {
  "timestamp": "2025-12-11T16:54:45.925Z",
  "heap": {
    "used": 25,
    "total": 30,
    "external": 20
  },
  "system": {
    "used": 48429,
    "total": 49152,
    "percent": "98.5"
  }
}
[2025-12-11T16:55:00.785Z] [0mGET /api/health [32m200[0m 0.815 ms - 241[0m
[2025-12-11T16:55:15.927Z] ⚠️ 높은 힙 메모리 사용량: 25MB / 30MB (85.1%)
[2025-12-11T16:55:15.927Z] 📊 메모리 통계: {
  "timestamp": "2025-12-11T16:55:15.926Z",
  "heap": {
    "used": 25,
    "total": 30,
    "external": 20
  },
  "system": {
    "used": 48494,
    "total": 49152,
    "percent": "98.7"
  }
}
[2025-12-11T16:55:30.766Z] [0mGET /api/health [32m200[0m 0.220 ms - 241[0m
[2025-12-11T16:55:45.840Z] 🧹 메모리 정리 작업 완료
[2025-12-11T16:55:45.928Z] ⚠️ 높은 힙 메모리 사용량: 26MB / 30MB (85.3%)
[2025-12-11T16:55:45.929Z] 📊 메모리 통계: {
  "timestamp": "2025-12-11T16:55:45.927Z",
  "heap": {
    "used": 26,
    "total": 30,
    "external": 20
  },
  "system": {
    "used": 48986,
    "total": 49152,
    "percent": "99.7"
  }
}
[2025-12-11T16:56:00.775Z] [0mGET /api/health [32m200[0m 0.752 ms - 241[0m
[2025-12-11T16:56:01.208Z] 🔍 인증된 사용자 - ID: 974640, 이메일: dev@playmate.com, 닉네임: 개발자
[2025-12-11T16:56:01.209Z] [0mGET /api/auth/me [32m200[0m 2.080 ms - 483[0m
[2025-12-11T16:56:15.836Z] 🔍 인증된 사용자 - ID: 974640, 이메일: dev@playmate.com, 닉네임: 개발자
[2025-12-11T16:56:15.836Z] 📊 총 11개 안전한 매칭 데이터 반환
[0mGET /api/matchings?show_only_recruiting=true&show_only_following=false [32m200[0m 2.303 ms - 11719[0m
[2025-12-11T16:56:15.929Z] ⚠️ 높은 힙 메모리 사용량: 26MB / 30MB (86.2%)
[2025-12-11T16:56:15.929Z] 📊 메모리 통계: {
  "timestamp": "2025-12-11T16:56:15.929Z",
  "heap": {
    "used": 26,
    "total": 30,
    "external": 20
  },
  "system": {
    "used": 48505,
    "total": 49152,
    "percent": "98.7"
  }
}
[2025-12-11T16:56:30.775Z] [0mGET /api/health [32m200[0m 0.774 ms - 241[0m
[2025-12-11T16:56:45.840Z] 🧹 메모리 정리 작업 완료
[2025-12-11T16:56:45.931Z] ⚠️ 높은 힙 메모리 사용량: 26MB / 30MB (86.4%)
[2025-12-11T16:56:45.931Z] 📊 메모리 통계: {
  "timestamp": "2025-12-11T16:56:45.930Z",
  "heap": {
    "used": 26,
    "total": 30,
    "external": 20
  },
  "system": {
    "used": 48417,
    "total": 49152,
    "percent": "98.5"
  }
}
[2025-12-11T16:57:00.776Z] [0mGET /api/health [32m200[0m 0.754 ms - 241[0m
[2025-12-11T16:57:15.931Z] ⚠️ 높은 힙 메모리 사용량: 26MB / 30MB (86.7%)
[2025-12-11T16:57:15.932Z] 📊 메모리 통계: {
  "timestamp": "2025-12-11T16:57:15.930Z",
  "heap": {
    "used": 26,
    "total": 30,
    "external": 20
  },
  "system": {
    "used": 48415,
    "total": 49152,
    "percent": "98.5"
  }
}
[2025-12-11T16:57:30.776Z] [0mGET /api/health [32m200[0m 0.842 ms - 241[0m
[2025-12-11T16:57:45.841Z] 🧹 메모리 정리 작업 완료
[2025-12-11T16:57:45.932Z] ⚠️ 높은 힙 메모리 사용량: 25MB / 31MB (82.3%)
[2025-12-11T16:57:45.933Z] 📊 메모리 통계: {
  "timestamp": "2025-12-11T16:57:45.932Z",
  "heap": {
    "used": 25,
    "total": 31,
    "external": 20
  },
  "system": {
    "used": 48493,
    "total": 49152,
    "percent": "98.7"
  }
}
[2025-12-11T16:58:00.771Z] [0mGET /api/health [32m200[0m 0.816 ms - 241[0m
[2025-12-11T16:58:15.933Z] ⚠️ 높은 힙 메모리 사용량: 26MB / 31MB (82.5%)
[2025-12-11T16:58:15.934Z] 📊 메모리 통계: {
  "timestamp": "2025-12-11T16:58:15.932Z",
  "heap": {
    "used": 26,
    "total": 31,
    "external": 20
  },
  "system": {
    "used": 48549,
    "total": 49152,
    "percent": "98.8"
  }
}
[2025-12-11T16:58:30.764Z] [0mGET /api/health [32m200[0m 0.251 ms - 241[0m
[2025-12-11T16:58:45.842Z] 🧹 메모리 정리 작업 완료
[2025-12-11T16:58:45.934Z] ⚠️ 높은 힙 메모리 사용량: 26MB / 31MB (82.8%)
[2025-12-11T16:58:45.935Z] 📊 메모리 통계: {
  "timestamp": "2025-12-11T16:58:45.934Z",
  "heap": {
    "used": 26,
    "total": 31,
    "external": 20
  },
  "system": {
    "used": 48505,
    "total": 49152,
    "percent": "98.7"
  }
}
[2025-12-11T16:59:00.774Z] [0mGET /api/health [32m200[0m 0.841 ms - 241[0m
[2025-12-11T16:59:15.935Z] ⚠️ 높은 힙 메모리 사용량: 26MB / 31MB (83.0%)
[2025-12-11T16:59:15.936Z] 📊 메모리 통계: {
  "timestamp": "2025-12-11T16:59:15.935Z",
  "heap": {
    "used": 26,
    "total": 31,
    "external": 20
  },
  "system": {
    "used": 48494,
    "total": 49152,
    "percent": "98.7"
  }
}
[2025-12-11T16:59:30.770Z] [0mGET /api/health [32m200[0m 0.563 ms - 241[0m
[2025-12-11T16:59:45.843Z] 🧹 메모리 정리 작업 완료
[2025-12-11T16:59:45.934Z] ⚠️ 높은 힙 메모리 사용량: 26MB / 31MB (83.3%)
[2025-12-11T16:59:45.935Z] 📊 메모리 통계: {
  "timestamp": "2025-12-11T16:59:45.934Z",
  "heap": {
    "used": 26,
    "total": 31,
    "external": 20
  },
  "system": {
    "used": 48443,
    "total": 49152,
    "percent": "98.6"
  }
}
[2025-12-11T17:00:00.774Z] [0mGET /api/health [32m200[0m 0.783 ms - 241[0m
[2025-12-11T17:00:15.934Z] ⚠️ 높은 힙 메모리 사용량: 26MB / 31MB (83.5%)
[2025-12-11T17:00:15.935Z] 📊 메모리 통계: {
  "timestamp": "2025-12-11T17:00:15.934Z",
  "heap": {
    "used": 26,
    "total": 31,
    "external": 20
  },
  "system": {
    "used": 48493,
    "total": 49152,
    "percent": "98.7"
  }
}
[2025-12-11T17:00:30.773Z] [0mGET /api/health [32m200[0m 0.822 ms - 241[0m
[2025-12-11T17:00:45.843Z] 🧹 메모리 정리 작업 완료
[2025-12-11T17:00:45.937Z] ⚠️ 높은 힙 메모리 사용량: 26MB / 31MB (83.8%)
[2025-12-11T17:00:45.938Z] 📊 메모리 통계: {
  "timestamp": "2025-12-11T17:00:45.937Z",
  "heap": {
    "used": 26,
    "total": 31,
    "external": 20
  },
  "system": {
    "used": 49088,
    "total": 49152,
    "percent": "99.9"
  }
}
[2025-12-11T17:18:02.937Z] ⚠️ 높은 힙 메모리 사용량: 26MB / 31MB (83.8%)
[2025-12-11T17:18:02.937Z] 📊 메모리 통계: {
  "timestamp": "2025-12-11T17:18:02.936Z",
  "heap": {
    "used": 26,
    "total": 31,
    "external": 20
  },
  "system": {
    "used": 48929,
    "total": 49152,
    "percent": "99.5"
  }
}
🧹 메모리 정리 작업 완료
[2025-12-11T17:18:02.944Z] [0mGET /api/health [32m200[0m 0.495 ms - 241[0m
[2025-12-11T17:18:03.361Z] 🔍 인증된 사용자 - ID: 974640, 이메일: dev@playmate.com, 닉네임: 개발자
[2025-12-11T17:18:03.361Z] [0mGET /api/auth/me [32m200[0m 0.770 ms - 483[0m
[2025-12-11T17:18:17.998Z] 🔍 인증된 사용자 - ID: 974640, 이메일: dev@playmate.com, 닉네임: 개발자
[2025-12-11T17:18:17.999Z] 📊 총 11개 안전한 매칭 데이터 반환
[2025-12-11T17:18:18.000Z] [0mGET /api/matchings?show_only_recruiting=true&show_only_following=false [32m200[0m 2.085 ms - 11719[0m
[2025-12-11T17:18:32.937Z] [0mGET /api/health [32m200[0m 0.826 ms - 241[0m
[2025-12-11T17:18:32.937Z] ⚠️ 높은 힙 메모리 사용량: 26MB / 30MB (85.6%)
📊 메모리 통계: {
  "timestamp": "2025-12-11T17:18:32.937Z",
  "heap": {
    "used": 26,
    "total": 30,
    "external": 20
  },
  "system": {
    "used": 48353,
    "total": 49152,
    "percent": "98.4"
  }
}
[2025-12-11T17:34:02.915Z] ⚠️ 높은 힙 메모리 사용량: 26MB / 30MB (85.7%)
[2025-12-11T17:34:02.916Z] 📊 메모리 통계: {
  "timestamp": "2025-12-11T17:34:02.915Z",
  "heap": {
    "used": 26,
    "total": 30,
    "external": 20
  },
  "system": {
    "used": 48918,
    "total": 49152,
    "percent": "99.5"
  }
}
🧹 메모리 정리 작업 완료
[2025-12-11T17:34:17.913Z] [0mGET /api/health [32m200[0m 0.806 ms - 241[0m
[2025-12-11T17:34:32.913Z] ⚠️ 높은 힙 메모리 사용량: 26MB / 30MB (85.9%)
[2025-12-11T17:34:32.914Z] 📊 메모리 통계: {
  "timestamp": "2025-12-11T17:34:32.913Z",
  "heap": {
    "used": 26,
    "total": 30,
    "external": 20
  },
  "system": {
    "used": 48671,
    "total": 49152,
    "percent": "99.0"
  }
}
[2025-12-11T17:34:47.909Z] [0mGET /api/health [32m200[0m 0.449 ms - 241[0m
[2025-12-11T17:51:54.693Z] 🧹 메모리 정리 작업 완료
[2025-12-11T17:51:54.694Z] ⚠️ 높은 힙 메모리 사용량: 26MB / 30MB (86.2%)
📊 메모리 통계: {
  "timestamp": "2025-12-11T17:51:54.693Z",
  "heap": {
    "used": 26,
    "total": 30,
    "external": 20
  },
  "system": {
    "used": 48624,
    "total": 49152,
    "percent": "98.9"
  }
}
[2025-12-11T17:52:09.687Z] [0mGET /api/health [32m200[0m 0.837 ms - 241[0m
[2025-12-11T17:52:24.690Z] ⚠️ 높은 힙 메모리 사용량: 26MB / 30MB (86.4%)
[2025-12-11T17:52:24.691Z] 📊 메모리 통계: {
  "timestamp": "2025-12-11T17:52:24.690Z",
  "heap": {
    "used": 26,
    "total": 30,
    "external": 20
  },
  "system": {
    "used": 48749,
    "total": 49152,
    "percent": "99.2"
  }
}
[2025-12-11T18:09:10.651Z] 🧹 메모리 정리 작업 완료
[2025-12-11T18:09:10.651Z] ⚠️ 높은 힙 메모리 사용량: 26MB / 30MB (86.5%)
📊 메모리 통계: {
  "timestamp": "2025-12-11T18:09:10.651Z",
  "heap": {
    "used": 26,
    "total": 30,
    "external": 20
  },
  "system": {
    "used": 48360,
    "total": 49152,
    "percent": "98.4"
  }
}
[2025-12-11T18:09:10.654Z] [0mGET /api/health [32m200[0m 0.226 ms - 241[0m
[2025-12-11T18:09:40.625Z] ⚠️ 높은 힙 메모리 사용량: 26MB / 30MB (86.7%)
[2025-12-11T18:09:40.629Z] 📊 메모리 통계: {
  "timestamp": "2025-12-11T18:09:40.625Z",
  "heap": {
    "used": 26,
    "total": 30,
    "external": 20
  },
  "system": {
    "used": 48847,
    "total": 49152,
    "percent": "99.4"
  }
}
[2025-12-11T18:09:40.631Z] [0mGET /api/health [32m200[0m 0.686 ms - 241[0m
[2025-12-11T18:25:15.584Z] 🧹 메모리 정리 작업 완료
[2025-12-11T18:25:15.585Z] ⚠️ 높은 힙 메모리 사용량: 26MB / 30MB (87.0%)
📊 메모리 통계: {
  "timestamp": "2025-12-11T18:25:15.584Z",
  "heap": {
    "used": 26,
    "total": 30,
    "external": 20
  },
  "system": {
    "used": 48533,
    "total": 49152,
    "percent": "98.7"
  }
}
[2025-12-11T18:25:30.589Z] [0mGET /api/health [32m200[0m 0.478 ms - 241[0m
[2025-12-11T18:25:45.583Z] ⚠️ 높은 힙 메모리 사용량: 26MB / 30MB (87.2%)
[2025-12-11T18:25:45.584Z] 📊 메모리 통계: {
  "timestamp": "2025-12-11T18:25:45.583Z",
  "heap": {
    "used": 26,
    "total": 30,
    "external": 20
  },
  "system": {
    "used": 48463,
    "total": 49152,
    "percent": "98.6"
  }
}
[2025-12-11T18:26:00.592Z] [0mGET /api/health [32m200[0m 0.773 ms - 241[0m
[2025-12-11T18:41:05.545Z] 🧹 메모리 정리 작업 완료
[2025-12-11T18:41:05.546Z] ⚠️ 높은 힙 메모리 사용량: 26MB / 30MB (87.5%)
📊 메모리 통계: {
  "timestamp": "2025-12-11T18:41:05.545Z",
  "heap": {
    "used": 26,
    "total": 30,
    "external": 20
  },
  "system": {
    "used": 48677,
    "total": 49152,
    "percent": "99.0"
  }
}
[2025-12-11T18:41:29.542Z] [0mGET /api/health [32m200[0m 0.818 ms - 241[0m
[2025-12-11T18:41:35.546Z] ⚠️ 높은 힙 메모리 사용량: 26MB / 30MB (87.7%)
[2025-12-11T18:41:35.547Z] 📊 메모리 통계: {
  "timestamp": "2025-12-11T18:41:35.546Z",
  "heap": {
    "used": 26,
    "total": 30,
    "external": 20
  },
  "system": {
    "used": 48271,
    "total": 49152,
    "percent": "98.2"
  }
}
[2025-12-11T18:53:31.011Z] 🧹 메모리 정리 작업 완료
[2025-12-11T18:53:31.012Z] ⚠️ 높은 힙 메모리 사용량: 26MB / 30MB (87.7%)
📊 메모리 통계: {
  "timestamp": "2025-12-11T18:53:31.011Z",
  "heap": {
    "used": 26,
    "total": 30,
    "external": 20
  },
  "system": {
    "used": 48485,
    "total": 49152,
    "percent": "98.6"
  }
}
[2025-12-11T18:53:40.008Z] [0mGET /api/health [32m200[0m 0.850 ms - 241[0m
[2025-12-11T18:53:40.439Z] 🔍 인증된 사용자 - ID: 974640, 이메일: dev@playmate.com, 닉네임: 개발자
[2025-12-11T18:53:40.439Z] [0mGET /api/auth/me [32m200[0m 1.901 ms - 483[0m
[2025-12-11T18:53:55.061Z] 🔍 인증된 사용자 - ID: 974640, 이메일: dev@playmate.com, 닉네임: 개발자
[2025-12-11T18:53:55.061Z] 📊 총 11개 안전한 매칭 데이터 반환
[2025-12-11T18:53:55.062Z] [0mGET /api/matchings?show_only_recruiting=true&show_only_following=false [32m200[0m 2.661 ms - 11719[0m
[2025-12-11T18:54:01.013Z] ⚠️ 높은 힙 메모리 사용량: 26MB / 30MB (86.6%)
[2025-12-11T18:54:01.014Z] 📊 메모리 통계: {
  "timestamp": "2025-12-11T18:54:01.013Z",
  "heap": {
    "used": 26,
    "total": 30,
    "external": 20
  },
  "system": {
    "used": 49041,
    "total": 49152,
    "percent": "99.8"
  }
}
[2025-12-11T18:54:10.009Z] [0mGET /api/health [32m200[0m 0.825 ms - 241[0m
[2025-12-11T18:54:31.013Z] 🧹 메모리 정리 작업 완료
[2025-12-11T18:54:31.014Z] ⚠️ 높은 힙 메모리 사용량: 26MB / 30MB (86.8%)
[2025-12-11T18:54:31.015Z] 📊 메모리 통계: {
  "timestamp": "2025-12-11T18:54:31.014Z",
  "heap": {
    "used": 26,
    "total": 30,
    "external": 20
  },
  "system": {
    "used": 48489,
    "total": 49152,
    "percent": "98.7"
  }
}
[2025-12-11T18:54:40.007Z] [0mGET /api/health [32m200[0m 0.764 ms - 241[0m
[2025-12-11T18:55:01.014Z] ⚠️ 높은 힙 메모리 사용량: 26MB / 30MB (87.1%)
[2025-12-11T18:55:01.015Z] 📊 메모리 통계: {
  "timestamp": "2025-12-11T18:55:01.014Z",
  "heap": {
    "used": 26,
    "total": 30,
    "external": 20
  },
  "system": {
    "used": 48799,
    "total": 49152,
    "percent": "99.3"
  }
}
[2025-12-11T18:55:10.002Z] [0mGET /api/health [32m200[0m 0.747 ms - 241[0m
[2025-12-11T18:55:31.014Z] 🧹 메모리 정리 작업 완료
[2025-12-11T18:55:31.015Z] ⚠️ 높은 힙 메모리 사용량: 26MB / 30MB (87.3%)
📊 메모리 통계: {
  "timestamp": "2025-12-11T18:55:31.014Z",
  "heap": {
    "used": 26,
    "total": 30,
    "external": 20
  },
  "system": {
    "used": 48794,
    "total": 49152,
    "percent": "99.3"
  }
}
[2025-12-11T18:55:40.006Z] [0mGET /api/health [32m200[0m 0.829 ms - 241[0m
[2025-12-11T18:56:01.016Z] ⚠️ 높은 힙 메모리 사용량: 26MB / 30MB (87.6%)
[2025-12-11T18:56:01.016Z] 📊 메모리 통계: {
  "timestamp": "2025-12-11T18:56:01.016Z",
  "heap": {
    "used": 26,
    "total": 30,
    "external": 20
  },
  "system": {
    "used": 48574,
    "total": 49152,
    "percent": "98.8"
  }
}
[2025-12-11T18:56:10.010Z] [0mGET /api/health [32m200[0m 0.687 ms - 241[0m
[2025-12-11T18:56:31.016Z] 🧹 메모리 정리 작업 완료
[2025-12-11T18:56:31.017Z] ⚠️ 높은 힙 메모리 사용량: 26MB / 30MB (87.8%)
📊 메모리 통계: {
  "timestamp": "2025-12-11T18:56:31.016Z",
  "heap": {
    "used": 26,
    "total": 30,
    "external": 20
  },
  "system": {
    "used": 48663,
    "total": 49152,
    "percent": "99.0"
  }
}
[2025-12-11T18:56:40.006Z] [0mGET /api/health [32m200[0m 0.829 ms - 241[0m
[2025-12-11T18:57:01.019Z] ⚠️ 높은 힙 메모리 사용량: 26MB / 30MB (88.1%)
[2025-12-11T18:57:01.020Z] 📊 메모리 통계: {
  "timestamp": "2025-12-11T18:57:01.019Z",
  "heap": {
    "used": 26,
    "total": 30,
    "external": 20
  },
  "system": {
    "used": 48718,
    "total": 49152,
    "percent": "99.1"
  }
}
[2025-12-11T18:57:10.005Z] [0mGET /api/health [32m200[0m 0.429 ms - 241[0m
[2025-12-11T18:57:31.017Z] 🧹 메모리 정리 작업 완료
[2025-12-11T18:57:31.020Z] ⚠️ 높은 힙 메모리 사용량: 26MB / 30MB (86.6%)
[2025-12-11T18:57:31.020Z] 📊 메모리 통계: {
  "timestamp": "2025-12-11T18:57:31.019Z",
  "heap": {
    "used": 26,
    "total": 30,
    "external": 20
  },
  "system": {
    "used": 48473,
    "total": 49152,
    "percent": "98.6"
  }
}
[2025-12-11T19:12:47.897Z] ⚠️ 높은 힙 메모리 사용량: 26MB / 30MB (86.6%)
[2025-12-11T19:12:47.899Z] 📊 메모리 통계: {
  "timestamp": "2025-12-11T19:12:47.897Z",
  "heap": {
    "used": 26,
    "total": 30,
    "external": 20
  },
  "system": {
    "used": 48978,
    "total": 49152,
    "percent": "99.6"
  }
}
🧹 메모리 정리 작업 완료
[2025-12-11T19:12:47.904Z] [0mGET /api/health [32m200[0m 0.814 ms - 241[0m
[2025-12-11T19:13:17.889Z] ⚠️ 높은 힙 메모리 사용량: 26MB / 30MB (86.8%)
[2025-12-11T19:13:17.891Z] 📊 메모리 통계: {
  "timestamp": "2025-12-11T19:13:17.888Z",
  "heap": {
    "used": 26,
    "total": 30,
    "external": 20
  },
  "system": {
    "used": 48252,
    "total": 49152,
    "percent": "98.2"
  }
}
[2025-12-11T19:13:17.894Z] [0mGET /api/health [32m200[0m 0.660 ms - 241[0m
[2025-12-11T19:13:47.889Z] 🧹 메모리 정리 작업 완료
[2025-12-11T19:13:47.890Z] ⚠️ 높은 힙 메모리 사용량: 26MB / 30MB (87.1%)
📊 메모리 통계: {
  "timestamp": "2025-12-11T19:13:47.889Z",
  "heap": {
    "used": 26,
    "total": 30,
    "external": 20
  },
  "system": {
    "used": 47671,
    "total": 49152,
    "percent": "97.0"
  }
}
[2025-12-11T19:13:47.899Z] [0mGET /api/health [32m200[0m 0.370 ms - 241[0m
[2025-12-11T19:13:48.331Z] 🔍 인증된 사용자 - ID: 974640, 이메일: dev@playmate.com, 닉네임: 개발자
[2025-12-11T19:13:48.332Z] [0mGET /api/auth/me [32m200[0m 2.157 ms - 483[0m
[2025-12-11T19:14:02.955Z] 🔍 인증된 사용자 - ID: 974640, 이메일: dev@playmate.com, 닉네임: 개발자
[2025-12-11T19:14:02.956Z] 📊 총 11개 안전한 매칭 데이터 반환
[0mGET /api/matchings?show_only_recruiting=true&show_only_following=false [32m200[0m 2.592 ms - 11719[0m
[2025-12-11T19:14:17.890Z] [0mGET /api/health [32m200[0m 0.898 ms - 241[0m
[2025-12-11T19:14:17.891Z] ⚠️ 높은 힙 메모리 사용량: 26MB / 30MB (88.1%)
📊 메모리 통계: {
  "timestamp": "2025-12-11T19:14:17.890Z",
  "heap": {
    "used": 26,
    "total": 30,
    "external": 20
  },
  "system": {
    "used": 47688,
    "total": 49152,
    "percent": "97.0"
  }
}
[2025-12-11T19:14:47.889Z] 🧹 메모리 정리 작업 완료
[2025-12-11T19:14:47.890Z] [0mGET /api/health [32m200[0m 0.579 ms - 241[0m
[2025-12-11T19:14:47.891Z] ⚠️ 높은 힙 메모리 사용량: 26MB / 30MB (88.4%)
📊 메모리 통계: {
  "timestamp": "2025-12-11T19:14:47.890Z",
  "heap": {
    "used": 26,
    "total": 30,
    "external": 20
  },
  "system": {
    "used": 47687,
    "total": 49152,
    "percent": "97.0"
  }
}
[2025-12-11T19:15:17.892Z] [0mGET /api/health [32m200[0m 0.817 ms - 241[0m
[2025-12-11T19:15:17.892Z] ⚠️ 높은 힙 메모리 사용량: 27MB / 30MB (88.6%)
📊 메모리 통계: {
  "timestamp": "2025-12-11T19:15:17.892Z",
  "heap": {
    "used": 27,
    "total": 30,
    "external": 20
  },
  "system": {
    "used": 47621,
    "total": 49152,
    "percent": "96.9"
  }
}
[2025-12-11T19:15:47.889Z] [0mGET /api/health [32m200[0m 0.783 ms - 241[0m
[2025-12-11T19:15:47.890Z] 🧹 메모리 정리 작업 완료
[2025-12-11T19:15:47.892Z] ⚠️ 높은 힙 메모리 사용량: 26MB / 30MB (87.0%)
[2025-12-11T19:15:47.892Z] 📊 메모리 통계: {
  "timestamp": "2025-12-11T19:15:47.892Z",
  "heap": {
    "used": 26,
    "total": 30,
    "external": 20
  },
  "system": {
    "used": 47666,
    "total": 49152,
    "percent": "97.0"
  }
}
[2025-12-11T19:16:17.890Z] [0mGET /api/health [32m200[0m 0.850 ms - 241[0m
[2025-12-11T19:16:17.895Z] ⚠️ 높은 힙 메모리 사용량: 26MB / 30MB (87.3%)
📊 메모리 통계: {
  "timestamp": "2025-12-11T19:16:17.893Z",
  "heap": {
    "used": 26,
    "total": 30,
    "external": 20
  },
  "system": {
    "used": 47694,
    "total": 49152,
    "percent": "97.0"
  }
}
[2025-12-11T19:16:47.889Z] 🧹 메모리 정리 작업 완료
[2025-12-11T19:16:47.892Z] [0mGET /api/health [32m200[0m 0.984 ms - 241[0m
[2025-12-11T19:16:47.894Z] ⚠️ 높은 힙 메모리 사용량: 26MB / 30MB (87.6%)
[2025-12-11T19:16:47.894Z] 📊 메모리 통계: {
  "timestamp": "2025-12-11T19:16:47.894Z",
  "heap": {
    "used": 26,
    "total": 30,
    "external": 20
  },
  "system": {
    "used": 47675,
    "total": 49152,
    "percent": "97.0"
  }
}
[2025-12-11T19:17:17.891Z] [0mGET /api/health [32m200[0m 0.810 ms - 241[0m
[2025-12-11T19:17:17.894Z] ⚠️ 높은 힙 메모리 사용량: 26MB / 30MB (87.9%)
[2025-12-11T19:17:17.895Z] 📊 메모리 통계: {
  "timestamp": "2025-12-11T19:17:17.894Z",
  "heap": {
    "used": 26,
    "total": 30,
    "external": 20
  },
  "system": {
    "used": 47925,
    "total": 49152,
    "percent": "97.5"
  }
}
[2025-12-11T19:17:47.889Z] 🧹 메모리 정리 작업 완료
[2025-12-11T19:17:47.890Z] [0mGET /api/health [32m200[0m 0.461 ms - 241[0m
[2025-12-11T19:17:47.894Z] ⚠️ 높은 힙 메모리 사용량: 26MB / 30MB (88.1%)
[2025-12-11T19:17:47.895Z] 📊 메모리 통계: {
  "timestamp": "2025-12-11T19:17:47.894Z",
  "heap": {
    "used": 26,
    "total": 30,
    "external": 20
  },
  "system": {
    "used": 48081,
    "total": 49152,
    "percent": "97.8"
  }
}
[2025-12-11T19:18:17.890Z] [0mGET /api/health [32m200[0m 0.448 ms - 241[0m
[2025-12-11T19:18:17.895Z] ⚠️ 높은 힙 메모리 사용량: 26MB / 30MB (88.4%)
[2025-12-11T19:18:17.895Z] 📊 메모리 통계: {
  "timestamp": "2025-12-11T19:18:17.895Z",
  "heap": {
    "used": 26,
    "total": 30,
    "external": 20
  },
  "system": {
    "used": 48848,
    "total": 49152,
    "percent": "99.4"
  }
}
[2025-12-11T19:18:47.888Z] [0mGET /api/health [32m200[0m 0.256 ms - 241[0m
[2025-12-11T19:18:47.888Z] 🧹 메모리 정리 작업 완료
[2025-12-11T19:18:47.896Z] ⚠️ 높은 힙 메모리 사용량: 27MB / 30MB (88.6%)
[2025-12-11T19:18:47.896Z] 📊 메모리 통계: {
  "timestamp": "2025-12-11T19:18:47.896Z",
  "heap": {
    "used": 27,
    "total": 30,
    "external": 20
  },
  "system": {
    "used": 48310,
    "total": 49152,
    "percent": "98.3"
  }
}
[2025-12-11T19:18:48.319Z] 🔍 인증된 사용자 - ID: 974640, 이메일: dev@playmate.com, 닉네임: 개발자
[2025-12-11T19:18:48.319Z] [0mGET /api/auth/me [32m200[0m 2.121 ms - 483[0m
[2025-12-11T19:19:02.949Z] 🔍 인증된 사용자 - ID: 974640, 이메일: dev@playmate.com, 닉네임: 개발자
[2025-12-11T19:19:02.950Z] 📊 총 11개 안전한 매칭 데이터 반환
[2025-12-11T19:19:02.951Z] [0mGET /api/matchings?show_only_recruiting=true&show_only_following=false [32m200[0m 2.217 ms - 11719[0m
[2025-12-11T19:19:17.889Z] [0mGET /api/health [32m200[0m 0.864 ms - 241[0m
[2025-12-11T19:19:17.897Z] ⚠️ 높은 힙 메모리 사용량: 26MB / 31MB (84.8%)
[2025-12-11T19:19:17.898Z] 📊 메모리 통계: {
  "timestamp": "2025-12-11T19:19:17.897Z",
  "heap": {
    "used": 26,
    "total": 31,
    "external": 20
  },
  "system": {
    "used": 48365,
    "total": 49152,
    "percent": "98.4"
  }
}
[2025-12-11T19:19:47.888Z] [0mGET /api/health [32m200[0m 0.777 ms - 241[0m
[2025-12-11T19:19:47.889Z] 🧹 메모리 정리 작업 완료
[2025-12-11T19:19:47.899Z] ⚠️ 높은 힙 메모리 사용량: 26MB / 31MB (85.0%)
[2025-12-11T19:19:47.899Z] 📊 메모리 통계: {
  "timestamp": "2025-12-11T19:19:47.899Z",
  "heap": {
    "used": 26,
    "total": 31,
    "external": 20
  },
  "system": {
    "used": 48236,
    "total": 49152,
    "percent": "98.1"
  }
}
[2025-12-11T19:20:17.889Z] [0mGET /api/health [32m200[0m 0.853 ms - 241[0m
[2025-12-11T19:20:17.899Z] ⚠️ 높은 힙 메모리 사용량: 26MB / 31MB (85.3%)
[2025-12-11T19:20:17.899Z] 📊 메모리 통계: {
  "timestamp": "2025-12-11T19:20:17.899Z",
  "heap": {
    "used": 26,
    "total": 31,
    "external": 20
  },
  "system": {
    "used": 48304,
    "total": 49152,
    "percent": "98.3"
  }
}
[2025-12-11T19:20:47.888Z] 🧹 메모리 정리 작업 완료
[2025-12-11T19:20:47.890Z] [0mGET /api/health [32m200[0m 0.197 ms - 241[0m
[2025-12-11T19:20:47.900Z] ⚠️ 높은 힙 메모리 사용량: 26MB / 31MB (85.5%)
[2025-12-11T19:20:47.900Z] 📊 메모리 통계: {
  "timestamp": "2025-12-11T19:20:47.900Z",
  "heap": {
    "used": 26,
    "total": 31,
    "external": 20
  },
  "system": {
    "used": 48259,
    "total": 49152,
    "percent": "98.2"
  }
}
[2025-12-11T19:21:17.891Z] [0mGET /api/health [32m200[0m 0.526 ms - 241[0m
[2025-12-11T19:21:17.902Z] ⚠️ 높은 힙 메모리 사용량: 27MB / 31MB (85.8%)
[2025-12-11T19:21:17.902Z] 📊 메모리 통계: {
  "timestamp": "2025-12-11T19:21:17.901Z",
  "heap": {
    "used": 27,
    "total": 31,
    "external": 20
  },
  "system": {
    "used": 48327,
    "total": 49152,
    "percent": "98.3"
  }
}
[2025-12-11T19:21:47.888Z] 🧹 메모리 정리 작업 완료
[2025-12-11T19:21:47.892Z] [0mGET /api/health [32m200[0m 0.750 ms - 241[0m
[2025-12-11T19:21:47.902Z] ⚠️ 높은 힙 메모리 사용량: 27MB / 31MB (86.0%)
[2025-12-11T19:21:47.902Z] 📊 메모리 통계: {
  "timestamp": "2025-12-11T19:21:47.902Z",
  "heap": {
    "used": 27,
    "total": 31,
    "external": 20
  },
  "system": {
    "used": 48213,
    "total": 49152,
    "percent": "98.1"
  }
}
[2025-12-11T19:22:17.892Z] [0mGET /api/health [32m200[0m 0.880 ms - 241[0m
[2025-12-11T19:22:17.903Z] ⚠️ 높은 힙 메모리 사용량: 27MB / 31MB (86.2%)
[2025-12-11T19:22:17.904Z] 📊 메모리 통계: {
  "timestamp": "2025-12-11T19:22:17.903Z",
  "heap": {
    "used": 27,
    "total": 31,
    "external": 20
  },
  "system": {
    "used": 48379,
    "total": 49152,
    "percent": "98.4"
  }
}
[2025-12-11T19:22:47.888Z] 🧹 메모리 정리 작업 완료
[2025-12-11T19:22:47.897Z] [0mGET /api/health [32m200[0m 0.722 ms - 241[0m
[2025-12-11T19:22:47.903Z] ⚠️ 높은 힙 메모리 사용량: 27MB / 31MB (86.5%)
[2025-12-11T19:22:47.904Z] 📊 메모리 통계: {
  "timestamp": "2025-12-11T19:22:47.903Z",
  "heap": {
    "used": 27,
    "total": 31,
    "external": 20
  },
  "system": {
    "used": 48656,
    "total": 49152,
    "percent": "99.0"
  }
}
[2025-12-11T19:23:17.890Z] [0mGET /api/health [32m200[0m 0.801 ms - 241[0m
[2025-12-11T19:23:17.905Z] ⚠️ 높은 힙 메모리 사용량: 27MB / 31MB (86.7%)
[2025-12-11T19:23:17.905Z] 📊 메모리 통계: {
  "timestamp": "2025-12-11T19:23:17.904Z",
  "heap": {
    "used": 27,
    "total": 31,
    "external": 20
  },
  "system": {
    "used": 48957,
    "total": 49152,
    "percent": "99.6"
  }
}
[2025-12-11T19:23:47.888Z] 🧹 메모리 정리 작업 완료
[2025-12-11T19:23:47.892Z] [0mGET /api/health [32m200[0m 0.734 ms - 241[0m
[2025-12-11T19:23:47.906Z] ⚠️ 높은 힙 메모리 사용량: 27MB / 31MB (87.0%)
[2025-12-11T19:23:47.907Z] 📊 메모리 통계: {
  "timestamp": "2025-12-11T19:23:47.906Z",
  "heap": {
    "used": 27,
    "total": 31,
    "external": 20
  },
  "system": {
    "used": 48440,
    "total": 49152,
    "percent": "98.6"
  }
}
[2025-12-11T19:23:48.326Z] 🔍 인증된 사용자 - ID: 974640, 이메일: dev@playmate.com, 닉네임: 개발자
[2025-12-11T19:23:48.327Z] [0mGET /api/auth/me [32m200[0m 1.886 ms - 483[0m
[2025-12-11T19:24:02.944Z] 🔍 인증된 사용자 - ID: 974640, 이메일: dev@playmate.com, 닉네임: 개발자
[2025-12-11T19:24:02.945Z] 📊 총 11개 안전한 매칭 데이터 반환
[2025-12-11T19:24:02.946Z] [0mGET /api/matchings?show_only_recruiting=true&show_only_following=false [32m200[0m 2.273 ms - 11719[0m
[2025-12-11T19:24:17.887Z] [0mGET /api/health [32m200[0m 0.776 ms - 241[0m
[2025-12-11T19:24:17.909Z] ⚠️ 높은 힙 메모리 사용량: 27MB / 30MB (88.8%)
[2025-12-11T19:24:17.909Z] 📊 메모리 통계: {
  "timestamp": "2025-12-11T19:24:17.908Z",
  "heap": {
    "used": 27,
    "total": 30,
    "external": 20
  },
  "system": {
    "used": 48488,
    "total": 49152,
    "percent": "98.6"
  }
}
[2025-12-11T19:24:47.889Z] [0mGET /api/health [32m200[0m 0.704 ms - 241[0m
[2025-12-11T19:24:47.889Z] 🧹 메모리 정리 작업 완료
[2025-12-11T19:24:47.909Z] ⚠️ 높은 힙 메모리 사용량: 27MB / 30MB (89.1%)
[2025-12-11T19:24:47.909Z] 📊 메모리 통계: {
  "timestamp": "2025-12-11T19:24:47.908Z",
  "heap": {
    "used": 27,
    "total": 30,
    "external": 20
  },
  "system": {
    "used": 48368,
    "total": 49152,
    "percent": "98.4"
  }
}
[2025-12-11T19:25:17.888Z] [0mGET /api/health [32m200[0m 0.793 ms - 241[0m
[2025-12-11T19:25:17.910Z] ⚠️ 높은 힙 메모리 사용량: 27MB / 30MB (89.3%)
[2025-12-11T19:25:17.911Z] 📊 메모리 통계: {
  "timestamp": "2025-12-11T19:25:17.910Z",
  "heap": {
    "used": 27,
    "total": 30,
    "external": 20
  },
  "system": {
    "used": 48517,
    "total": 49152,
    "percent": "98.7"
  }
}
[2025-12-11T19:25:47.889Z] [0mGET /api/health [32m200[0m 0.435 ms - 241[0m
[2025-12-11T19:25:47.889Z] 🧹 메모리 정리 작업 완료
[2025-12-11T19:25:47.912Z] ⚠️ 높은 힙 메모리 사용량: 27MB / 30MB (89.6%)
[2025-12-11T19:25:47.912Z] 📊 메모리 통계: {
  "timestamp": "2025-12-11T19:25:47.912Z",
  "heap": {
    "used": 27,
    "total": 30,
    "external": 20
  },
  "system": {
    "used": 48412,
    "total": 49152,
    "percent": "98.5"
  }
}
[2025-12-11T19:26:17.887Z] [0mGET /api/health [32m200[0m 0.846 ms - 241[0m
[2025-12-11T19:26:17.915Z] ⚠️ 높은 힙 메모리 사용량: 27MB / 30MB (89.8%)
[2025-12-11T19:26:17.915Z] 📊 메모리 통계: {
  "timestamp": "2025-12-11T19:26:17.914Z",
  "heap": {
    "used": 27,
    "total": 30,
    "external": 20
  },
  "system": {
    "used": 48464,
    "total": 49152,
    "percent": "98.6"
  }
}
[2025-12-11T19:26:47.890Z] [0mGET /api/health [32m200[0m 0.750 ms - 241[0m
[2025-12-11T19:26:47.890Z] 🧹 메모리 정리 작업 완료
[2025-12-11T19:26:47.915Z] ⚠️ 높은 힙 메모리 사용량: 27MB / 30MB (90.1%)
[2025-12-11T19:26:47.916Z] 📊 메모리 통계: {
  "timestamp": "2025-12-11T19:26:47.915Z",
  "heap": {
    "used": 27,
    "total": 30,
    "external": 20
  },
  "system": {
    "used": 48348,
    "total": 49152,
    "percent": "98.4"
  }
}
[2025-12-11T19:27:17.881Z] [0mGET /api/health [32m200[0m 0.217 ms - 241[0m
[2025-12-11T19:27:17.917Z] ⚠️ 높은 힙 메모리 사용량: 27MB / 30MB (90.3%)
[2025-12-11T19:27:17.917Z] 📊 메모리 통계: {
  "timestamp": "2025-12-11T19:27:17.917Z",
  "heap": {
    "used": 27,
    "total": 30,
    "external": 20
  },
  "system": {
    "used": 48458,
    "total": 49152,
    "percent": "98.6"
  }
}
[2025-12-11T19:27:47.890Z] 🧹 메모리 정리 작업 완료
[2025-12-11T19:27:47.894Z] [0mGET /api/health [32m200[0m 0.742 ms - 241[0m
[2025-12-11T19:27:47.917Z] ⚠️ 높은 힙 메모리 사용량: 27MB / 30MB (88.6%)
[2025-12-11T19:27:47.918Z] 📊 메모리 통계: {
  "timestamp": "2025-12-11T19:27:47.917Z",
  "heap": {
    "used": 27,
    "total": 30,
    "external": 20
  },
  "system": {
    "used": 48825,
    "total": 49152,
    "percent": "99.3"
  }
}
[2025-12-11T19:28:17.889Z] [0mGET /api/health [32m200[0m 0.804 ms - 241[0m
[2025-12-11T19:28:17.919Z] ⚠️ 높은 힙 메모리 사용량: 27MB / 30MB (88.9%)
[2025-12-11T19:28:17.919Z] 📊 메모리 통계: {
  "timestamp": "2025-12-11T19:28:17.919Z",
  "heap": {
    "used": 27,
    "total": 30,
    "external": 20
  },
  "system": {
    "used": 49046,
    "total": 49152,
    "percent": "99.8"
  }
}
[2025-12-11T19:28:47.885Z] [0mGET /api/health [32m200[0m 0.759 ms - 241[0m
[2025-12-11T19:28:47.890Z] 🧹 메모리 정리 작업 완료
[2025-12-11T19:28:47.920Z] ⚠️ 높은 힙 메모리 사용량: 27MB / 30MB (89.1%)
[2025-12-11T19:28:47.921Z] 📊 메모리 통계: {
  "timestamp": "2025-12-11T19:28:47.920Z",
  "heap": {
    "used": 27,
    "total": 30,
    "external": 20
  },
  "system": {
    "used": 48908,
    "total": 49152,
    "percent": "99.5"
  }
}
[2025-12-11T19:28:48.324Z] 🔍 인증된 사용자 - ID: 974640, 이메일: dev@playmate.com, 닉네임: 개발자
[2025-12-11T19:28:48.324Z] [0mGET /api/auth/me [32m200[0m 0.725 ms - 483[0m
[2025-12-11T19:29:02.945Z] 🔍 인증된 사용자 - ID: 974640, 이메일: dev@playmate.com, 닉네임: 개발자
[2025-12-11T19:29:02.946Z] 📊 총 11개 안전한 매칭 데이터 반환
[2025-12-11T19:29:02.947Z] [0mGET /api/matchings?show_only_recruiting=true&show_only_following=false [32m200[0m 2.354 ms - 11719[0m
[2025-12-11T19:29:17.887Z] [0mGET /api/health [32m200[0m 0.918 ms - 241[0m
[2025-12-11T19:29:17.922Z] ⚠️ 높은 힙 메모리 사용량: 27MB / 30MB (90.0%)
[2025-12-11T19:29:17.922Z] 📊 메모리 통계: {
  "timestamp": "2025-12-11T19:29:17.922Z",
  "heap": {
    "used": 27,
    "total": 30,
    "external": 20
  },
  "system": {
    "used": 48593,
    "total": 49152,
    "percent": "98.9"
  }
}
[2025-12-11T19:29:47.891Z] 🧹 메모리 정리 작업 완료
[2025-12-11T19:29:47.896Z] [0mGET /api/health [32m200[0m 0.836 ms - 241[0m
[2025-12-11T19:29:47.924Z] ⚠️ 높은 힙 메모리 사용량: 27MB / 30MB (90.2%)
[2025-12-11T19:29:47.925Z] 📊 메모리 통계: {
  "timestamp": "2025-12-11T19:29:47.924Z",
  "heap": {
    "used": 27,
    "total": 30,
    "external": 20
  },
  "system": {
    "used": 48542,
    "total": 49152,
    "percent": "98.8"
  }
}
[2025-12-11T19:30:17.889Z] [0mGET /api/health [32m200[0m 0.781 ms - 241[0m
[2025-12-11T19:30:17.925Z] ⚠️ 높은 힙 메모리 사용량: 27MB / 30MB (90.5%)
[2025-12-11T19:30:17.925Z] 📊 메모리 통계: {
  "timestamp": "2025-12-11T19:30:17.925Z",
  "heap": {
    "used": 27,
    "total": 30,
    "external": 20
  },
  "system": {
    "used": 48526,
    "total": 49152,
    "percent": "98.7"
  }
}
[2025-12-11T19:30:47.885Z] [0mGET /api/health [32m200[0m 0.811 ms - 241[0m
[2025-12-11T19:30:47.892Z] 🧹 메모리 정리 작업 완료
[2025-12-11T19:30:47.925Z] ⚠️ 높은 힙 메모리 사용량: 27MB / 30MB (90.7%)
[2025-12-11T19:30:47.925Z] 📊 메모리 통계: {
  "timestamp": "2025-12-11T19:30:47.925Z",
  "heap": {
    "used": 27,
    "total": 30,
    "external": 20
  },
  "system": {
    "used": 48444,
    "total": 49152,
    "percent": "98.6"
  }
}
[2025-12-11T19:31:17.887Z] [0mGET /api/health [32m200[0m 0.900 ms - 241[0m
[2025-12-11T19:31:17.927Z] ⚠️ 높은 힙 메모리 사용량: 27MB / 30MB (89.1%)
[2025-12-11T19:31:17.928Z] 📊 메모리 통계: {
  "timestamp": "2025-12-11T19:31:17.927Z",
  "heap": {
    "used": 27,
    "total": 30,
    "external": 20
  },
  "system": {
    "used": 48527,
    "total": 49152,
    "percent": "98.7"
  }
}
[2025-12-11T19:31:47.887Z] [0mGET /api/health [32m200[0m 0.746 ms - 241[0m
[2025-12-11T19:31:47.892Z] 🧹 메모리 정리 작업 완료
[2025-12-11T19:31:47.928Z] ⚠️ 높은 힙 메모리 사용량: 27MB / 30MB (89.4%)
[2025-12-11T19:31:47.929Z] 📊 메모리 통계: {
  "timestamp": "2025-12-11T19:31:47.928Z",
  "heap": {
    "used": 27,
    "total": 30,
    "external": 20
  },
  "system": {
    "used": 48402,
    "total": 49152,
    "percent": "98.5"
  }
}
[2025-12-11T19:32:17.886Z] [0mGET /api/health [32m200[0m 0.765 ms - 241[0m
[2025-12-11T19:32:17.930Z] ⚠️ 높은 힙 메모리 사용량: 27MB / 30MB (89.6%)
[2025-12-11T19:32:17.931Z] 📊 메모리 통계: {
  "timestamp": "2025-12-11T19:32:17.930Z",
  "heap": {
    "used": 27,
    "total": 30,
    "external": 20
  },
  "system": {
    "used": 48525,
    "total": 49152,
    "percent": "98.7"
  }
}
[2025-12-11T19:32:47.884Z] [0mGET /api/health [32m200[0m 0.865 ms - 241[0m
[2025-12-11T19:32:47.892Z] 🧹 메모리 정리 작업 완료
[2025-12-11T19:32:47.931Z] ⚠️ 높은 힙 메모리 사용량: 27MB / 30MB (89.9%)
[2025-12-11T19:32:47.931Z] 📊 메모리 통계: {
  "timestamp": "2025-12-11T19:32:47.931Z",
  "heap": {
    "used": 27,
    "total": 30,
    "external": 20
  },
  "system": {
    "used": 48888,
    "total": 49152,
    "percent": "99.5"
  }
}
[2025-12-11T19:33:17.888Z] [0mGET /api/health [32m200[0m 0.800 ms - 241[0m
[2025-12-11T19:33:17.938Z] ⚠️ 높은 힙 메모리 사용량: 27MB / 30MB (90.1%)
📊 메모리 통계: {
  "timestamp": "2025-12-11T19:33:17.933Z",
  "heap": {
    "used": 27,
    "total": 30,
    "external": 20
  },
  "system": {
    "used": 48930,
    "total": 49152,
    "percent": "99.5"
  }
}
[2025-12-11T19:33:47.882Z] [0mGET /api/health [32m200[0m 0.256 ms - 241[0m
[2025-12-11T19:33:47.893Z] 🧹 메모리 정리 작업 완료
[2025-12-11T19:33:47.933Z] ⚠️ 높은 힙 메모리 사용량: 27MB / 30MB (90.4%)
[2025-12-11T19:33:47.933Z] 📊 메모리 통계: {
  "timestamp": "2025-12-11T19:33:47.933Z",
  "heap": {
    "used": 27,
    "total": 30,
    "external": 20
  },
  "system": {
    "used": 48935,
    "total": 49152,
    "percent": "99.6"
  }
}
[2025-12-11T19:33:48.321Z] 🔍 인증된 사용자 - ID: 974640, 이메일: dev@playmate.com, 닉네임: 개발자
[2025-12-11T19:33:48.322Z] [0mGET /api/auth/me [32m200[0m 2.161 ms - 483[0m
[2025-12-11T19:34:02.950Z] 🔍 인증된 사용자 - ID: 974640, 이메일: dev@playmate.com, 닉네임: 개발자
[2025-12-11T19:34:02.952Z] 📊 총 11개 안전한 매칭 데이터 반환
[0mGET /api/matchings?show_only_recruiting=true&show_only_following=false [32m200[0m 2.362 ms - 11719[0m
[2025-12-11T19:34:17.887Z] [0mGET /api/health [32m200[0m 0.818 ms - 241[0m
[2025-12-11T19:34:17.933Z] ⚠️ 높은 힙 메모리 사용량: 27MB / 30MB (91.2%)
[2025-12-11T19:34:17.934Z] 📊 메모리 통계: {
  "timestamp": "2025-12-11T19:34:17.933Z",
  "heap": {
    "used": 27,
    "total": 30,
    "external": 20
  },
  "system": {
    "used": 48494,
    "total": 49152,
    "percent": "98.7"
  }
}
[2025-12-11T19:34:47.885Z] [0mGET /api/health [32m200[0m 0.812 ms - 241[0m
[2025-12-11T19:34:47.893Z] 🧹 메모리 정리 작업 완료
[2025-12-11T19:34:47.935Z] ⚠️ 높은 힙 메모리 사용량: 27MB / 31MB (86.7%)
[2025-12-11T19:34:47.936Z] 📊 메모리 통계: {
  "timestamp": "2025-12-11T19:34:47.935Z",
  "heap": {
    "used": 27,
    "total": 31,
    "external": 20
  },
  "system": {
    "used": 48475,
    "total": 49152,
    "percent": "98.6"
  }
}
[2025-12-11T19:35:17.885Z] [0mGET /api/health [32m200[0m 0.792 ms - 241[0m
[2025-12-11T19:35:17.937Z] ⚠️ 높은 힙 메모리 사용량: 27MB / 31MB (87.0%)
[2025-12-11T19:35:17.937Z] 📊 메모리 통계: {
  "timestamp": "2025-12-11T19:35:17.937Z",
  "heap": {
    "used": 27,
    "total": 31,
    "external": 20
  },
  "system": {
    "used": 48533,
    "total": 49152,
    "percent": "98.7"
  }
}
[2025-12-11T19:35:47.883Z] [0mGET /api/health [32m200[0m 0.736 ms - 241[0m
[2025-12-11T19:35:47.894Z] 🧹 메모리 정리 작업 완료
[2025-12-11T19:35:47.938Z] ⚠️ 높은 힙 메모리 사용량: 27MB / 31MB (87.2%)
[2025-12-11T19:35:47.939Z] 📊 메모리 통계: {
  "timestamp": "2025-12-11T19:35:47.938Z",
  "heap": {
    "used": 27,
    "total": 31,
    "external": 20
  },
  "system": {
    "used": 48307,
    "total": 49152,
    "percent": "98.3"
  }
}
[2025-12-11T19:36:17.885Z] [0mGET /api/health [32m200[0m 0.759 ms - 241[0m
[2025-12-11T19:36:17.941Z] ⚠️ 높은 힙 메모리 사용량: 27MB / 31MB (87.5%)
[2025-12-11T19:36:17.941Z] 📊 메모리 통계: {
  "timestamp": "2025-12-11T19:36:17.941Z",
  "heap": {
    "used": 27,
    "total": 31,
    "external": 20
  },
  "system": {
    "used": 48360,
    "total": 49152,
    "percent": "98.4"
  }
}
[2025-12-11T19:36:47.882Z] [0mGET /api/health [32m200[0m 0.255 ms - 241[0m
[2025-12-11T19:36:47.893Z] 🧹 메모리 정리 작업 완료
[2025-12-11T19:36:47.942Z] ⚠️ 높은 힙 메모리 사용량: 27MB / 31MB (87.7%)
[2025-12-11T19:36:47.942Z] 📊 메모리 통계: {
  "timestamp": "2025-12-11T19:36:47.942Z",
  "heap": {
    "used": 27,
    "total": 31,
    "external": 20
  },
  "system": {
    "used": 48380,
    "total": 49152,
    "percent": "98.4"
  }
}
[2025-12-11T19:37:17.884Z] [0mGET /api/health [32m200[0m 0.824 ms - 241[0m
[2025-12-11T19:37:17.945Z] ⚠️ 높은 힙 메모리 사용량: 27MB / 31MB (87.9%)
[2025-12-11T19:37:17.946Z] 📊 메모리 통계: {
  "timestamp": "2025-12-11T19:37:17.945Z",
  "heap": {
    "used": 27,
    "total": 31,
    "external": 20
  },
  "system": {
    "used": 48376,
    "total": 49152,
    "percent": "98.4"
  }
}
[2025-12-11T19:37:47.885Z] [0mGET /api/health [32m200[0m 0.807 ms - 241[0m
[2025-12-11T19:37:47.894Z] 🧹 메모리 정리 작업 완료
[2025-12-11T19:37:47.946Z] ⚠️ 높은 힙 메모리 사용량: 27MB / 31MB (88.2%)
[2025-12-11T19:37:47.947Z] 📊 메모리 통계: {
  "timestamp": "2025-12-11T19:37:47.946Z",
  "heap": {
    "used": 27,
    "total": 31,
    "external": 20
  },
  "system": {
    "used": 48794,
    "total": 49152,
    "percent": "99.3"
  }
}
[2025-12-11T19:38:17.884Z] [0mGET /api/health [32m200[0m 0.842 ms - 241[0m
[2025-12-11T19:38:17.948Z] ⚠️ 높은 힙 메모리 사용량: 27MB / 31MB (88.4%)
[2025-12-11T19:38:17.948Z] 📊 메모리 통계: {
  "timestamp": "2025-12-11T19:38:17.948Z",
  "heap": {
    "used": 27,
    "total": 31,
    "external": 20
  },
  "system": {
    "used": 48846,
    "total": 49152,
    "percent": "99.4"
  }
}
[2025-12-11T19:38:47.885Z] [0mGET /api/health [32m200[0m 0.853 ms - 241[0m
[2025-12-11T19:38:47.894Z] 🧹 메모리 정리 작업 완료
[2025-12-11T19:38:47.950Z] ⚠️ 높은 힙 메모리 사용량: 27MB / 31MB (88.7%)
[2025-12-11T19:38:47.951Z] 📊 메모리 통계: {
  "timestamp": "2025-12-11T19:38:47.950Z",
  "heap": {
    "used": 27,
    "total": 31,
    "external": 20
  },
  "system": {
    "used": 48992,
    "total": 49152,
    "percent": "99.7"
  }
}
[2025-12-11T19:38:48.316Z] 🔍 인증된 사용자 - ID: 974640, 이메일: dev@playmate.com, 닉네임: 개발자
[2025-12-11T19:38:48.317Z] [0mGET /api/auth/me [32m200[0m 2.248 ms - 483[0m
[2025-12-11T19:39:02.943Z] 🔍 인증된 사용자 - ID: 974640, 이메일: dev@playmate.com, 닉네임: 개발자
[2025-12-11T19:39:02.945Z] 📊 총 11개 안전한 매칭 데이터 반환
[0mGET /api/matchings?show_only_recruiting=true&show_only_following=false [32m200[0m 2.124 ms - 11719[0m
[2025-12-11T19:39:17.884Z] [0mGET /api/health [32m200[0m 0.873 ms - 241[0m
[2025-12-11T19:39:17.952Z] ⚠️ 높은 힙 메모리 사용량: 27MB / 30MB (90.6%)
[2025-12-11T19:39:17.952Z] 📊 메모리 통계: {
  "timestamp": "2025-12-11T19:39:17.951Z",
  "heap": {
    "used": 27,
    "total": 30,
    "external": 20
  },
  "system": {
    "used": 48379,
    "total": 49152,
    "percent": "98.4"
  }
}
[2025-12-11T19:39:47.884Z] [0mGET /api/health [32m200[0m 0.603 ms - 241[0m
[2025-12-11T19:39:47.894Z] 🧹 메모리 정리 작업 완료
[2025-12-11T19:39:47.953Z] ⚠️ 높은 힙 메모리 사용량: 27MB / 30MB (90.8%)
[2025-12-11T19:39:47.954Z] 📊 메모리 통계: {
  "timestamp": "2025-12-11T19:39:47.953Z",
  "heap": {
    "used": 27,
    "total": 30,
    "external": 20
  },
  "system": {
    "used": 48415,
    "total": 49152,
    "percent": "98.5"
  }
}
[2025-12-11T19:40:17.885Z] [0mGET /api/health [32m200[0m 0.815 ms - 241[0m
[2025-12-11T19:40:17.955Z] ⚠️ 높은 힙 메모리 사용량: 27MB / 30MB (91.0%)
[2025-12-11T19:40:17.956Z] 📊 메모리 통계: {
  "timestamp": "2025-12-11T19:40:17.955Z",
  "heap": {
    "used": 27,
    "total": 30,
    "external": 20
  },
  "system": {
    "used": 48496,
    "total": 49152,
    "percent": "98.7"
  }
}
[2025-12-11T19:40:47.879Z] [0mGET /api/health [32m200[0m 0.462 ms - 241[0m
[2025-12-11T19:40:47.894Z] 🧹 메모리 정리 작업 완료
[2025-12-11T19:40:47.956Z] ⚠️ 높은 힙 메모리 사용량: 27MB / 30MB (91.3%)
[2025-12-11T19:40:47.956Z] 📊 메모리 통계: {
  "timestamp": "2025-12-11T19:40:47.955Z",
  "heap": {
    "used": 27,
    "total": 30,
    "external": 20
  },
  "system": {
    "used": 48526,
    "total": 49152,
    "percent": "98.7"
  }
}
[2025-12-11T19:41:17.882Z] [0mGET /api/health [32m200[0m 0.793 ms - 241[0m
[2025-12-11T19:41:17.956Z] ⚠️ 높은 힙 메모리 사용량: 27MB / 30MB (91.5%)
[2025-12-11T19:41:17.956Z] 📊 메모리 통계: {
  "timestamp": "2025-12-11T19:41:17.956Z",
  "heap": {
    "used": 27,
    "total": 30,
    "external": 20
  },
  "system": {
    "used": 48512,
    "total": 49152,
    "percent": "98.7"
  }
}
[2025-12-11T19:41:47.889Z] [0mGET /api/health [32m200[0m 0.824 ms - 241[0m
[2025-12-11T19:41:47.894Z] 🧹 메모리 정리 작업 완료
[2025-12-11T19:41:47.958Z] ⚠️ 높은 힙 메모리 사용량: 28MB / 30MB (91.8%)
[2025-12-11T19:41:47.959Z] 📊 메모리 통계: {
  "timestamp": "2025-12-11T19:41:47.958Z",
  "heap": {
    "used": 28,
    "total": 30,
    "external": 20
  },
  "system": {
    "used": 48465,
    "total": 49152,
    "percent": "98.6"
  }
}
[2025-12-11T19:42:17.885Z] [0mGET /api/health [32m200[0m 0.818 ms - 241[0m
[2025-12-11T19:42:17.960Z] ⚠️ 높은 힙 메모리 사용량: 28MB / 30MB (92.0%)
[2025-12-11T19:42:17.960Z] 📊 메모리 통계: {
  "timestamp": "2025-12-11T19:42:17.960Z",
  "heap": {
    "used": 28,
    "total": 30,
    "external": 20
  },
  "system": {
    "used": 48534,
    "total": 49152,
    "percent": "98.7"
  }
}
[2025-12-11T19:42:47.885Z] [0mGET /api/health [32m200[0m 0.705 ms - 241[0m
[2025-12-11T19:42:47.893Z] 🧹 메모리 정리 작업 완료
[2025-12-11T19:42:47.960Z] ⚠️ 높은 힙 메모리 사용량: 28MB / 30MB (92.3%)
[2025-12-11T19:42:47.961Z] 📊 메모리 통계: {
  "timestamp": "2025-12-11T19:42:47.960Z",
  "heap": {
    "used": 28,
    "total": 30,
    "external": 20
  },
  "system": {
    "used": 48975,
    "total": 49152,
    "percent": "99.6"
  }
}
[2025-12-11T19:43:17.886Z] [0mGET /api/health [32m200[0m 0.792 ms - 241[0m
[2025-12-11T19:43:17.962Z] ⚠️ 높은 힙 메모리 사용량: 27MB / 30MB (90.6%)
[2025-12-11T19:43:17.963Z] 📊 메모리 통계: {
  "timestamp": "2025-12-11T19:43:17.962Z",
  "heap": {
    "used": 27,
    "total": 30,
    "external": 20
  },
  "system": {
    "used": 48923,
    "total": 49152,
    "percent": "99.5"
  }
}
[2025-12-11T19:43:47.895Z] [0mGET /api/health [32m200[0m 0.768 ms - 241[0m
[2025-12-11T19:43:47.895Z] 🧹 메모리 정리 작업 완료
[2025-12-11T19:43:47.965Z] ⚠️ 높은 힙 메모리 사용량: 27MB / 30MB (90.9%)
[2025-12-11T19:43:47.965Z] 📊 메모리 통계: {
  "timestamp": "2025-12-11T19:43:47.965Z",
  "heap": {
    "used": 27,
    "total": 30,
    "external": 20
  },
  "system": {
    "used": 49089,
    "total": 49152,
    "percent": "99.9"
  }
}
[2025-12-11T19:43:48.316Z] 🔍 인증된 사용자 - ID: 974640, 이메일: dev@playmate.com, 닉네임: 개발자
[2025-12-11T19:43:48.318Z] [0mGET /api/auth/me [32m200[0m 2.231 ms - 483[0m
[2025-12-11T19:44:02.941Z] 🔍 인증된 사용자 - ID: 974640, 이메일: dev@playmate.com, 닉네임: 개발자
[2025-12-11T19:44:02.942Z] 📊 총 11개 안전한 매칭 데이터 반환
[2025-12-11T19:44:02.942Z] [0mGET /api/matchings?show_only_recruiting=true&show_only_following=false [32m200[0m 2.156 ms - 11719[0m
[2025-12-11T19:44:17.882Z] [0mGET /api/health [32m200[0m 0.893 ms - 241[0m
[2025-12-11T19:44:17.967Z] ⚠️ 높은 힙 메모리 사용량: 27MB / 30MB (91.7%)
[2025-12-11T19:44:17.968Z] 📊 메모리 통계: {
  "timestamp": "2025-12-11T19:44:17.967Z",
  "heap": {
    "used": 27,
    "total": 30,
    "external": 20
  },
  "system": {
    "used": 48897,
    "total": 49152,
    "percent": "99.5"
  }
}
[2025-12-11T19:44:47.892Z] [0mGET /api/health [32m200[0m 0.762 ms - 241[0m
[2025-12-11T19:44:47.895Z] 🧹 메모리 정리 작업 완료
[2025-12-11T19:44:47.969Z] ⚠️ 높은 힙 메모리 사용량: 28MB / 30MB (92.0%)
[2025-12-11T19:44:47.969Z] 📊 메모리 통계: {
  "timestamp": "2025-12-11T19:44:47.969Z",
  "heap": {
    "used": 28,
    "total": 30,
    "external": 20
  },
  "system": {
    "used": 48442,
    "total": 49152,
    "percent": "98.6"
  }
}
[2025-12-11T19:45:17.883Z] [0mGET /api/health [32m200[0m 0.923 ms - 241[0m
[2025-12-11T19:45:17.970Z] ⚠️ 높은 힙 메모리 사용량: 28MB / 30MB (92.2%)
[2025-12-11T19:45:17.970Z] 📊 메모리 통계: {
  "timestamp": "2025-12-11T19:45:17.970Z",
  "heap": {
    "used": 28,
    "total": 30,
    "external": 20
  },
  "system": {
    "used": 48492,
    "total": 49152,
    "percent": "98.7"
  }
}
[2025-12-11T19:45:47.883Z] [0mGET /api/health [32m200[0m 0.704 ms - 241[0m
[2025-12-11T19:45:47.896Z] 🧹 메모리 정리 작업 완료
[2025-12-11T19:45:47.972Z] ⚠️ 높은 힙 메모리 사용량: 28MB / 30MB (92.5%)
[2025-12-11T19:45:47.973Z] 📊 메모리 통계: {
  "timestamp": "2025-12-11T19:45:47.972Z",
  "heap": {
    "used": 28,
    "total": 30,
    "external": 20
  },
  "system": {
    "used": 48395,
    "total": 49152,
    "percent": "98.5"
  }
}
[2025-12-11T19:46:17.881Z] [0mGET /api/health [32m200[0m 0.744 ms - 241[0m
[2025-12-11T19:46:17.972Z] ⚠️ 높은 힙 메모리 사용량: 28MB / 30MB (92.7%)
[2025-12-11T19:46:17.973Z] 📊 메모리 통계: {
  "timestamp": "2025-12-11T19:46:17.972Z",
  "heap": {
    "used": 28,
    "total": 30,
    "external": 20
  },
  "system": {
    "used": 48410,
    "total": 49152,
    "percent": "98.5"
  }
}
[2025-12-11T19:46:47.881Z] [0mGET /api/health [32m200[0m 0.846 ms - 241[0m
[2025-12-11T19:46:47.896Z] 🧹 메모리 정리 작업 완료
[2025-12-11T19:46:47.974Z] ⚠️ 높은 힙 메모리 사용량: 27MB / 30MB (90.3%)
[2025-12-11T19:46:47.975Z] 📊 메모리 통계: {
  "timestamp": "2025-12-11T19:46:47.974Z",
  "heap": {
    "used": 27,
    "total": 30,
    "external": 20
  },
  "system": {
    "used": 48335,
    "total": 49152,
    "percent": "98.3"
  }
}
[2025-12-11T19:47:17.885Z] [0mGET /api/health [32m200[0m 0.819 ms - 241[0m
[2025-12-11T19:47:17.976Z] ⚠️ 높은 힙 메모리 사용량: 27MB / 30MB (90.5%)
[2025-12-11T19:47:17.977Z] 📊 메모리 통계: {
  "timestamp": "2025-12-11T19:47:17.976Z",
  "heap": {
    "used": 27,
    "total": 30,
    "external": 20
  },
  "system": {
    "used": 48411,
    "total": 49152,
    "percent": "98.5"
  }
}
[2025-12-11T19:47:47.886Z] [0mGET /api/health [32m200[0m 0.796 ms - 241[0m
[2025-12-11T19:47:47.899Z] 🧹 메모리 정리 작업 완료
[2025-12-11T19:47:47.979Z] ⚠️ 높은 힙 메모리 사용량: 27MB / 30MB (90.8%)
[2025-12-11T19:47:47.980Z] 📊 메모리 통계: {
  "timestamp": "2025-12-11T19:47:47.979Z",
  "heap": {
    "used": 27,
    "total": 30,
    "external": 20
  },
  "system": {
    "used": 48838,
    "total": 49152,
    "percent": "99.4"
  }
}
[2025-12-11T19:48:17.883Z] [0mGET /api/health [32m200[0m 0.823 ms - 241[0m
[2025-12-11T19:48:17.979Z] ⚠️ 높은 힙 메모리 사용량: 28MB / 30MB (91.0%)
[2025-12-11T19:48:17.979Z] 📊 메모리 통계: {
  "timestamp": "2025-12-11T19:48:17.979Z",
  "heap": {
    "used": 28,
    "total": 30,
    "external": 20
  },
  "system": {
    "used": 48860,
    "total": 49152,
    "percent": "99.4"
  }
}
[2025-12-11T19:48:47.882Z] [0mGET /api/health [32m200[0m 0.601 ms - 241[0m
[2025-12-11T19:48:47.900Z] 🧹 메모리 정리 작업 완료
[2025-12-11T19:48:47.982Z] ⚠️ 높은 힙 메모리 사용량: 28MB / 30MB (91.3%)
[2025-12-11T19:48:47.983Z] 📊 메모리 통계: {
  "timestamp": "2025-12-11T19:48:47.982Z",
  "heap": {
    "used": 28,
    "total": 30,
    "external": 20
  },
  "system": {
    "used": 48832,
    "total": 49152,
    "percent": "99.3"
  }
}
[2025-12-11T19:48:48.315Z] 🔍 인증된 사용자 - ID: 974640, 이메일: dev@playmate.com, 닉네임: 개발자
[2025-12-11T19:48:48.315Z] [0mGET /api/auth/me [32m200[0m 1.302 ms - 483[0m
[2025-12-11T19:49:02.949Z] 🔍 인증된 사용자 - ID: 974640, 이메일: dev@playmate.com, 닉네임: 개발자
[2025-12-11T19:49:02.951Z] 📊 총 11개 안전한 매칭 데이터 반환
[0mGET /api/matchings?show_only_recruiting=true&show_only_following=false [32m200[0m 2.036 ms - 11719[0m
[2025-12-11T19:49:17.883Z] [0mGET /api/health [32m200[0m 0.771 ms - 241[0m
[2025-12-11T19:49:17.984Z] ⚠️ 높은 힙 메모리 사용량: 28MB / 30MB (92.1%)
[2025-12-11T19:49:17.985Z] 📊 메모리 통계: {
  "timestamp": "2025-12-11T19:49:17.984Z",
  "heap": {
    "used": 28,
    "total": 30,
    "external": 20
  },
  "system": {
    "used": 48911,
    "total": 49152,
    "percent": "99.5"
  }
}
[2025-12-11T19:49:47.890Z] [0mGET /api/health [32m200[0m 0.757 ms - 241[0m
[2025-12-11T19:49:47.902Z] 🧹 메모리 정리 작업 완료
[2025-12-11T19:49:47.985Z] ⚠️ 높은 힙 메모리 사용량: 28MB / 30MB (92.4%)
[2025-12-11T19:49:47.986Z] 📊 메모리 통계: {
  "timestamp": "2025-12-11T19:49:47.985Z",
  "heap": {
    "used": 28,
    "total": 30,
    "external": 20
  },
  "system": {
    "used": 48445,
    "total": 49152,
    "percent": "98.6"
  }
}
[2025-12-11T19:50:17.883Z] [0mGET /api/health [32m200[0m 0.783 ms - 241[0m
[2025-12-11T19:50:17.986Z] ⚠️ 높은 힙 메모리 사용량: 27MB / 30MB (90.9%)
[2025-12-11T19:50:17.987Z] 📊 메모리 통계: {
  "timestamp": "2025-12-11T19:50:17.986Z",
  "heap": {
    "used": 27,
    "total": 30,
    "external": 20
  },
  "system": {
    "used": 48417,
    "total": 49152,
    "percent": "98.5"
  }
}
[2025-12-11T19:50:47.883Z] [0mGET /api/health [32m200[0m 0.492 ms - 241[0m
[2025-12-11T19:50:47.903Z] 🧹 메모리 정리 작업 완료
[2025-12-11T19:50:47.986Z] ⚠️ 높은 힙 메모리 사용량: 28MB / 30MB (91.1%)
[2025-12-11T19:50:47.987Z] 📊 메모리 통계: {
  "timestamp": "2025-12-11T19:50:47.986Z",
  "heap": {
    "used": 28,
    "total": 30,
    "external": 20
  },
  "system": {
    "used": 48448,
    "total": 49152,
    "percent": "98.6"
  }
}
[2025-12-11T19:51:17.887Z] [0mGET /api/health [32m200[0m 0.780 ms - 241[0m
[2025-12-11T19:51:17.987Z] ⚠️ 높은 힙 메모리 사용량: 28MB / 30MB (91.4%)
[2025-12-11T19:51:17.988Z] 📊 메모리 통계: {
  "timestamp": "2025-12-11T19:51:17.987Z",
  "heap": {
    "used": 28,
    "total": 30,
    "external": 20
  },
  "system": {
    "used": 48390,
    "total": 49152,
    "percent": "98.4"
  }
}
[2025-12-11T19:51:47.891Z] [0mGET /api/health [32m200[0m 0.727 ms - 241[0m
[2025-12-11T19:51:47.904Z] 🧹 메모리 정리 작업 완료
[2025-12-11T19:51:47.989Z] ⚠️ 높은 힙 메모리 사용량: 28MB / 30MB (91.6%)
[2025-12-11T19:51:47.990Z] 📊 메모리 통계: {
  "timestamp": "2025-12-11T19:51:47.989Z",
  "heap": {
    "used": 28,
    "total": 30,
    "external": 20
  },
  "system": {
    "used": 48442,
    "total": 49152,
    "percent": "98.6"
  }
}
[2025-12-11T19:52:17.884Z] [0mGET /api/health [32m200[0m 0.783 ms - 241[0m
[2025-12-11T19:52:17.989Z] ⚠️ 높은 힙 메모리 사용량: 28MB / 30MB (91.9%)
[2025-12-11T19:52:17.990Z] 📊 메모리 통계: {
  "timestamp": "2025-12-11T19:52:17.989Z",
  "heap": {
    "used": 28,
    "total": 30,
    "external": 20
  },
  "system": {
    "used": 48461,
    "total": 49152,
    "percent": "98.6"
  }
}
[2025-12-11T19:52:47.882Z] [0mGET /api/health [32m200[0m 0.830 ms - 241[0m
[2025-12-11T19:52:47.906Z] 🧹 메모리 정리 작업 완료
[2025-12-11T19:52:47.989Z] ⚠️ 높은 힙 메모리 사용량: 28MB / 30MB (92.1%)
[2025-12-11T19:52:47.990Z] 📊 메모리 통계: {
  "timestamp": "2025-12-11T19:52:47.989Z",
  "heap": {
    "used": 28,
    "total": 30,
    "external": 20
  },
  "system": {
    "used": 48922,
    "total": 49152,
    "percent": "99.5"
  }
}
[2025-12-11T19:53:17.884Z] [0mGET /api/health [32m200[0m 0.803 ms - 241[0m
[2025-12-11T19:53:17.991Z] ⚠️ 높은 힙 메모리 사용량: 28MB / 30MB (92.4%)
[2025-12-11T19:53:17.992Z] 📊 메모리 통계: {
  "timestamp": "2025-12-11T19:53:17.991Z",
  "heap": {
    "used": 28,
    "total": 30,
    "external": 20
  },
  "system": {
    "used": 48882,
    "total": 49152,
    "percent": "99.5"
  }
}
[2025-12-11T19:53:47.884Z] [0mGET /api/health [32m200[0m 0.787 ms - 241[0m
[2025-12-11T19:53:47.907Z] 🧹 메모리 정리 작업 완료
[2025-12-11T19:53:47.992Z] ⚠️ 높은 힙 메모리 사용량: 28MB / 30MB (92.6%)
[2025-12-11T19:53:47.992Z] 📊 메모리 통계: {
  "timestamp": "2025-12-11T19:53:47.991Z",
  "heap": {
    "used": 28,
    "total": 30,
    "external": 20
  },
  "system": {
    "used": 48946,
    "total": 49152,
    "percent": "99.6"
  }
}
[2025-12-11T19:53:48.315Z] 🔍 인증된 사용자 - ID: 974640, 이메일: dev@playmate.com, 닉네임: 개발자
[2025-12-11T19:53:48.316Z] [0mGET /api/auth/me [32m200[0m 2.133 ms - 483[0m
[2025-12-11T19:54:02.937Z] 🔍 인증된 사용자 - ID: 974640, 이메일: dev@playmate.com, 닉네임: 개발자
[2025-12-11T19:54:02.938Z] 📊 총 11개 안전한 매칭 데이터 반환
[2025-12-11T19:54:02.939Z] [0mGET /api/matchings?show_only_recruiting=true&show_only_following=false [32m200[0m 2.330 ms - 11719[0m
[2025-12-11T19:54:17.882Z] [0mGET /api/health [32m200[0m 0.799 ms - 241[0m
[2025-12-11T19:54:17.994Z] ⚠️ 높은 힙 메모리 사용량: 28MB / 31MB (88.0%)
[2025-12-11T19:54:17.994Z] 📊 메모리 통계: {
  "timestamp": "2025-12-11T19:54:17.994Z",
  "heap": {
    "used": 28,
    "total": 31,
    "external": 20
  },
  "system": {
    "used": 48975,
    "total": 49152,
    "percent": "99.6"
  }
}
[2025-12-11T19:54:47.888Z] [0mGET /api/health [32m200[0m 0.674 ms - 241[0m
[2025-12-11T19:54:47.909Z] 🧹 메모리 정리 작업 완료
[2025-12-11T19:54:47.994Z] ⚠️ 높은 힙 메모리 사용량: 28MB / 31MB (88.2%)
[2025-12-11T19:54:47.994Z] 📊 메모리 통계: {
  "timestamp": "2025-12-11T19:54:47.993Z",
  "heap": {
    "used": 28,
    "total": 31,
    "external": 20
  },
  "system": {
    "used": 48504,
    "total": 49152,
    "percent": "98.7"
  }
}
[2025-12-11T19:55:17.885Z] [0mGET /api/health [32m200[0m 0.940 ms - 241[0m
[2025-12-11T19:55:17.994Z] ⚠️ 높은 힙 메모리 사용량: 28MB / 31MB (88.4%)
[2025-12-11T19:55:17.995Z] 📊 메모리 통계: {
  "timestamp": "2025-12-11T19:55:17.994Z",
  "heap": {
    "used": 28,
    "total": 31,
    "external": 20
  },
  "system": {
    "used": 48585,
    "total": 49152,
    "percent": "98.8"
  }
}
[2025-12-11T19:55:47.881Z] [0mGET /api/health [32m200[0m 0.799 ms - 241[0m
[2025-12-11T19:55:47.910Z] 🧹 메모리 정리 작업 완료
[2025-12-11T19:55:47.996Z] ⚠️ 높은 힙 메모리 사용량: 28MB / 31MB (88.7%)
[2025-12-11T19:55:47.997Z] 📊 메모리 통계: {
  "timestamp": "2025-12-11T19:55:47.996Z",
  "heap": {
    "used": 28,
    "total": 31,
    "external": 20
  },
  "system": {
    "used": 48569,
    "total": 49152,
    "percent": "98.8"
  }
}
[2025-12-11T19:56:17.879Z] [0mGET /api/health [32m200[0m 0.713 ms - 241[0m
[2025-12-11T19:56:17.997Z] ⚠️ 높은 힙 메모리 사용량: 28MB / 31MB (88.9%)
[2025-12-11T19:56:17.998Z] 📊 메모리 통계: {
  "timestamp": "2025-12-11T19:56:17.997Z",
  "heap": {
    "used": 28,
    "total": 31,
    "external": 20
  },
  "system": {
    "used": 48436,
    "total": 49152,
    "percent": "98.5"
  }
}
[2025-12-11T19:56:47.883Z] [0mGET /api/health [32m200[0m 0.808 ms - 241[0m
[2025-12-11T19:56:47.912Z] 🧹 메모리 정리 작업 완료
[2025-12-11T19:56:47.997Z] ⚠️ 높은 힙 메모리 사용량: 28MB / 31MB (89.1%)
[2025-12-11T19:56:47.998Z] 📊 메모리 통계: {
  "timestamp": "2025-12-11T19:56:47.997Z",
  "heap": {
    "used": 28,
    "total": 31,
    "external": 20
  },
  "system": {
    "used": 48521,
    "total": 49152,
    "percent": "98.7"
  }
}
[2025-12-11T19:57:17.881Z] [0mGET /api/health [32m200[0m 0.791 ms - 241[0m
[2025-12-11T19:57:17.999Z] ⚠️ 높은 힙 메모리 사용량: 28MB / 31MB (89.4%)
[2025-12-11T19:57:18.000Z] 📊 메모리 통계: {
  "timestamp": "2025-12-11T19:57:17.999Z",
  "heap": {
    "used": 28,
    "total": 31,
    "external": 20
  },
  "system": {
    "used": 48461,
    "total": 49152,
    "percent": "98.6"
  }
}
[2025-12-11T19:57:47.878Z] [0mGET /api/health [32m200[0m 0.533 ms - 241[0m
[2025-12-11T19:57:47.914Z] 🧹 메모리 정리 작업 완료
[2025-12-11T19:57:48.001Z] ⚠️ 높은 힙 메모리 사용량: 28MB / 31MB (89.6%)
[2025-12-11T19:57:48.002Z] 📊 메모리 통계: {
  "timestamp": "2025-12-11T19:57:48.001Z",
  "heap": {
    "used": 28,
    "total": 31,
    "external": 20
  },
  "system": {
    "used": 48989,
    "total": 49152,
    "percent": "99.7"
  }
}
[2025-12-11T19:58:17.883Z] [0mGET /api/health [32m200[0m 0.790 ms - 241[0m
[2025-12-11T19:58:18.002Z] ⚠️ 높은 힙 메모리 사용량: 28MB / 31MB (89.8%)
[2025-12-11T19:58:18.003Z] 📊 메모리 통계: {
  "timestamp": "2025-12-11T19:58:18.002Z",
  "heap": {
    "used": 28,
    "total": 31,
    "external": 20
  },
  "system": {
    "used": 48941,
    "total": 49152,
    "percent": "99.6"
  }
}
[2025-12-11T19:58:47.883Z] [0mGET /api/health [32m200[0m 0.814 ms - 241[0m
[2025-12-11T19:58:47.916Z] 🧹 메모리 정리 작업 완료
[2025-12-11T19:58:48.003Z] ⚠️ 높은 힙 메모리 사용량: 28MB / 30MB (91.2%)
[2025-12-11T19:58:48.004Z] 📊 메모리 통계: {
  "timestamp": "2025-12-11T19:58:48.002Z",
  "heap": {
    "used": 28,
    "total": 30,
    "external": 20
  },
  "system": {
    "used": 48939,
    "total": 49152,
    "percent": "99.6"
  }
}
[2025-12-11T19:58:48.317Z] 🔍 인증된 사용자 - ID: 974640, 이메일: dev@playmate.com, 닉네임: 개발자
[2025-12-11T19:58:48.318Z] [0mGET /api/auth/me [32m200[0m 2.262 ms - 483[0m
[2025-12-11T19:59:02.944Z] 🔍 인증된 사용자 - ID: 974640, 이메일: dev@playmate.com, 닉네임: 개발자
[2025-12-11T19:59:02.945Z] 📊 총 11개 안전한 매칭 데이터 반환
[0mGET /api/matchings?show_only_recruiting=true&show_only_following=false [32m200[0m 2.203 ms - 11719[0m
[2025-12-11T19:59:17.880Z] [0mGET /api/health [32m200[0m 0.445 ms - 241[0m
[2025-12-11T19:59:18.003Z] ⚠️ 높은 힙 메모리 사용량: 28MB / 30MB (92.0%)
[2025-12-11T19:59:18.004Z] 📊 메모리 통계: {
  "timestamp": "2025-12-11T19:59:18.002Z",
  "heap": {
    "used": 28,
    "total": 30,
    "external": 20
  },
  "system": {
    "used": 49086,
    "total": 49152,
    "percent": "99.9"
  }
}
[2025-12-11T19:59:47.879Z] [0mGET /api/health [32m200[0m 0.735 ms - 241[0m
[2025-12-11T19:59:47.917Z] 🧹 메모리 정리 작업 완료
[2025-12-11T19:59:48.002Z] ⚠️ 높은 힙 메모리 사용량: 28MB / 30MB (92.2%)
[2025-12-11T19:59:48.003Z] 📊 메모리 통계: {
  "timestamp": "2025-12-11T19:59:48.002Z",
  "heap": {
    "used": 28,
    "total": 30,
    "external": 20
  },
  "system": {
    "used": 49011,
    "total": 49152,
    "percent": "99.7"
  }
}
[2025-12-11T20:00:17.880Z] [0mGET /api/health [32m200[0m 0.894 ms - 241[0m
[2025-12-11T20:00:18.003Z] ⚠️ 높은 힙 메모리 사용량: 28MB / 30MB (92.5%)
[2025-12-11T20:00:18.003Z] 📊 메모리 통계: {
  "timestamp": "2025-12-11T20:00:18.003Z",
  "heap": {
    "used": 28,
    "total": 30,
    "external": 20
  },
  "system": {
    "used": 48485,
    "total": 49152,
    "percent": "98.6"
  }
}
[2025-12-11T20:00:47.884Z] [0mGET /api/health [32m200[0m 0.744 ms - 241[0m
[2025-12-11T20:00:47.919Z] 🧹 메모리 정리 작업 완료
[2025-12-11T20:00:48.003Z] ⚠️ 높은 힙 메모리 사용량: 28MB / 30MB (92.7%)
[2025-12-11T20:00:48.003Z] 📊 메모리 통계: {
  "timestamp": "2025-12-11T20:00:48.003Z",
  "heap": {
    "used": 28,
    "total": 30,
    "external": 20
  },
  "system": {
    "used": 48591,
    "total": 49152,
    "percent": "98.9"
  }
}
[2025-12-11T20:01:17.879Z] [0mGET /api/health [32m200[0m 0.309 ms - 241[0m
[2025-12-11T20:01:18.003Z] ⚠️ 높은 힙 메모리 사용량: 28MB / 30MB (93.0%)
[2025-12-11T20:01:18.004Z] 📊 메모리 통계: {
  "timestamp": "2025-12-11T20:01:18.003Z",
  "heap": {
    "used": 28,
    "total": 30,
    "external": 20
  },
  "system": {
    "used": 48461,
    "total": 49152,
    "percent": "98.6"
  }
}
[2025-12-11T20:01:47.882Z] [0mGET /api/health [32m200[0m 0.739 ms - 241[0m
[2025-12-11T20:01:47.921Z] 🧹 메모리 정리 작업 완료
[2025-12-11T20:01:48.004Z] ⚠️ 높은 힙 메모리 사용량: 28MB / 30MB (93.2%)
[2025-12-11T20:01:48.004Z] 📊 메모리 통계: {
  "timestamp": "2025-12-11T20:01:48.004Z",
  "heap": {
    "used": 28,
    "total": 30,
    "external": 20
  },
  "system": {
    "used": 48491,
    "total": 49152,
    "percent": "98.7"
  }
}
[2025-12-11T20:02:17.879Z] [0mGET /api/health [32m200[0m 0.743 ms - 241[0m
[2025-12-11T20:02:18.005Z] ⚠️ 높은 힙 메모리 사용량: 28MB / 31MB (90.9%)
[2025-12-11T20:02:18.005Z] 📊 메모리 통계: {
  "timestamp": "2025-12-11T20:02:18.004Z",
  "heap": {
    "used": 28,
    "total": 31,
    "external": 20
  },
  "system": {
    "used": 48465,
    "total": 49152,
    "percent": "98.6"
  }
}
[2025-12-11T20:02:47.880Z] [0mGET /api/health [32m200[0m 0.823 ms - 241[0m
[2025-12-11T20:02:47.923Z] 🧹 메모리 정리 작업 완료
[2025-12-11T20:02:48.005Z] ⚠️ 높은 힙 메모리 사용량: 28MB / 31MB (91.1%)
[2025-12-11T20:02:48.005Z] 📊 메모리 통계: {
  "timestamp": "2025-12-11T20:02:48.004Z",
  "heap": {
    "used": 28,
    "total": 31,
    "external": 20
  },
  "system": {
    "used": 48766,
    "total": 49152,
    "percent": "99.2"
  }
}
[2025-12-11T20:03:17.880Z] [0mGET /api/health [32m200[0m 0.512 ms - 241[0m
[2025-12-11T20:03:18.006Z] ⚠️ 높은 힙 메모리 사용량: 28MB / 31MB (91.4%)
[2025-12-11T20:03:18.006Z] 📊 메모리 통계: {
  "timestamp": "2025-12-11T20:03:18.005Z",
  "heap": {
    "used": 28,
    "total": 31,
    "external": 20
  },
  "system": {
    "used": 48871,
    "total": 49152,
    "percent": "99.4"
  }
}
[2025-12-11T20:03:47.881Z] [0mGET /api/health [32m200[0m 0.808 ms - 241[0m
[2025-12-11T20:03:47.925Z] 🧹 메모리 정리 작업 완료
[2025-12-11T20:03:48.006Z] ⚠️ 높은 힙 메모리 사용량: 28MB / 31MB (91.6%)
[2025-12-11T20:03:48.006Z] 📊 메모리 통계: {
  "timestamp": "2025-12-11T20:03:48.006Z",
  "heap": {
    "used": 28,
    "total": 31,
    "external": 20
  },
  "system": {
    "used": 48958,
    "total": 49152,
    "percent": "99.6"
  }
}
[2025-12-11T20:03:48.318Z] 🔍 인증된 사용자 - ID: 974640, 이메일: dev@playmate.com, 닉네임: 개발자
[2025-12-11T20:03:48.319Z] [0mGET /api/auth/me [32m200[0m 2.144 ms - 483[0m
[2025-12-11T20:04:02.937Z] 🔍 인증된 사용자 - ID: 974640, 이메일: dev@playmate.com, 닉네임: 개발자
[2025-12-11T20:04:02.938Z] 📊 총 11개 안전한 매칭 데이터 반환
[0mGET /api/matchings?show_only_recruiting=true&show_only_following=false [32m200[0m 0.829 ms - 11719[0m
[2025-12-11T20:04:17.871Z] [0mGET /api/health [32m200[0m 0.258 ms - 241[0m
[2025-12-11T20:04:18.008Z] ⚠️ 높은 힙 메모리 사용량: 28MB / 31MB (92.4%)
[2025-12-11T20:04:18.008Z] 📊 메모리 통계: {
  "timestamp": "2025-12-11T20:04:18.008Z",
  "heap": {
    "used": 28,
    "total": 31,
    "external": 20
  },
  "system": {
    "used": 48893,
    "total": 49152,
    "percent": "99.5"
  }
}
[2025-12-11T20:04:47.881Z] [0mGET /api/health [32m200[0m 0.737 ms - 241[0m
[2025-12-11T20:04:47.926Z] 🧹 메모리 정리 작업 완료
[2025-12-11T20:04:48.007Z] ⚠️ 높은 힙 메모리 사용량: 28MB / 31MB (92.7%)
[2025-12-11T20:04:48.007Z] 📊 메모리 통계: {
  "timestamp": "2025-12-11T20:04:48.007Z",
  "heap": {
    "used": 28,
    "total": 31,
    "external": 20
  },
  "system": {
    "used": 49090,
    "total": 49152,
    "percent": "99.9"
  }
}
[2025-12-11T20:05:17.882Z] [0mGET /api/health [32m200[0m 0.800 ms - 241[0m
[2025-12-11T20:05:18.007Z] ⚠️ 높은 힙 메모리 사용량: 29MB / 31MB (92.9%)
[2025-12-11T20:05:18.008Z] 📊 메모리 통계: {
  "timestamp": "2025-12-11T20:05:18.007Z",
  "heap": {
    "used": 29,
    "total": 31,
    "external": 20
  },
  "system": {
    "used": 48240,
    "total": 49152,
    "percent": "98.1"
  }
}
[2025-12-11T20:05:47.878Z] [0mGET /api/health [32m200[0m 0.732 ms - 241[0m
[2025-12-11T20:05:47.926Z] 🧹 메모리 정리 작업 완료
[2025-12-11T20:05:48.008Z] ⚠️ 높은 힙 메모리 사용량: 28MB / 31MB (90.6%)
[2025-12-11T20:05:48.009Z] 📊 메모리 통계: {
  "timestamp": "2025-12-11T20:05:48.008Z",
  "heap": {
    "used": 28,
    "total": 31,
    "external": 20
  },
  "system": {
    "used": 48446,
    "total": 49152,
    "percent": "98.6"
  }
}
[2025-12-11T20:06:17.879Z] [0mGET /api/health [32m200[0m 0.767 ms - 241[0m
[2025-12-11T20:06:18.009Z] ⚠️ 높은 힙 메모리 사용량: 28MB / 31MB (90.9%)
[2025-12-11T20:06:18.010Z] 📊 메모리 통계: {
  "timestamp": "2025-12-11T20:06:18.009Z",
  "heap": {
    "used": 28,
    "total": 31,
    "external": 20
  },
  "system": {
    "used": 48356,
    "total": 49152,
    "percent": "98.4"
  }
}
[2025-12-11T20:06:47.882Z] [0mGET /api/health [32m200[0m 0.740 ms - 241[0m
[2025-12-11T20:06:47.926Z] 🧹 메모리 정리 작업 완료
[2025-12-11T20:06:48.010Z] ⚠️ 높은 힙 메모리 사용량: 28MB / 31MB (91.1%)
[2025-12-11T20:06:48.010Z] 📊 메모리 통계: {
  "timestamp": "2025-12-11T20:06:48.010Z",
  "heap": {
    "used": 28,
    "total": 31,
    "external": 20
  },
  "system": {
    "used": 48390,
    "total": 49152,
    "percent": "98.4"
  }
}
[2025-12-11T20:07:17.875Z] [0mGET /api/health [32m200[0m 0.234 ms - 241[0m
[2025-12-11T20:07:18.011Z] ⚠️ 높은 힙 메모리 사용량: 28MB / 31MB (91.3%)
[2025-12-11T20:07:18.012Z] 📊 메모리 통계: {
  "timestamp": "2025-12-11T20:07:18.011Z",
  "heap": {
    "used": 28,
    "total": 31,
    "external": 20
  },
  "system": {
    "used": 48350,
    "total": 49152,
    "percent": "98.4"
  }
}
[2025-12-11T20:07:47.874Z] [0mGET /api/health [32m200[0m 0.464 ms - 241[0m
[2025-12-11T20:07:47.927Z] 🧹 메모리 정리 작업 완료
[2025-12-11T20:07:48.012Z] ⚠️ 높은 힙 메모리 사용량: 28MB / 31MB (91.6%)
[2025-12-11T20:07:48.012Z] 📊 메모리 통계: {
  "timestamp": "2025-12-11T20:07:48.012Z",
  "heap": {
    "used": 28,
    "total": 31,
    "external": 20
  },
  "system": {
    "used": 48608,
    "total": 49152,
    "percent": "98.9"
  }
}
[2025-12-11T20:08:17.876Z] [0mGET /api/health [32m200[0m 0.884 ms - 241[0m
[2025-12-11T20:08:18.014Z] ⚠️ 높은 힙 메모리 사용량: 28MB / 31MB (91.8%)
[2025-12-11T20:08:18.015Z] 📊 메모리 통계: {
  "timestamp": "2025-12-11T20:08:18.014Z",
  "heap": {
    "used": 28,
    "total": 31,
    "external": 20
  },
  "system": {
    "used": 48810,
    "total": 49152,
    "percent": "99.3"
  }
}
[2025-12-11T20:08:47.879Z] [0mGET /api/health [32m200[0m 0.808 ms - 241[0m
[2025-12-11T20:08:47.928Z] 🧹 메모리 정리 작업 완료
[2025-12-11T20:08:48.016Z] ⚠️ 높은 힙 메모리 사용량: 29MB / 31MB (92.1%)
[2025-12-11T20:08:48.016Z] 📊 메모리 통계: {
  "timestamp": "2025-12-11T20:08:48.015Z",
  "heap": {
    "used": 29,
    "total": 31,
    "external": 20
  },
  "system": {
    "used": 48810,
    "total": 49152,
    "percent": "99.3"
  }
}
[2025-12-11T20:08:48.312Z] 🔍 인증된 사용자 - ID: 974640, 이메일: dev@playmate.com, 닉네임: 개발자
[2025-12-11T20:08:48.313Z] [0mGET /api/auth/me [32m200[0m 1.398 ms - 483[0m
[2025-12-11T20:09:02.937Z] 🔍 인증된 사용자 - ID: 974640, 이메일: dev@playmate.com, 닉네임: 개발자
[2025-12-11T20:09:02.938Z] 📊 총 11개 안전한 매칭 데이터 반환
[0mGET /api/matchings?show_only_recruiting=true&show_only_following=false [32m200[0m 2.274 ms - 11719[0m
[2025-12-11T20:09:17.872Z] [0mGET /api/health [32m200[0m 0.739 ms - 241[0m
[2025-12-11T20:09:18.016Z] ⚠️ 높은 힙 메모리 사용량: 28MB / 32MB (88.2%)
[2025-12-11T20:09:18.017Z] 📊 메모리 통계: {
  "timestamp": "2025-12-11T20:09:18.016Z",
  "heap": {
    "used": 28,
    "total": 32,
    "external": 20
  },
  "system": {
    "used": 48804,
    "total": 49152,
    "percent": "99.3"
  }
}
[2025-12-11T20:09:47.880Z] [0mGET /api/health [32m200[0m 0.800 ms - 241[0m
[2025-12-11T20:09:47.931Z] 🧹 메모리 정리 작업 완료
[2025-12-11T20:09:48.018Z] ⚠️ 높은 힙 메모리 사용량: 28MB / 32MB (88.5%)
[2025-12-11T20:09:48.018Z] 📊 메모리 통계: {
  "timestamp": "2025-12-11T20:09:48.017Z",
  "heap": {
    "used": 28,
    "total": 32,
    "external": 20
  },
  "system": {
    "used": 48988,
    "total": 49152,
    "percent": "99.7"
  }
}
[2025-12-11T20:10:17.870Z] [0mGET /api/health [32m200[0m 0.275 ms - 241[0m
[2025-12-11T20:10:18.020Z] ⚠️ 높은 힙 메모리 사용량: 28MB / 32MB (88.7%)
[2025-12-11T20:10:18.020Z] 📊 메모리 통계: {
  "timestamp": "2025-12-11T20:10:18.019Z",
  "heap": {
    "used": 28,
    "total": 32,
    "external": 20
  },
  "system": {
    "used": 48357,
    "total": 49152,
    "percent": "98.4"
  }
}
[2025-12-11T20:10:47.883Z] [0mGET /api/health [32m200[0m 0.763 ms - 241[0m
[2025-12-11T20:10:47.932Z] 🧹 메모리 정리 작업 완료
[2025-12-11T20:10:48.020Z] ⚠️ 높은 힙 메모리 사용량: 28MB / 32MB (88.9%)
[2025-12-11T20:10:48.021Z] 📊 메모리 통계: {
  "timestamp": "2025-12-11T20:10:48.020Z",
  "heap": {
    "used": 28,
    "total": 32,
    "external": 20
  },
  "system": {
    "used": 48492,
    "total": 49152,
    "percent": "98.7"
  }
}
[2025-12-11T20:11:17.878Z] [0mGET /api/health [32m200[0m 0.765 ms - 241[0m
[2025-12-11T20:11:18.021Z] ⚠️ 높은 힙 메모리 사용량: 29MB / 32MB (89.2%)
[2025-12-11T20:11:18.021Z] 📊 메모리 통계: {
  "timestamp": "2025-12-11T20:11:18.021Z",
  "heap": {
    "used": 29,
    "total": 32,
    "external": 20
  },
  "system": {
    "used": 48449,
    "total": 49152,
    "percent": "98.6"
  }
}
[2025-12-11T20:11:47.882Z] [0mGET /api/health [32m200[0m 0.823 ms - 241[0m
[2025-12-11T20:11:47.932Z] 🧹 메모리 정리 작업 완료
[2025-12-11T20:11:48.023Z] ⚠️ 높은 힙 메모리 사용량: 29MB / 32MB (89.4%)
[2025-12-11T20:11:48.023Z] 📊 메모리 통계: {
  "timestamp": "2025-12-11T20:11:48.023Z",
  "heap": {
    "used": 29,
    "total": 32,
    "external": 20
  },
  "system": {
    "used": 48418,
    "total": 49152,
    "percent": "98.5"
  }
}
[2025-12-11T20:12:17.877Z] [0mGET /api/health [32m200[0m 0.722 ms - 241[0m
[2025-12-11T20:12:18.024Z] ⚠️ 높은 힙 메모리 사용량: 29MB / 32MB (89.6%)
[2025-12-11T20:12:18.025Z] 📊 메모리 통계: {
  "timestamp": "2025-12-11T20:12:18.024Z",
  "heap": {
    "used": 29,
    "total": 32,
    "external": 20
  },
  "system": {
    "used": 48400,
    "total": 49152,
    "percent": "98.5"
  }
}
[2025-12-11T20:12:47.876Z] [0mGET /api/health [32m200[0m 0.760 ms - 241[0m
[2025-12-11T20:12:47.934Z] 🧹 메모리 정리 작업 완료
[2025-12-11T20:12:48.026Z] ⚠️ 높은 힙 메모리 사용량: 29MB / 32MB (89.9%)
[2025-12-11T20:12:48.027Z] 📊 메모리 통계: {
  "timestamp": "2025-12-11T20:12:48.026Z",
  "heap": {
    "used": 29,
    "total": 32,
    "external": 20
  },
  "system": {
    "used": 48412,
    "total": 49152,
    "percent": "98.5"
  }
}
[2025-12-11T20:29:38.898Z] ⚠️ 높은 힙 메모리 사용량: 29MB / 32MB (89.9%)
[2025-12-11T20:29:38.899Z] 📊 메모리 통계: {
  "timestamp": "2025-12-11T20:29:38.898Z",
  "heap": {
    "used": 29,
    "total": 32,
    "external": 20
  },
  "system": {
    "used": 49021,
    "total": 49152,
    "percent": "99.7"
  }
}
🧹 메모리 정리 작업 완료
[2025-12-11T20:29:53.498Z] [0mGET /api/health [32m200[0m 0.652 ms - 241[0m
[2025-12-11T20:30:08.880Z] ⚠️ 높은 힙 메모리 사용량: 29MB / 32MB (90.1%)
[2025-12-11T20:30:08.881Z] 📊 메모리 통계: {
  "timestamp": "2025-12-11T20:30:08.880Z",
  "heap": {
    "used": 29,
    "total": 32,
    "external": 20
  },
  "system": {
    "used": 48984,
    "total": 49152,
    "percent": "99.7"
  }
}
[2025-12-11T20:30:23.477Z] [0mGET /api/health [32m200[0m 0.795 ms - 241[0m
[2025-12-11T20:30:23.913Z] 🔍 인증된 사용자 - ID: 974640, 이메일: dev@playmate.com, 닉네임: 개발자
[2025-12-11T20:30:23.914Z] [0mGET /api/auth/me [32m200[0m 2.193 ms - 483[0m
[2025-12-11T20:47:12.214Z] 🧹 메모리 정리 작업 완료
[2025-12-11T20:47:12.215Z] ⚠️ 높은 힙 메모리 사용량: 28MB / 31MB (91.1%)
📊 메모리 통계: {
  "timestamp": "2025-12-11T20:47:12.214Z",
  "heap": {
    "used": 28,
    "total": 31,
    "external": 20
  },
  "system": {
    "used": 48447,
    "total": 49152,
    "percent": "98.6"
  }
}
[2025-12-11T20:47:12.221Z] 🔍 인증된 사용자 - ID: 974640, 이메일: dev@playmate.com, 닉네임: 개발자
📊 총 11개 안전한 매칭 데이터 반환
[2025-12-11T20:47:12.222Z] [0mGET /api/matchings?show_only_recruiting=true&show_only_following=false [32m200[0m 1.805 ms - 11719[0m
[2025-12-11T20:47:27.153Z] [0mGET /api/health [32m200[0m 0.772 ms - 241[0m
[2025-12-11T20:47:42.208Z] ⚠️ 높은 힙 메모리 사용량: 29MB / 31MB (91.6%)
[2025-12-11T20:47:42.209Z] 📊 메모리 통계: {
  "timestamp": "2025-12-11T20:47:42.208Z",
  "heap": {
    "used": 29,
    "total": 31,
    "external": 20
  },
  "system": {
    "used": 48838,
    "total": 49152,
    "percent": "99.4"
  }
}
[2025-12-11T20:57:41.092Z] 🧹 메모리 정리 작업 완료
[2025-12-11T20:57:41.130Z] ⚠️ 높은 힙 메모리 사용량: 29MB / 31MB (91.7%)
📊 메모리 통계: {
  "timestamp": "2025-12-11T20:57:41.092Z",
  "heap": {
    "used": 29,
    "total": 31,
    "external": 20
  },
  "system": {
    "used": 48963,
    "total": 49152,
    "percent": "99.6"
  }
}
[0mGET /api/health [32m200[0m 0.154 ms - 241[0m
[2025-12-11T20:58:11.093Z] ⚠️ 높은 힙 메모리 사용량: 29MB / 31MB (91.9%)
[2025-12-11T20:58:11.094Z] 📊 메모리 통계: {
  "timestamp": "2025-12-11T20:58:11.093Z",
  "heap": {
    "used": 29,
    "total": 31,
    "external": 20
  },
  "system": {
    "used": 48196,
    "total": 49152,
    "percent": "98.1"
  }
}
[2025-12-11T20:58:11.104Z] [0mGET /api/health [32m200[0m 0.363 ms - 241[0m
[2025-12-11T21:15:57.459Z] 🧹 메모리 정리 작업 완료
[2025-12-11T21:15:57.460Z] ⚠️ 높은 힙 메모리 사용량: 29MB / 31MB (92.1%)
📊 메모리 통계: {
  "timestamp": "2025-12-11T21:15:57.459Z",
  "heap": {
    "used": 29,
    "total": 31,
    "external": 20
  },
  "system": {
    "used": 48840,
    "total": 49152,
    "percent": "99.4"
  }
}
[2025-12-11T21:15:57.471Z] [0mGET /api/health [32m200[0m 0.690 ms - 241[0m
[2025-12-11T21:16:27.457Z] ⚠️ 높은 힙 메모리 사용량: 29MB / 31MB (92.4%)
[2025-12-11T21:16:27.458Z] 📊 메모리 통계: {
  "timestamp": "2025-12-11T21:16:27.457Z",
  "heap": {
    "used": 29,
    "total": 31,
    "external": 20
  },
  "system": {
    "used": 48318,
    "total": 49152,
    "percent": "98.3"
  }
}
[2025-12-11T21:16:27.463Z] [0mGET /api/health [32m200[0m 0.235 ms - 241[0m
[2025-12-11T21:32:16.426Z] 🧹 메모리 정리 작업 완료
⚠️ 높은 힙 메모리 사용량: 29MB / 31MB (92.6%)
[2025-12-11T21:32:16.426Z] 📊 메모리 통계: {
  "timestamp": "2025-12-11T21:32:16.426Z",
  "heap": {
    "used": 29,
    "total": 31,
    "external": 20
  },
  "system": {
    "used": 48375,
    "total": 49152,
    "percent": "98.4"
  }
}
[2025-12-11T21:32:40.449Z] [0mGET /api/health [32m200[0m 0.551 ms - 241[0m
[2025-12-11T21:32:46.455Z] ⚠️ 높은 힙 메모리 사용량: 29MB / 31MB (92.8%)
[2025-12-11T21:32:46.455Z] 📊 메모리 통계: {
  "timestamp": "2025-12-11T21:32:46.454Z",
  "heap": {
    "used": 29,
    "total": 31,
    "external": 20
  },
  "system": {
    "used": 48795,
    "total": 49152,
    "percent": "99.3"
  }
}
[2025-12-11T21:33:10.461Z] [0mGET /api/health [32m200[0m 0.821 ms - 241[0m
[2025-12-11T21:33:16.459Z] 🧹 메모리 정리 작업 완료
[2025-12-11T21:33:16.459Z] ⚠️ 높은 힙 메모리 사용량: 29MB / 31MB (91.3%)
📊 메모리 통계: {
  "timestamp": "2025-12-11T21:33:16.459Z",
  "heap": {
    "used": 29,
    "total": 31,
    "external": 20
  },
  "system": {
    "used": 48297,
    "total": 49152,
    "percent": "98.3"
  }
}
[2025-12-11T21:33:40.458Z] [0mGET /api/health [32m200[0m 0.464 ms - 241[0m
[2025-12-11T21:33:46.460Z] ⚠️ 높은 힙 메모리 사용량: 29MB / 31MB (91.5%)
[2025-12-11T21:33:46.461Z] 📊 메모리 통계: {
  "timestamp": "2025-12-11T21:33:46.460Z",
  "heap": {
    "used": 29,
    "total": 31,
    "external": 20
  },
  "system": {
    "used": 48354,
    "total": 49152,
    "percent": "98.4"
  }
}
[2025-12-11T21:34:10.460Z] [0mGET /api/health [32m200[0m 0.808 ms - 241[0m
[2025-12-11T21:34:16.461Z] 🧹 메모리 정리 작업 완료
[2025-12-11T21:34:16.462Z] ⚠️ 높은 힙 메모리 사용량: 29MB / 31MB (91.8%)
📊 메모리 통계: {
  "timestamp": "2025-12-11T21:34:16.461Z",
  "heap": {
    "used": 29,
    "total": 31,
    "external": 20
  },
  "system": {
    "used": 48339,
    "total": 49152,
    "percent": "98.3"
  }
}
[2025-12-11T21:34:40.457Z] [0mGET /api/health [32m200[0m 0.254 ms - 241[0m
[2025-12-11T21:34:40.892Z] 🔍 인증된 사용자 - ID: 974640, 이메일: dev@playmate.com, 닉네임: 개발자
[2025-12-11T21:34:40.893Z] [0mGET /api/auth/me [32m200[0m 1.875 ms - 483[0m
[2025-12-11T21:34:46.462Z] ⚠️ 높은 힙 메모리 사용량: 29MB / 31MB (92.2%)
[2025-12-11T21:34:46.463Z] 📊 메모리 통계: {
  "timestamp": "2025-12-11T21:34:46.462Z",
  "heap": {
    "used": 29,
    "total": 31,
    "external": 20
  },
  "system": {
    "used": 48210,
    "total": 49152,
    "percent": "98.1"
  }
}
[2025-12-11T21:34:55.520Z] 🔍 인증된 사용자 - ID: 974640, 이메일: dev@playmate.com, 닉네임: 개발자
[2025-12-11T21:34:55.521Z] 📊 총 11개 안전한 매칭 데이터 반환
[2025-12-11T21:34:55.522Z] [0mGET /api/matchings?show_only_recruiting=true&show_only_following=false [32m200[0m 2.075 ms - 11719[0m
[2025-12-11T21:35:10.461Z] [0mGET /api/health [32m200[0m 0.798 ms - 241[0m
[2025-12-11T21:35:16.462Z] 🧹 메모리 정리 작업 완료
[2025-12-11T21:35:16.463Z] ⚠️ 높은 힙 메모리 사용량: 29MB / 31MB (92.8%)
📊 메모리 통계: {
  "timestamp": "2025-12-11T21:35:16.462Z",
  "heap": {
    "used": 29,
    "total": 31,
    "external": 20
  },
  "system": {
    "used": 48261,
    "total": 49152,
    "percent": "98.2"
  }
}
[2025-12-11T21:35:40.462Z] [0mGET /api/health [32m200[0m 0.536 ms - 241[0m
[2025-12-11T21:35:46.464Z] ⚠️ 높은 힙 메모리 사용량: 29MB / 31MB (93.0%)
[2025-12-11T21:35:46.465Z] 📊 메모리 통계: {
  "timestamp": "2025-12-11T21:35:46.464Z",
  "heap": {
    "used": 29,
    "total": 31,
    "external": 20
  },
  "system": {
    "used": 48251,
    "total": 49152,
    "percent": "98.2"
  }
}
[2025-12-11T21:36:10.462Z] [0mGET /api/health [32m200[0m 0.772 ms - 241[0m
[2025-12-11T21:36:16.462Z] 🧹 메모리 정리 작업 완료
[2025-12-11T21:36:16.465Z] ⚠️ 높은 힙 메모리 사용량: 29MB / 31MB (93.3%)
[2025-12-11T21:36:16.465Z] 📊 메모리 통계: {
  "timestamp": "2025-12-11T21:36:16.464Z",
  "heap": {
    "used": 29,
    "total": 31,
    "external": 20
  },
  "system": {
    "used": 48251,
    "total": 49152,
    "percent": "98.2"
  }
}
[2025-12-11T21:36:40.458Z] [0mGET /api/health [32m200[0m 0.547 ms - 241[0m
[2025-12-11T21:36:46.465Z] ⚠️ 높은 힙 메모리 사용량: 29MB / 31MB (91.0%)
[2025-12-11T21:36:46.466Z] 📊 메모리 통계: {
  "timestamp": "2025-12-11T21:36:46.465Z",
  "heap": {
    "used": 29,
    "total": 31,
    "external": 20
  },
  "system": {
    "used": 48191,
    "total": 49152,
    "percent": "98.0"
  }
}
[2025-12-11T21:37:10.461Z] [0mGET /api/health [32m200[0m 0.846 ms - 241[0m
[2025-12-11T21:37:16.462Z] 🧹 메모리 정리 작업 완료
[2025-12-11T21:37:16.465Z] ⚠️ 높은 힙 메모리 사용량: 29MB / 31MB (91.3%)
[2025-12-11T21:37:16.465Z] 📊 메모리 통계: {
  "timestamp": "2025-12-11T21:37:16.465Z",
  "heap": {
    "used": 29,
    "total": 31,
    "external": 20
  },
  "system": {
    "used": 48680,
    "total": 49152,
    "percent": "99.0"
  }
}
[2025-12-11T21:37:40.456Z] [0mGET /api/health [32m200[0m 0.550 ms - 241[0m
[2025-12-11T21:37:46.466Z] ⚠️ 높은 힙 메모리 사용량: 29MB / 31MB (91.5%)
[2025-12-11T21:37:46.467Z] 📊 메모리 통계: {
  "timestamp": "2025-12-11T21:37:46.466Z",
  "heap": {
    "used": 29,
    "total": 31,
    "external": 20
  },
  "system": {
    "used": 49075,
    "total": 49152,
    "percent": "99.8"
  }
}
[2025-12-11T21:38:10.457Z] [0mGET /api/health [32m200[0m 0.763 ms - 241[0m
[2025-12-11T21:38:16.463Z] 🧹 메모리 정리 작업 완료
[2025-12-11T21:38:16.466Z] ⚠️ 높은 힙 메모리 사용량: 29MB / 31MB (91.7%)
[2025-12-11T21:38:16.466Z] 📊 메모리 통계: {
  "timestamp": "2025-12-11T21:38:16.466Z",
  "heap": {
    "used": 29,
    "total": 31,
    "external": 20
  },
  "system": {
    "used": 48330,
    "total": 49152,
    "percent": "98.3"
  }
}
[2025-12-11T21:38:40.459Z] [0mGET /api/health [32m200[0m 0.769 ms - 241[0m
[2025-12-11T21:38:46.468Z] ⚠️ 높은 힙 메모리 사용량: 29MB / 31MB (92.0%)
[2025-12-11T21:38:46.468Z] 📊 메모리 통계: {
  "timestamp": "2025-12-11T21:38:46.467Z",
  "heap": {
    "used": 29,
    "total": 31,
    "external": 20
  },
  "system": {
    "used": 48308,
    "total": 49152,
    "percent": "98.3"
  }
}
[2025-12-11T21:39:10.460Z] [0mGET /api/health [32m200[0m 0.477 ms - 241[0m
[2025-12-11T21:39:16.463Z] 🧹 메모리 정리 작업 완료
[2025-12-11T21:39:16.469Z] ⚠️ 높은 힙 메모리 사용량: 29MB / 31MB (92.2%)
[2025-12-11T21:39:16.469Z] 📊 메모리 통계: {
  "timestamp": "2025-12-11T21:39:16.469Z",
  "heap": {
    "used": 29,
    "total": 31,
    "external": 20
  },
  "system": {
    "used": 48302,
    "total": 49152,
    "percent": "98.3"
  }
}
[2025-12-11T21:39:40.456Z] [0mGET /api/health [32m200[0m 0.729 ms - 241[0m
[2025-12-11T21:39:40.895Z] 🔍 인증된 사용자 - ID: 974640, 이메일: dev@playmate.com, 닉네임: 개발자
[2025-12-11T21:39:40.896Z] [0mGET /api/auth/me [32m200[0m 2.196 ms - 483[0m
[2025-12-11T21:39:46.469Z] ⚠️ 높은 힙 메모리 사용량: 29MB / 31MB (92.7%)
[2025-12-11T21:39:46.469Z] 📊 메모리 통계: {
  "timestamp": "2025-12-11T21:39:46.469Z",
  "heap": {
    "used": 29,
    "total": 31,
    "external": 20
  },
  "system": {
    "used": 48248,
    "total": 49152,
    "percent": "98.2"
  }
}
[2025-12-11T21:39:55.510Z] 🔍 인증된 사용자 - ID: 974640, 이메일: dev@playmate.com, 닉네임: 개발자
[2025-12-11T21:39:55.511Z] 📊 총 11개 안전한 매칭 데이터 반환
[2025-12-11T21:39:55.511Z] [0mGET /api/matchings?show_only_recruiting=true&show_only_following=false [32m200[0m 1.296 ms - 11719[0m
[2025-12-11T21:40:10.457Z] [0mGET /api/health [32m200[0m 0.888 ms - 241[0m
[2025-12-11T21:40:16.464Z] 🧹 메모리 정리 작업 완료
[2025-12-11T21:40:16.470Z] 📊 메모리 통계: {
  "timestamp": "2025-12-11T21:40:16.469Z",
  "heap": {
    "used": 21,
    "total": 32,
    "external": 20
  },
  "system": {
    "used": 48284,
    "total": 49152,
    "percent": "98.2"
  }
}
[2025-12-11T21:40:40.452Z] [0mGET /api/health [32m200[0m 0.334 ms - 241[0m
[2025-12-11T21:40:46.470Z] 📊 메모리 통계: {
  "timestamp": "2025-12-11T21:40:46.469Z",
  "heap": {
    "used": 21,
    "total": 32,
    "external": 20
  },
  "system": {
    "used": 48348,
    "total": 49152,
    "percent": "98.4"
  }
}
[2025-12-11T21:41:10.456Z] [0mGET /api/health [32m200[0m 0.559 ms - 241[0m
[2025-12-11T21:41:16.466Z] 🧹 메모리 정리 작업 완료
[2025-12-11T21:41:16.471Z] 📊 메모리 통계: {
  "timestamp": "2025-12-11T21:41:16.470Z",
  "heap": {
    "used": 21,
    "total": 32,
    "external": 20
  },
  "system": {
    "used": 48298,
    "total": 49152,
    "percent": "98.3"
  }
}
[2025-12-11T21:41:40.456Z] [0mGET /api/health [32m200[0m 0.932 ms - 241[0m
[2025-12-11T21:41:46.473Z] 📊 메모리 통계: {
  "timestamp": "2025-12-11T21:41:46.471Z",
  "heap": {
    "used": 21,
    "total": 32,
    "external": 20
  },
  "system": {
    "used": 48250,
    "total": 49152,
    "percent": "98.2"
  }
}
[2025-12-11T21:42:10.458Z] [0mGET /api/health [32m200[0m 0.816 ms - 241[0m
[2025-12-11T21:42:16.467Z] 🧹 메모리 정리 작업 완료
[2025-12-11T21:42:16.474Z] 📊 메모리 통계: {
  "timestamp": "2025-12-11T21:42:16.473Z",
  "heap": {
    "used": 21,
    "total": 32,
    "external": 20
  },
  "system": {
    "used": 48790,
    "total": 49152,
    "percent": "99.3"
  }
}
[2025-12-11T21:42:40.456Z] [0mGET /api/health [32m200[0m 0.968 ms - 241[0m
[2025-12-11T21:42:46.474Z] 📊 메모리 통계: {
  "timestamp": "2025-12-11T21:42:46.473Z",
  "heap": {
    "used": 21,
    "total": 32,
    "external": 20
  },
  "system": {
    "used": 49059,
    "total": 49152,
    "percent": "99.8"
  }
}
[2025-12-11T21:43:10.459Z] [0mGET /api/health [32m200[0m 0.811 ms - 241[0m
[2025-12-11T21:43:16.468Z] 🧹 메모리 정리 작업 완료
[2025-12-11T21:43:16.475Z] 📊 메모리 통계: {
  "timestamp": "2025-12-11T21:43:16.474Z",
  "heap": {
    "used": 21,
    "total": 32,
    "external": 20
  },
  "system": {
    "used": 49022,
    "total": 49152,
    "percent": "99.7"
  }
}
[2025-12-11T21:43:40.452Z] [0mGET /api/health [32m200[0m 0.215 ms - 241[0m
[2025-12-11T21:43:46.477Z] 📊 메모리 통계: {
  "timestamp": "2025-12-11T21:43:46.476Z",
  "heap": {
    "used": 21,
    "total": 32,
    "external": 20
  },
  "system": {
    "used": 48475,
    "total": 49152,
    "percent": "98.6"
  }
}
[2025-12-11T21:44:10.455Z] [0mGET /api/health [32m200[0m 0.378 ms - 241[0m
[2025-12-11T21:44:16.469Z] 🧹 메모리 정리 작업 완료
[2025-12-11T21:44:16.477Z] 📊 메모리 통계: {
  "timestamp": "2025-12-11T21:44:16.476Z",
  "heap": {
    "used": 21,
    "total": 32,
    "external": 20
  },
  "system": {
    "used": 48470,
    "total": 49152,
    "percent": "98.6"
  }
}
[2025-12-11T21:44:40.451Z] [0mGET /api/health [32m200[0m 0.394 ms - 241[0m
[2025-12-11T21:44:40.889Z] 🔍 인증된 사용자 - ID: 974640, 이메일: dev@playmate.com, 닉네임: 개발자
[2025-12-11T21:44:40.890Z] [0mGET /api/auth/me [32m200[0m 2.494 ms - 483[0m
[2025-12-11T21:44:46.479Z] 📊 메모리 통계: {
  "timestamp": "2025-12-11T21:44:46.478Z",
  "heap": {
    "used": 22,
    "total": 32,
    "external": 20
  },
  "system": {
    "used": 48354,
    "total": 49152,
    "percent": "98.4"
  }
}
[2025-12-11T21:44:55.515Z] 🔍 인증된 사용자 - ID: 974640, 이메일: dev@playmate.com, 닉네임: 개발자
[2025-12-11T21:44:55.516Z] 📊 총 11개 안전한 매칭 데이터 반환
[2025-12-11T21:44:55.516Z] [0mGET /api/matchings?show_only_recruiting=true&show_only_following=false [32m200[0m 2.241 ms - 11719[0m
[2025-12-11T21:45:10.457Z] [0mGET /api/health [32m200[0m 0.814 ms - 241[0m
[2025-12-11T21:45:16.471Z] 🧹 메모리 정리 작업 완료
[2025-12-11T21:45:16.480Z] 📊 메모리 통계: {
  "timestamp": "2025-12-11T21:45:16.479Z",
  "heap": {
    "used": 21,
    "total": 31,
    "external": 20
  },
  "system": {
    "used": 48382,
    "total": 49152,
    "percent": "98.4"
  }
}
[2025-12-11T21:45:40.455Z] [0mGET /api/health [32m200[0m 0.756 ms - 241[0m
[2025-12-11T21:45:46.480Z] 📊 메모리 통계: {
  "timestamp": "2025-12-11T21:45:46.479Z",
  "heap": {
    "used": 21,
    "total": 31,
    "external": 20
  },
  "system": {
    "used": 48372,
    "total": 49152,
    "percent": "98.4"
  }
}
[2025-12-11T21:46:10.452Z] [0mGET /api/health [32m200[0m 0.216 ms - 241[0m
[2025-12-11T21:46:16.471Z] 🧹 메모리 정리 작업 완료
[2025-12-11T21:46:16.483Z] 📊 메모리 통계: {
  "timestamp": "2025-12-11T21:46:16.481Z",
  "heap": {
    "used": 21,
    "total": 31,
    "external": 20
  },
  "system": {
    "used": 48390,
    "total": 49152,
    "percent": "98.5"
  }
}
[2025-12-11T21:46:40.453Z] [0mGET /api/health [32m200[0m 0.747 ms - 241[0m
[2025-12-11T21:46:46.485Z] 📊 메모리 통계: {
  "timestamp": "2025-12-11T21:46:46.484Z",
  "heap": {
    "used": 21,
    "total": 31,
    "external": 20
  },
  "system": {
    "used": 48336,
    "total": 49152,
    "percent": "98.3"
  }
}
[2025-12-11T21:47:10.454Z] [0mGET /api/health [32m200[0m 0.574 ms - 241[0m
[2025-12-11T21:47:16.473Z] 🧹 메모리 정리 작업 완료
[2025-12-11T21:47:16.486Z] 📊 메모리 통계: {
  "timestamp": "2025-12-11T21:47:16.485Z",
  "heap": {
    "used": 21,
    "total": 31,
    "external": 20
  },
  "system": {
    "used": 48870,
    "total": 49152,
    "percent": "99.4"
  }
}
[2025-12-11T21:47:40.453Z] [0mGET /api/health [32m200[0m 0.527 ms - 241[0m
[2025-12-11T21:47:46.487Z] 📊 메모리 통계: {
  "timestamp": "2025-12-11T21:47:46.486Z",
  "heap": {
    "used": 22,
    "total": 31,
    "external": 20
  },
  "system": {
    "used": 48790,
    "total": 49152,
    "percent": "99.3"
  }
}
[2025-12-11T21:48:10.454Z] [0mGET /api/health [32m200[0m 0.848 ms - 241[0m
[2025-12-11T21:48:16.474Z] 🧹 메모리 정리 작업 완료
[2025-12-11T21:48:16.488Z] 📊 메모리 통계: {
  "timestamp": "2025-12-11T21:48:16.488Z",
  "heap": {
    "used": 22,
    "total": 31,
    "external": 20
  },
  "system": {
    "used": 49033,
    "total": 49152,
    "percent": "99.8"
  }
}
[2025-12-11T21:48:40.454Z] [0mGET /api/health [32m200[0m 0.773 ms - 241[0m
[2025-12-11T21:48:46.490Z] 📊 메모리 통계: {
  "timestamp": "2025-12-11T21:48:46.489Z",
  "heap": {
    "used": 21,
    "total": 31,
    "external": 20
  },
  "system": {
    "used": 48404,
    "total": 49152,
    "percent": "98.5"
  }
}
[2025-12-11T21:49:10.454Z] [0mGET /api/health [32m200[0m 0.247 ms - 241[0m
[2025-12-11T21:49:16.476Z] 🧹 메모리 정리 작업 완료
[2025-12-11T21:49:16.492Z] 📊 메모리 통계: {
  "timestamp": "2025-12-11T21:49:16.491Z",
  "heap": {
    "used": 21,
    "total": 31,
    "external": 20
  },
  "system": {
    "used": 48573,
    "total": 49152,
    "percent": "98.8"
  }
}
[2025-12-11T21:49:40.457Z] [0mGET /api/health [32m200[0m 0.798 ms - 241[0m
[2025-12-11T21:49:40.893Z] 🔍 인증된 사용자 - ID: 974640, 이메일: dev@playmate.com, 닉네임: 개발자
[2025-12-11T21:49:40.894Z] [0mGET /api/auth/me [32m200[0m 1.961 ms - 483[0m
[2025-12-11T21:49:46.494Z] 📊 메모리 통계: {
  "timestamp": "2025-12-11T21:49:46.492Z",
  "heap": {
    "used": 21,
    "total": 31,
    "external": 20
  },
  "system": {
    "used": 48519,
    "total": 49152,
    "percent": "98.7"
  }
}
[2025-12-11T21:49:55.512Z] 🔍 인증된 사용자 - ID: 974640, 이메일: dev@playmate.com, 닉네임: 개발자
📊 총 11개 안전한 매칭 데이터 반환
[2025-12-11T21:49:55.512Z] [0mGET /api/matchings?show_only_recruiting=true&show_only_following=false [32m200[0m 2.028 ms - 11719[0m
[2025-12-11T21:50:10.456Z] [0mGET /api/health [32m200[0m 0.765 ms - 241[0m
[2025-12-11T21:50:16.478Z] 🧹 메모리 정리 작업 완료
[2025-12-11T21:50:16.493Z] 📊 메모리 통계: {
  "timestamp": "2025-12-11T21:50:16.492Z",
  "heap": {
    "used": 21,
    "total": 31,
    "external": 20
  },
  "system": {
    "used": 48493,
    "total": 49152,
    "percent": "98.7"
  }
}
[2025-12-11T21:50:40.454Z] [0mGET /api/health [32m200[0m 0.539 ms - 241[0m
[2025-12-11T21:50:46.494Z] 📊 메모리 통계: {
  "timestamp": "2025-12-11T21:50:46.493Z",
  "heap": {
    "used": 22,
    "total": 31,
    "external": 20
  },
  "system": {
    "used": 48410,
    "total": 49152,
    "percent": "98.5"
  }
}
[2025-12-11T21:51:10.455Z] [0mGET /api/health [32m200[0m 0.815 ms - 241[0m
[2025-12-11T21:51:16.478Z] 🧹 메모리 정리 작업 완료
[2025-12-11T21:51:16.501Z] 📊 메모리 통계: {
  "timestamp": "2025-12-11T21:51:16.495Z",
  "heap": {
    "used": 22,
    "total": 31,
    "external": 20
  },
  "system": {
    "used": 48476,
    "total": 49152,
    "percent": "98.6"
  }
}
[2025-12-11T21:51:40.454Z] [0mGET /api/health [32m200[0m 0.748 ms - 241[0m
[2025-12-11T21:51:46.496Z] 📊 메모리 통계: {
  "timestamp": "2025-12-11T21:51:46.495Z",
  "heap": {
    "used": 22,
    "total": 31,
    "external": 20
  },
  "system": {
    "used": 48364,
    "total": 49152,
    "percent": "98.4"
  }
}
[2025-12-11T21:52:10.458Z] [0mGET /api/health [32m200[0m 0.186 ms - 241[0m
[2025-12-11T21:52:16.480Z] 🧹 메모리 정리 작업 완료
[2025-12-11T21:52:16.498Z] 📊 메모리 통계: {
  "timestamp": "2025-12-11T21:52:16.496Z",
  "heap": {
    "used": 21,
    "total": 31,
    "external": 20
  },
  "system": {
    "used": 48524,
    "total": 49152,
    "percent": "98.7"
  }
}
[2025-12-11T21:52:40.452Z] [0mGET /api/health [32m200[0m 0.878 ms - 241[0m
[2025-12-11T21:52:46.499Z] 📊 메모리 통계: {
  "timestamp": "2025-12-11T21:52:46.498Z",
  "heap": {
    "used": 21,
    "total": 31,
    "external": 20
  },
  "system": {
    "used": 48595,
    "total": 49152,
    "percent": "98.9"
  }
}
[2025-12-11T21:53:10.455Z] [0mGET /api/health [32m200[0m 0.724 ms - 241[0m
[2025-12-11T21:53:16.482Z] 🧹 메모리 정리 작업 완료
[2025-12-11T21:53:16.504Z] 📊 메모리 통계: {
  "timestamp": "2025-12-11T21:53:16.500Z",
  "heap": {
    "used": 21,
    "total": 31,
    "external": 20
  },
  "system": {
    "used": 48932,
    "total": 49152,
    "percent": "99.6"
  }
}
[2025-12-11T21:53:40.452Z] [0mGET /api/health [32m200[0m 0.765 ms - 241[0m
[2025-12-11T21:53:46.502Z] 📊 메모리 통계: {
  "timestamp": "2025-12-11T21:53:46.501Z",
  "heap": {
    "used": 21,
    "total": 31,
    "external": 20
  },
  "system": {
    "used": 48299,
    "total": 49152,
    "percent": "98.3"
  }
}
[2025-12-11T21:54:10.452Z] [0mGET /api/health [32m200[0m 0.761 ms - 241[0m
[2025-12-11T21:54:16.484Z] 🧹 메모리 정리 작업 완료
[2025-12-11T21:54:16.507Z] 📊 메모리 통계: {
  "timestamp": "2025-12-11T21:54:16.502Z",
  "heap": {
    "used": 22,
    "total": 31,
    "external": 20
  },
  "system": {
    "used": 48514,
    "total": 49152,
    "percent": "98.7"
  }
}
[2025-12-11T21:54:40.452Z] [0mGET /api/health [32m200[0m 0.837 ms - 241[0m
[2025-12-11T21:54:40.894Z] 🔍 인증된 사용자 - ID: 974640, 이메일: dev@playmate.com, 닉네임: 개발자
[2025-12-11T21:54:40.895Z] [0mGET /api/auth/me [32m200[0m 2.082 ms - 483[0m
[2025-12-11T21:54:46.505Z] 📊 메모리 통계: {
  "timestamp": "2025-12-11T21:54:46.504Z",
  "heap": {
    "used": 22,
    "total": 31,
    "external": 20
  },
  "system": {
    "used": 48463,
    "total": 49152,
    "percent": "98.6"
  }
}
[2025-12-11T21:54:55.510Z] 🔍 인증된 사용자 - ID: 974640, 이메일: dev@playmate.com, 닉네임: 개발자
[2025-12-11T21:54:55.510Z] 📊 총 11개 안전한 매칭 데이터 반환
[2025-12-11T21:54:55.511Z] [0mGET /api/matchings?show_only_recruiting=true&show_only_following=false [32m200[0m 2.090 ms - 11719[0m
[2025-12-11T21:55:10.462Z] [0mGET /api/health [32m200[0m 0.599 ms - 241[0m
[2025-12-11T21:55:16.485Z] 🧹 메모리 정리 작업 완료
[2025-12-11T21:55:16.506Z] ⚠️ 높은 힙 메모리 사용량: 22MB / 31MB (70.1%)
[2025-12-11T21:55:16.506Z] 📊 메모리 통계: {
  "timestamp": "2025-12-11T21:55:16.506Z",
  "heap": {
    "used": 22,
    "total": 31,
    "external": 20
  },
  "system": {
    "used": 48444,
    "total": 49152,
    "percent": "98.6"
  }
}
[2025-12-11T21:55:40.450Z] [0mGET /api/health [32m200[0m 0.751 ms - 241[0m
[2025-12-11T21:55:46.509Z] 📊 메모리 통계: {
  "timestamp": "2025-12-11T21:55:46.507Z",
  "heap": {
    "used": 21,
    "total": 31,
    "external": 20
  },
  "system": {
    "used": 48312,
    "total": 49152,
    "percent": "98.3"
  }
}
[2025-12-11T21:56:10.453Z] [0mGET /api/health [32m200[0m 0.919 ms - 241[0m
[2025-12-11T21:56:16.486Z] 🧹 메모리 정리 작업 완료
[2025-12-11T21:56:16.509Z] 📊 메모리 통계: {
  "timestamp": "2025-12-11T21:56:16.508Z",
  "heap": {
    "used": 21,
    "total": 31,
    "external": 20
  },
  "system": {
    "used": 48407,
    "total": 49152,
    "percent": "98.5"
  }
}
[2025-12-11T21:56:40.451Z] [0mGET /api/health [32m200[0m 0.791 ms - 241[0m
[2025-12-11T21:56:46.512Z] 📊 메모리 통계: {
  "timestamp": "2025-12-11T21:56:46.511Z",
  "heap": {
    "used": 22,
    "total": 31,
    "external": 20
  },
  "system": {
    "used": 48331,
    "total": 49152,
    "percent": "98.3"
  }
}
[2025-12-11T21:57:10.455Z] [0mGET /api/health [32m200[0m 0.797 ms - 241[0m
[2025-12-11T21:57:16.488Z] 🧹 메모리 정리 작업 완료
[2025-12-11T21:57:16.513Z] 📊 메모리 통계: {
  "timestamp": "2025-12-11T21:57:16.513Z",
  "heap": {
    "used": 22,
    "total": 31,
    "external": 20
  },
  "system": {
    "used": 48377,
    "total": 49152,
    "percent": "98.4"
  }
}
[2025-12-11T21:57:40.452Z] [0mGET /api/health [32m200[0m 0.777 ms - 241[0m
[2025-12-11T21:57:46.515Z] 📊 메모리 통계: {
  "timestamp": "2025-12-11T21:57:46.514Z",
  "heap": {
    "used": 22,
    "total": 31,
    "external": 20
  },
  "system": {
    "used": 48818,
    "total": 49152,
    "percent": "99.3"
  }
}
[2025-12-11T21:58:10.446Z] [0mGET /api/health [32m200[0m 0.239 ms - 241[0m
[2025-12-11T21:58:16.488Z] 🧹 메모리 정리 작업 완료
[2025-12-11T21:58:16.514Z] 📊 메모리 통계: {
  "timestamp": "2025-12-11T21:58:16.513Z",
  "heap": {
    "used": 22,
    "total": 31,
    "external": 20
  },
  "system": {
    "used": 49045,
    "total": 49152,
    "percent": "99.8"
  }
}
[2025-12-11T21:58:40.450Z] [0mGET /api/health [32m200[0m 0.847 ms - 241[0m
[2025-12-11T21:58:46.516Z] 📊 메모리 통계: {
  "timestamp": "2025-12-11T21:58:46.515Z",
  "heap": {
    "used": 22,
    "total": 31,
    "external": 20
  },
  "system": {
    "used": 48934,
    "total": 49152,
    "percent": "99.6"
  }
}
[2025-12-11T21:59:10.450Z] [0mGET /api/health [32m200[0m 0.791 ms - 241[0m
[2025-12-11T21:59:16.488Z] 🧹 메모리 정리 작업 완료
[2025-12-11T21:59:16.517Z] ⚠️ 높은 힙 메모리 사용량: 22MB / 31MB (70.1%)
[2025-12-11T21:59:16.518Z] 📊 메모리 통계: {
  "timestamp": "2025-12-11T21:59:16.517Z",
  "heap": {
    "used": 22,
    "total": 31,
    "external": 20
  },
  "system": {
    "used": 48583,
    "total": 49152,
    "percent": "98.8"
  }
}
[2025-12-11T21:59:40.449Z] [0mGET /api/health [32m200[0m 0.572 ms - 241[0m
[2025-12-11T21:59:40.886Z] 🔍 인증된 사용자 - ID: 974640, 이메일: dev@playmate.com, 닉네임: 개발자
[2025-12-11T21:59:40.887Z] [0mGET /api/auth/me [32m200[0m 2.333 ms - 483[0m
[2025-12-11T21:59:46.519Z] ⚠️ 높은 힙 메모리 사용량: 22MB / 31MB (70.6%)
[2025-12-11T21:59:46.519Z] 📊 메모리 통계: {
  "timestamp": "2025-12-11T21:59:46.518Z",
  "heap": {
    "used": 22,
    "total": 31,
    "external": 20
  },
  "system": {
    "used": 48488,
    "total": 49152,
    "percent": "98.6"
  }
}
[2025-12-11T21:59:55.504Z] 🔍 인증된 사용자 - ID: 974640, 이메일: dev@playmate.com, 닉네임: 개발자
[2025-12-11T21:59:55.505Z] 📊 총 11개 안전한 매칭 데이터 반환
[2025-12-11T21:59:55.506Z] [0mGET /api/matchings?show_only_recruiting=true&show_only_following=false [32m200[0m 1.911 ms - 11719[0m
[2025-12-11T22:00:10.451Z] [0mGET /api/health [32m200[0m 0.962 ms - 241[0m
[2025-12-11T22:00:16.489Z] 🧹 메모리 정리 작업 완료
[2025-12-11T22:00:16.521Z] 📊 메모리 통계: {
  "timestamp": "2025-12-11T22:00:16.520Z",
  "heap": {
    "used": 22,
    "total": 31,
    "external": 20
  },
  "system": {
    "used": 48430,
    "total": 49152,
    "percent": "98.5"
  }
}
[2025-12-11T22:00:40.451Z] [0mGET /api/health [32m200[0m 0.789 ms - 241[0m
[2025-12-11T22:00:46.522Z] 📊 메모리 통계: {
  "timestamp": "2025-12-11T22:00:46.522Z",
  "heap": {
    "used": 22,
    "total": 31,
    "external": 20
  },
  "system": {
    "used": 48427,
    "total": 49152,
    "percent": "98.5"
  }
}
[2025-12-11T22:01:10.451Z] [0mGET /api/health [32m200[0m 0.797 ms - 241[0m
[2025-12-11T22:01:16.491Z] 🧹 메모리 정리 작업 완료
[2025-12-11T22:01:16.523Z] 📊 메모리 통계: {
  "timestamp": "2025-12-11T22:01:16.523Z",
  "heap": {
    "used": 22,
    "total": 31,
    "external": 20
  },
  "system": {
    "used": 48412,
    "total": 49152,
    "percent": "98.5"
  }
}
[2025-12-11T22:01:40.451Z] [0mGET /api/health [32m200[0m 0.189 ms - 241[0m
[2025-12-11T22:01:46.524Z] ⚠️ 높은 힙 메모리 사용량: 22MB / 31MB (70.1%)
[2025-12-11T22:01:46.525Z] 📊 메모리 통계: {
  "timestamp": "2025-12-11T22:01:46.524Z",
  "heap": {
    "used": 22,
    "total": 31,
    "external": 20
  },
  "system": {
    "used": 48420,
    "total": 49152,
    "percent": "98.5"
  }
}
[2025-12-11T22:02:10.448Z] [0mGET /api/health [32m200[0m 0.471 ms - 241[0m
[2025-12-11T22:02:16.493Z] 🧹 메모리 정리 작업 완료
[2025-12-11T22:02:16.526Z] ⚠️ 높은 힙 메모리 사용량: 22MB / 31MB (70.3%)
[2025-12-11T22:02:16.528Z] 📊 메모리 통계: {
  "timestamp": "2025-12-11T22:02:16.526Z",
  "heap": {
    "used": 22,
    "total": 31,
    "external": 20
  },
  "system": {
    "used": 48355,
    "total": 49152,
    "percent": "98.4"
  }
}
[2025-12-11T22:02:40.449Z] [0mGET /api/health [32m200[0m 0.787 ms - 241[0m
[2025-12-11T22:02:46.527Z] ⚠️ 높은 힙 메모리 사용량: 22MB / 31MB (70.5%)
[2025-12-11T22:02:46.527Z] 📊 메모리 통계: {
  "timestamp": "2025-12-11T22:02:46.526Z",
  "heap": {
    "used": 22,
    "total": 31,
    "external": 20
  },
  "system": {
    "used": 48853,
    "total": 49152,
    "percent": "99.4"
  }
}
[2025-12-11T22:03:10.448Z] [0mGET /api/health [32m200[0m 0.779 ms - 241[0m
[2025-12-11T22:03:16.493Z] 🧹 메모리 정리 작업 완료
[2025-12-11T22:03:16.529Z] ⚠️ 높은 힙 메모리 사용량: 22MB / 31MB (70.8%)
[2025-12-11T22:03:16.529Z] 📊 메모리 통계: {
  "timestamp": "2025-12-11T22:03:16.529Z",
  "heap": {
    "used": 22,
    "total": 31,
    "external": 20
  },
  "system": {
    "used": 48897,
    "total": 49152,
    "percent": "99.5"
  }
}
[2025-12-11T22:03:40.447Z] [0mGET /api/health [32m200[0m 0.770 ms - 241[0m
[2025-12-11T22:03:46.530Z] ⚠️ 높은 힙 메모리 사용량: 22MB / 31MB (71.0%)
[2025-12-11T22:03:46.531Z] 📊 메모리 통계: {
  "timestamp": "2025-12-11T22:03:46.530Z",
  "heap": {
    "used": 22,
    "total": 31,
    "external": 20
  },
  "system": {
    "used": 48939,
    "total": 49152,
    "percent": "99.6"
  }
}
[2025-12-11T22:04:10.447Z] [0mGET /api/health [32m200[0m 0.789 ms - 241[0m
[2025-12-11T22:04:16.495Z] 🧹 메모리 정리 작업 완료
[2025-12-11T22:04:16.532Z] 📊 메모리 통계: {
  "timestamp": "2025-12-11T22:04:16.531Z",
  "heap": {
    "used": 22,
    "total": 32,
    "external": 20
  },
  "system": {
    "used": 48431,
    "total": 49152,
    "percent": "98.5"
  }
}
[2025-12-11T22:04:40.449Z] [0mGET /api/health [32m200[0m 0.454 ms - 241[0m
[2025-12-11T22:04:40.880Z] 🔍 인증된 사용자 - ID: 974640, 이메일: dev@playmate.com, 닉네임: 개발자
[2025-12-11T22:04:40.882Z] [0mGET /api/auth/me [32m200[0m 2.563 ms - 483[0m
[2025-12-11T22:04:46.534Z] 📊 메모리 통계: {
  "timestamp": "2025-12-11T22:04:46.533Z",
  "heap": {
    "used": 22,
    "total": 32,
    "external": 20
  },
  "system": {
    "used": 49010,
    "total": 49152,
    "percent": "99.7"
  }
}
[2025-12-11T22:04:55.505Z] 🔍 인증된 사용자 - ID: 974640, 이메일: dev@playmate.com, 닉네임: 개발자
[2025-12-11T22:04:55.506Z] 📊 총 11개 안전한 매칭 데이터 반환
[2025-12-11T22:04:55.506Z] [0mGET /api/matchings?show_only_recruiting=true&show_only_following=false [32m200[0m 2.304 ms - 11719[0m
[2025-12-11T22:05:10.445Z] [0mGET /api/health [32m200[0m 0.632 ms - 241[0m
[2025-12-11T22:05:16.497Z] 🧹 메모리 정리 작업 완료
[2025-12-11T22:05:16.535Z] 📊 메모리 통계: {
  "timestamp": "2025-12-11T22:05:16.535Z",
  "heap": {
    "used": 22,
    "total": 32,
    "external": 20
  },
  "system": {
    "used": 48367,
    "total": 49152,
    "percent": "98.4"
  }
}
[2025-12-11T22:05:40.440Z] [0mGET /api/health [32m200[0m 0.791 ms - 241[0m
[2025-12-11T22:05:46.538Z] 📊 메모리 통계: {
  "timestamp": "2025-12-11T22:05:46.537Z",
  "heap": {
    "used": 22,
    "total": 32,
    "external": 20
  },
  "system": {
    "used": 48378,
    "total": 49152,
    "percent": "98.4"
  }
}
[2025-12-11T22:06:10.463Z] [0mGET /api/health [32m200[0m 0.778 ms - 241[0m
[2025-12-11T22:06:16.517Z] 🧹 메모리 정리 작업 완료
[2025-12-11T22:06:16.557Z] 📊 메모리 통계: {
  "timestamp": "2025-12-11T22:06:16.557Z",
  "heap": {
    "used": 22,
    "total": 32,
    "external": 20
  },
  "system": {
    "used": 48316,
    "total": 49152,
    "percent": "98.3"
  }
}
[2025-12-11T22:06:40.470Z] [0mGET /api/health [32m200[0m 0.803 ms - 241[0m
[2025-12-11T22:06:46.563Z] 📊 메모리 통계: {
  "timestamp": "2025-12-11T22:06:46.562Z",
  "heap": {
    "used": 22,
    "total": 32,
    "external": 20
  },
  "system": {
    "used": 48382,
    "total": 49152,
    "percent": "98.4"
  }
}
[2025-12-11T22:07:10.469Z] [0mGET /api/health [32m200[0m 0.447 ms - 241[0m
[2025-12-11T22:07:16.524Z] 🧹 메모리 정리 작업 완료
[2025-12-11T22:07:16.566Z] 📊 메모리 통계: {
  "timestamp": "2025-12-11T22:07:16.565Z",
  "heap": {
    "used": 22,
    "total": 32,
    "external": 20
  },
  "system": {
    "used": 48276,
    "total": 49152,
    "percent": "98.2"
  }
}
[2025-12-11T22:07:40.467Z] [0mGET /api/health [32m200[0m 0.532 ms - 241[0m
[2025-12-11T22:07:46.568Z] ⚠️ 높은 힙 메모리 사용량: 22MB / 31MB (70.0%)
[2025-12-11T22:07:46.568Z] 📊 메모리 통계: {
  "timestamp": "2025-12-11T22:07:46.567Z",
  "heap": {
    "used": 22,
    "total": 31,
    "external": 20
  },
  "system": {
    "used": 48635,
    "total": 49152,
    "percent": "98.9"
  }
}
[2025-12-11T22:08:10.467Z] [0mGET /api/health [32m200[0m 0.552 ms - 241[0m
[2025-12-11T22:08:16.524Z] 🧹 메모리 정리 작업 완료
[2025-12-11T22:08:16.568Z] ⚠️ 높은 힙 메모리 사용량: 22MB / 31MB (70.3%)
[2025-12-11T22:08:16.569Z] 📊 메모리 통계: {
  "timestamp": "2025-12-11T22:08:16.568Z",
  "heap": {
    "used": 22,
    "total": 31,
    "external": 20
  },
  "system": {
    "used": 48671,
    "total": 49152,
    "percent": "99.0"
  }
}
[2025-12-11T22:08:40.469Z] [0mGET /api/health [32m200[0m 0.809 ms - 241[0m
[2025-12-11T22:08:46.570Z] ⚠️ 높은 힙 메모리 사용량: 22MB / 31MB (70.5%)
[2025-12-11T22:08:46.570Z] 📊 메모리 통계: {
  "timestamp": "2025-12-11T22:08:46.569Z",
  "heap": {
    "used": 22,
    "total": 31,
    "external": 20
  },
  "system": {
    "used": 48965,
    "total": 49152,
    "percent": "99.6"
  }
}
[2025-12-11T22:09:10.468Z] [0mGET /api/health [32m200[0m 0.831 ms - 241[0m
[2025-12-11T22:09:16.525Z] 🧹 메모리 정리 작업 완료
[2025-12-11T22:09:16.571Z] ⚠️ 높은 힙 메모리 사용량: 22MB / 31MB (70.8%)
[2025-12-11T22:09:16.572Z] 📊 메모리 통계: {
  "timestamp": "2025-12-11T22:09:16.571Z",
  "heap": {
    "used": 22,
    "total": 31,
    "external": 20
  },
  "system": {
    "used": 48391,
    "total": 49152,
    "percent": "98.5"
  }
}
[2025-12-11T22:09:40.469Z] [0mGET /api/health [32m200[0m 0.681 ms - 241[0m
[2025-12-11T22:09:40.904Z] 🔍 인증된 사용자 - ID: 974640, 이메일: dev@playmate.com, 닉네임: 개발자
[2025-12-11T22:09:40.905Z] [0mGET /api/auth/me [32m200[0m 1.877 ms - 483[0m
[2025-12-11T22:09:46.572Z] ⚠️ 높은 힙 메모리 사용량: 22MB / 31MB (71.2%)
[2025-12-11T22:09:46.572Z] 📊 메모리 통계: {
  "timestamp": "2025-12-11T22:09:46.571Z",
  "heap": {
    "used": 22,
    "total": 31,
    "external": 20
  },
  "system": {
    "used": 48341,
    "total": 49152,
    "percent": "98.4"
  }
}
[2025-12-11T22:09:55.526Z] 🔍 인증된 사용자 - ID: 974640, 이메일: dev@playmate.com, 닉네임: 개발자
📊 총 11개 안전한 매칭 데이터 반환
[2025-12-11T22:09:55.527Z] [0mGET /api/matchings?show_only_recruiting=true&show_only_following=false [32m200[0m 1.120 ms - 11719[0m
[2025-12-11T22:10:10.471Z] [0mGET /api/health [32m200[0m 0.801 ms - 241[0m
[2025-12-11T22:10:16.526Z] 🧹 메모리 정리 작업 완료
[2025-12-11T22:10:16.574Z] ⚠️ 높은 힙 메모리 사용량: 22MB / 31MB (71.8%)
[2025-12-11T22:10:16.574Z] 📊 메모리 통계: {
  "timestamp": "2025-12-11T22:10:16.574Z",
  "heap": {
    "used": 22,
    "total": 31,
    "external": 20
  },
  "system": {
    "used": 48547,
    "total": 49152,
    "percent": "98.8"
  }
}
[2025-12-11T22:10:40.469Z] [0mGET /api/health [32m200[0m 0.724 ms - 241[0m
[2025-12-11T22:10:46.576Z] ⚠️ 높은 힙 메모리 사용량: 22MB / 31MB (72.1%)
[2025-12-11T22:10:46.577Z] 📊 메모리 통계: {
  "timestamp": "2025-12-11T22:10:46.576Z",
  "heap": {
    "used": 22,
    "total": 31,
    "external": 20
  },
  "system": {
    "used": 48574,
    "total": 49152,
    "percent": "98.8"
  }
}
[2025-12-11T22:11:10.470Z] [0mGET /api/health [32m200[0m 0.259 ms - 241[0m
[2025-12-11T22:11:16.527Z] 🧹 메모리 정리 작업 완료
[2025-12-11T22:11:16.577Z] ⚠️ 높은 힙 메모리 사용량: 22MB / 31MB (70.5%)
[2025-12-11T22:11:16.577Z] 📊 메모리 통계: {
  "timestamp": "2025-12-11T22:11:16.577Z",
  "heap": {
    "used": 22,
    "total": 31,
    "external": 20
  },
  "system": {
    "used": 48379,
    "total": 49152,
    "percent": "98.4"
  }
}
[2025-12-11T22:11:40.466Z] [0mGET /api/health [32m200[0m 0.654 ms - 241[0m
[2025-12-11T22:11:46.579Z] ⚠️ 높은 힙 메모리 사용량: 22MB / 31MB (70.7%)
[2025-12-11T22:11:46.580Z] 📊 메모리 통계: {
  "timestamp": "2025-12-11T22:11:46.579Z",
  "heap": {
    "used": 22,
    "total": 31,
    "external": 20
  },
  "system": {
    "used": 48458,
    "total": 49152,
    "percent": "98.6"
  }
}
[2025-12-11T22:12:10.467Z] [0mGET /api/health [32m200[0m 0.450 ms - 241[0m
[2025-12-11T22:12:16.528Z] 🧹 메모리 정리 작업 완료
[2025-12-11T22:12:16.581Z] ⚠️ 높은 힙 메모리 사용량: 22MB / 31MB (71.0%)
[2025-12-11T22:12:16.582Z] 📊 메모리 통계: {
  "timestamp": "2025-12-11T22:12:16.581Z",
  "heap": {
    "used": 22,
    "total": 31,
    "external": 20
  },
  "system": {
    "used": 48388,
    "total": 49152,
    "percent": "98.4"
  }
}
[2025-12-11T22:12:40.468Z] [0mGET /api/health [32m200[0m 0.468 ms - 241[0m
[2025-12-11T22:12:46.584Z] ⚠️ 높은 힙 메모리 사용량: 22MB / 31MB (71.2%)
[2025-12-11T22:12:46.585Z] 📊 메모리 통계: {
  "timestamp": "2025-12-11T22:12:46.584Z",
  "heap": {
    "used": 22,
    "total": 31,
    "external": 20
  },
  "system": {
    "used": 48881,
    "total": 49152,
    "percent": "99.4"
  }
}
[2025-12-11T22:13:10.469Z] [0mGET /api/health [32m200[0m 0.482 ms - 241[0m
[2025-12-11T22:13:16.546Z] 🧹 메모리 정리 작업 완료
[2025-12-11T22:13:16.586Z] ⚠️ 높은 힙 메모리 사용량: 22MB / 31MB (71.5%)
[2025-12-11T22:13:16.586Z] 📊 메모리 통계: {
  "timestamp": "2025-12-11T22:13:16.586Z",
  "heap": {
    "used": 22,
    "total": 31,
    "external": 20
  },
  "system": {
    "used": 48886,
    "total": 49152,
    "percent": "99.5"
  }
}
[2025-12-11T22:13:40.471Z] [0mGET /api/health [32m200[0m 0.769 ms - 241[0m
[2025-12-11T22:13:46.588Z] ⚠️ 높은 힙 메모리 사용량: 22MB / 31MB (71.7%)
[2025-12-11T22:13:46.589Z] 📊 메모리 통계: {
  "timestamp": "2025-12-11T22:13:46.588Z",
  "heap": {
    "used": 22,
    "total": 31,
    "external": 20
  },
  "system": {
    "used": 49062,
    "total": 49152,
    "percent": "99.8"
  }
}
[2025-12-11T22:14:10.468Z] [0mGET /api/health [32m200[0m 0.548 ms - 241[0m
[2025-12-11T22:14:16.539Z] 🧹 메모리 정리 작업 완료
[2025-12-11T22:14:16.590Z] ⚠️ 높은 힙 메모리 사용량: 22MB / 31MB (72.0%)
[2025-12-11T22:14:16.591Z] 📊 메모리 통계: {
  "timestamp": "2025-12-11T22:14:16.590Z",
  "heap": {
    "used": 22,
    "total": 31,
    "external": 20
  },
  "system": {
    "used": 48931,
    "total": 49152,
    "percent": "99.6"
  }
}
[2025-12-11T22:14:40.474Z] [0mGET /api/health [32m200[0m 0.802 ms - 241[0m
[2025-12-11T22:14:40.904Z] 🔍 인증된 사용자 - ID: 974640, 이메일: dev@playmate.com, 닉네임: 개발자
[2025-12-11T22:14:40.904Z] [0mGET /api/auth/me [32m200[0m 1.932 ms - 483[0m
[2025-12-11T22:14:46.592Z] ⚠️ 높은 힙 메모리 사용량: 23MB / 31MB (72.4%)
[2025-12-11T22:14:46.593Z] 📊 메모리 통계: {
  "timestamp": "2025-12-11T22:14:46.592Z",
  "heap": {
    "used": 23,
    "total": 31,
    "external": 20
  },
  "system": {
    "used": 48519,
    "total": 49152,
    "percent": "98.7"
  }
}
[2025-12-11T22:14:55.528Z] 🔍 인증된 사용자 - ID: 974640, 이메일: dev@playmate.com, 닉네임: 개발자
[2025-12-11T22:14:55.528Z] 📊 총 11개 안전한 매칭 데이터 반환
[2025-12-11T22:14:55.529Z] [0mGET /api/matchings?show_only_recruiting=true&show_only_following=false [32m200[0m 2.125 ms - 11719[0m
[2025-12-11T22:15:10.472Z] [0mGET /api/health [32m200[0m 0.827 ms - 241[0m
[2025-12-11T22:15:16.541Z] 🧹 메모리 정리 작업 완료
[2025-12-11T22:15:16.594Z] ⚠️ 높은 힙 메모리 사용량: 22MB / 31MB (71.2%)
[2025-12-11T22:15:16.595Z] 📊 메모리 통계: {
  "timestamp": "2025-12-11T22:15:16.594Z",
  "heap": {
    "used": 22,
    "total": 31,
    "external": 20
  },
  "system": {
    "used": 48468,
    "total": 49152,
    "percent": "98.6"
  }
}
[2025-12-11T22:15:40.471Z] [0mGET /api/health [32m200[0m 0.754 ms - 241[0m
[2025-12-11T22:15:46.595Z] ⚠️ 높은 힙 메모리 사용량: 22MB / 31MB (71.4%)
[2025-12-11T22:15:46.596Z] 📊 메모리 통계: {
  "timestamp": "2025-12-11T22:15:46.595Z",
  "heap": {
    "used": 22,
    "total": 31,
    "external": 20
  },
  "system": {
    "used": 48535,
    "total": 49152,
    "percent": "98.7"
  }
}
[2025-12-11T22:16:10.472Z] [0mGET /api/health [32m200[0m 0.769 ms - 241[0m
[2025-12-11T22:16:16.544Z] 🧹 메모리 정리 작업 완료
[2025-12-11T22:16:16.596Z] ⚠️ 높은 힙 메모리 사용량: 22MB / 31MB (71.7%)
[2025-12-11T22:16:16.596Z] 📊 메모리 통계: {
  "timestamp": "2025-12-11T22:16:16.596Z",
  "heap": {
    "used": 22,
    "total": 31,
    "external": 20
  },
  "system": {
    "used": 48405,
    "total": 49152,
    "percent": "98.5"
  }
}
[2025-12-11T22:16:40.468Z] [0mGET /api/health [32m200[0m 0.455 ms - 241[0m
[2025-12-11T22:16:46.598Z] ⚠️ 높은 힙 메모리 사용량: 22MB / 31MB (71.9%)
[2025-12-11T22:16:46.599Z] 📊 메모리 통계: {
  "timestamp": "2025-12-11T22:16:46.598Z",
  "heap": {
    "used": 22,
    "total": 31,
    "external": 20
  },
  "system": {
    "used": 48331,
    "total": 49152,
    "percent": "98.3"
  }
}
[2025-12-11T22:17:10.469Z] [0mGET /api/health [32m200[0m 0.733 ms - 241[0m
[2025-12-11T22:17:16.544Z] 🧹 메모리 정리 작업 완료
[2025-12-11T22:17:16.599Z] ⚠️ 높은 힙 메모리 사용량: 23MB / 31MB (72.2%)
[2025-12-11T22:17:16.600Z] 📊 메모리 통계: {
  "timestamp": "2025-12-11T22:17:16.599Z",
  "heap": {
    "used": 23,
    "total": 31,
    "external": 20
  },
  "system": {
    "used": 48263,
    "total": 49152,
    "percent": "98.2"
  }
}
[2025-12-11T22:17:40.471Z] [0mGET /api/health [32m200[0m 0.861 ms - 241[0m
[2025-12-11T22:17:46.601Z] ⚠️ 높은 힙 메모리 사용량: 23MB / 31MB (72.4%)
[2025-12-11T22:17:46.602Z] 📊 메모리 통계: {
  "timestamp": "2025-12-11T22:17:46.601Z",
  "heap": {
    "used": 23,
    "total": 31,
    "external": 20
  },
  "system": {
    "used": 48954,
    "total": 49152,
    "percent": "99.6"
  }
}
[2025-12-11T22:18:10.470Z] [0mGET /api/health [32m200[0m 0.749 ms - 241[0m
[2025-12-11T22:18:16.546Z] 🧹 메모리 정리 작업 완료
[2025-12-11T22:18:16.604Z] ⚠️ 높은 힙 메모리 사용량: 23MB / 31MB (72.7%)
[2025-12-11T22:18:16.605Z] 📊 메모리 통계: {
  "timestamp": "2025-12-11T22:18:16.604Z",
  "heap": {
    "used": 23,
    "total": 31,
    "external": 20
  },
  "system": {
    "used": 48753,
    "total": 49152,
    "percent": "99.2"
  }
}
[2025-12-11T22:18:40.473Z] [0mGET /api/health [32m200[0m 0.745 ms - 241[0m
[2025-12-11T22:18:46.604Z] ⚠️ 높은 힙 메모리 사용량: 23MB / 31MB (72.9%)
[2025-12-11T22:18:46.605Z] 📊 메모리 통계: {
  "timestamp": "2025-12-11T22:18:46.604Z",
  "heap": {
    "used": 23,
    "total": 31,
    "external": 20
  },
  "system": {
    "used": 48865,
    "total": 49152,
    "percent": "99.4"
  }
}
[2025-12-11T22:19:10.470Z] [0mGET /api/health [32m200[0m 0.888 ms - 241[0m
[2025-12-11T22:19:16.549Z] 🧹 메모리 정리 작업 완료
[2025-12-11T22:19:16.606Z] ⚠️ 높은 힙 메모리 사용량: 22MB / 31MB (71.4%)
[2025-12-11T22:19:16.607Z] 📊 메모리 통계: {
  "timestamp": "2025-12-11T22:19:16.606Z",
  "heap": {
    "used": 22,
    "total": 31,
    "external": 20
  },
  "system": {
    "used": 48920,
    "total": 49152,
    "percent": "99.5"
  }
}
[2025-12-11T22:19:40.473Z] [0mGET /api/health [32m200[0m 0.761 ms - 241[0m
[2025-12-11T22:19:40.902Z] 🔍 인증된 사용자 - ID: 974640, 이메일: dev@playmate.com, 닉네임: 개발자
[2025-12-11T22:19:40.903Z] [0mGET /api/auth/me [32m200[0m 2.334 ms - 483[0m
[2025-12-11T22:19:46.608Z] ⚠️ 높은 힙 메모리 사용량: 22MB / 31MB (72.0%)
[2025-12-11T22:19:46.609Z] 📊 메모리 통계: {
  "timestamp": "2025-12-11T22:19:46.608Z",
  "heap": {
    "used": 22,
    "total": 31,
    "external": 20
  },
  "system": {
    "used": 48439,
    "total": 49152,
    "percent": "98.5"
  }
}
[2025-12-11T22:19:55.534Z] 🔍 인증된 사용자 - ID: 974640, 이메일: dev@playmate.com, 닉네임: 개발자
[2025-12-11T22:19:55.534Z] 📊 총 11개 안전한 매칭 데이터 반환
[2025-12-11T22:19:55.535Z] [0mGET /api/matchings?show_only_recruiting=true&show_only_following=false [32m200[0m 1.724 ms - 11719[0m
[2025-12-11T22:20:10.468Z] [0mGET /api/health [32m200[0m 0.257 ms - 241[0m
[2025-12-11T22:20:16.550Z] 🧹 메모리 정리 작업 완료
[2025-12-11T22:20:16.611Z] ⚠️ 높은 힙 메모리 사용량: 23MB / 31MB (72.5%)
[2025-12-11T22:20:16.612Z] 📊 메모리 통계: {
  "timestamp": "2025-12-11T22:20:16.611Z",
  "heap": {
    "used": 23,
    "total": 31,
    "external": 20
  },
  "system": {
    "used": 48396,
    "total": 49152,
    "percent": "98.5"
  }
}
[2025-12-11T22:20:40.478Z] [0mGET /api/health [32m200[0m 0.651 ms - 241[0m
[2025-12-11T22:20:46.614Z] ⚠️ 높은 힙 메모리 사용량: 23MB / 31MB (72.8%)
[2025-12-11T22:20:46.615Z] 📊 메모리 통계: {
  "timestamp": "2025-12-11T22:20:46.614Z",
  "heap": {
    "used": 23,
    "total": 31,
    "external": 20
  },
  "system": {
    "used": 48558,
    "total": 49152,
    "percent": "98.8"
  }
}
[2025-12-11T22:21:10.468Z] [0mGET /api/health [32m200[0m 0.534 ms - 241[0m
[2025-12-11T22:21:16.551Z] 🧹 메모리 정리 작업 완료
[2025-12-11T22:21:16.617Z] ⚠️ 높은 힙 메모리 사용량: 23MB / 31MB (73.0%)
[2025-12-11T22:21:16.617Z] 📊 메모리 통계: {
  "timestamp": "2025-12-11T22:21:16.617Z",
  "heap": {
    "used": 23,
    "total": 31,
    "external": 20
  },
  "system": {
    "used": 48503,
    "total": 49152,
    "percent": "98.7"
  }
}
[2025-12-11T22:21:40.471Z] [0mGET /api/health [32m200[0m 0.745 ms - 241[0m
[2025-12-11T22:21:46.619Z] ⚠️ 높은 힙 메모리 사용량: 23MB / 31MB (73.2%)
[2025-12-11T22:21:46.619Z] 📊 메모리 통계: {
  "timestamp": "2025-12-11T22:21:46.619Z",
  "heap": {
    "used": 23,
    "total": 31,
    "external": 20
  },
  "system": {
    "used": 48444,
    "total": 49152,
    "percent": "98.6"
  }
}
[2025-12-11T22:22:10.473Z] [0mGET /api/health [32m200[0m 0.812 ms - 241[0m
[2025-12-11T22:22:16.552Z] 🧹 메모리 정리 작업 완료
[2025-12-11T22:22:16.621Z] ⚠️ 높은 힙 메모리 사용량: 23MB / 31MB (73.5%)
[2025-12-11T22:22:16.622Z] 📊 메모리 통계: {
  "timestamp": "2025-12-11T22:22:16.621Z",
  "heap": {
    "used": 23,
    "total": 31,
    "external": 20
  },
  "system": {
    "used": 48335,
    "total": 49152,
    "percent": "98.3"
  }
}
[2025-12-11T22:22:40.470Z] [0mGET /api/health [32m200[0m 0.682 ms - 241[0m
[2025-12-11T22:22:46.625Z] 📊 메모리 통계: {
  "timestamp": "2025-12-11T22:22:46.624Z",
  "heap": {
    "used": 22,
    "total": 32,
    "external": 20
  },
  "system": {
    "used": 48952,
    "total": 49152,
    "percent": "99.6"
  }
}
[2025-12-11T22:23:10.472Z] [0mGET /api/health [32m200[0m 0.352 ms - 241[0m
[2025-12-11T22:23:16.554Z] 🧹 메모리 정리 작업 완료
[2025-12-11T22:23:16.627Z] 📊 메모리 통계: {
  "timestamp": "2025-12-11T22:23:16.625Z",
  "heap": {
    "used": 23,
    "total": 32,
    "external": 20
  },
  "system": {
    "used": 48855,
    "total": 49152,
    "percent": "99.4"
  }
}
[2025-12-11T22:23:40.468Z] [0mGET /api/health [32m200[0m 0.636 ms - 241[0m
[2025-12-11T22:23:46.627Z] ⚠️ 높은 힙 메모리 사용량: 23MB / 32MB (70.1%)
[2025-12-11T22:23:46.628Z] 📊 메모리 통계: {
  "timestamp": "2025-12-11T22:23:46.627Z",
  "heap": {
    "used": 23,
    "total": 32,
    "external": 20
  },
  "system": {
    "used": 49054,
    "total": 49152,
    "percent": "99.8"
  }
}
[2025-12-11T22:24:10.474Z] [0mGET /api/health [32m200[0m 0.757 ms - 241[0m
[2025-12-11T22:24:16.555Z] 🧹 메모리 정리 작업 완료
[2025-12-11T22:24:16.629Z] ⚠️ 높은 힙 메모리 사용량: 23MB / 32MB (70.4%)
[2025-12-11T22:24:16.630Z] 📊 메모리 통계: {
  "timestamp": "2025-12-11T22:24:16.629Z",
  "heap": {
    "used": 23,
    "total": 32,
    "external": 20
  },
  "system": {
    "used": 48912,
    "total": 49152,
    "percent": "99.5"
  }
}
[2025-12-11T22:24:40.470Z] [0mGET /api/health [32m200[0m 0.781 ms - 241[0m
[2025-12-11T22:24:40.912Z] 🔍 인증된 사용자 - ID: 974640, 이메일: dev@playmate.com, 닉네임: 개발자
[2025-12-11T22:24:40.913Z] [0mGET /api/auth/me [32m200[0m 0.785 ms - 483[0m
[2025-12-11T22:24:46.631Z] ⚠️ 높은 힙 메모리 사용량: 23MB / 32MB (70.8%)
[2025-12-11T22:24:46.631Z] 📊 메모리 통계: {
  "timestamp": "2025-12-11T22:24:46.630Z",
  "heap": {
    "used": 23,
    "total": 32,
    "external": 20
  },
  "system": {
    "used": 48444,
    "total": 49152,
    "percent": "98.6"
  }
}
[2025-12-11T22:24:55.530Z] 🔍 인증된 사용자 - ID: 974640, 이메일: dev@playmate.com, 닉네임: 개발자
[2025-12-11T22:24:55.530Z] 📊 총 11개 안전한 매칭 데이터 반환
[2025-12-11T22:24:55.531Z] [0mGET /api/matchings?show_only_recruiting=true&show_only_following=false [32m200[0m 1.979 ms - 11719[0m
[2025-12-11T22:25:10.471Z] [0mGET /api/health [32m200[0m 0.884 ms - 241[0m
[2025-12-11T22:25:16.556Z] 🧹 메모리 정리 작업 완료
[2025-12-11T22:25:16.632Z] ⚠️ 높은 힙 메모리 사용량: 23MB / 32MB (71.4%)
[2025-12-11T22:25:16.633Z] 📊 메모리 통계: {
  "timestamp": "2025-12-11T22:25:16.632Z",
  "heap": {
    "used": 23,
    "total": 32,
    "external": 20
  },
  "system": {
    "used": 48336,
    "total": 49152,
    "percent": "98.3"
  }
}
[2025-12-11T22:25:40.472Z] [0mGET /api/health [32m200[0m 0.788 ms - 241[0m
[2025-12-11T22:25:46.633Z] ⚠️ 높은 힙 메모리 사용량: 23MB / 32MB (71.6%)
[2025-12-11T22:25:46.634Z] 📊 메모리 통계: {
  "timestamp": "2025-12-11T22:25:46.633Z",
  "heap": {
    "used": 23,
    "total": 32,
    "external": 20
  },
  "system": {
    "used": 48569,
    "total": 49152,
    "percent": "98.8"
  }
}
[2025-12-11T22:26:10.466Z] [0mGET /api/health [32m200[0m 0.188 ms - 241[0m
[2025-12-11T22:26:16.558Z] 🧹 메모리 정리 작업 완료
[2025-12-11T22:26:16.634Z] ⚠️ 높은 힙 메모리 사용량: 23MB / 32MB (71.8%)
[2025-12-11T22:26:16.635Z] 📊 메모리 통계: {
  "timestamp": "2025-12-11T22:26:16.634Z",
  "heap": {
    "used": 23,
    "total": 32,
    "external": 20
  },
  "system": {
    "used": 48591,
    "total": 49152,
    "percent": "98.9"
  }
}
[2025-12-11T22:26:40.471Z] [0mGET /api/health [32m200[0m 0.559 ms - 241[0m
[2025-12-11T22:26:46.637Z] ⚠️ 높은 힙 메모리 사용량: 23MB / 31MB (72.6%)
[2025-12-11T22:26:46.638Z] 📊 메모리 통계: {
  "timestamp": "2025-12-11T22:26:46.636Z",
  "heap": {
    "used": 23,
    "total": 31,
    "external": 20
  },
  "system": {
    "used": 48574,
    "total": 49152,
    "percent": "98.8"
  }
}
[2025-12-11T22:27:10.473Z] [0mGET /api/health [32m200[0m 0.535 ms - 241[0m
[2025-12-11T22:27:16.559Z] 🧹 메모리 정리 작업 완료
[2025-12-11T22:27:16.639Z] ⚠️ 높은 힙 메모리 사용량: 23MB / 31MB (72.8%)
[2025-12-11T22:27:16.640Z] 📊 메모리 통계: {
  "timestamp": "2025-12-11T22:27:16.639Z",
  "heap": {
    "used": 23,
    "total": 31,
    "external": 20
  },
  "system": {
    "used": 48354,
    "total": 49152,
    "percent": "98.4"
  }
}
[2025-12-11T22:27:40.472Z] [0mGET /api/health [32m200[0m 0.725 ms - 241[0m
[2025-12-11T22:27:46.640Z] ⚠️ 높은 힙 메모리 사용량: 23MB / 31MB (73.1%)
[2025-12-11T22:27:46.640Z] 📊 메모리 통계: {
  "timestamp": "2025-12-11T22:27:46.640Z",
  "heap": {
    "used": 23,
    "total": 31,
    "external": 20
  },
  "system": {
    "used": 48944,
    "total": 49152,
    "percent": "99.6"
  }
}
[2025-12-11T22:28:10.475Z] [0mGET /api/health [32m200[0m 0.821 ms - 241[0m
[2025-12-11T22:28:16.562Z] 🧹 메모리 정리 작업 완료
[2025-12-11T22:28:16.640Z] ⚠️ 높은 힙 메모리 사용량: 23MB / 31MB (73.3%)
[2025-12-11T22:28:16.641Z] 📊 메모리 통계: {
  "timestamp": "2025-12-11T22:28:16.640Z",
  "heap": {
    "used": 23,
    "total": 31,
    "external": 20
  },
  "system": {
    "used": 48904,
    "total": 49152,
    "percent": "99.5"
  }
}
[2025-12-11T22:28:40.470Z] [0mGET /api/health [32m200[0m 0.721 ms - 241[0m
[2025-12-11T22:28:46.642Z] ⚠️ 높은 힙 메모리 사용량: 23MB / 31MB (73.5%)
[2025-12-11T22:28:46.643Z] 📊 메모리 통계: {
  "timestamp": "2025-12-11T22:28:46.642Z",
  "heap": {
    "used": 23,
    "total": 31,
    "external": 20
  },
  "system": {
    "used": 48946,
    "total": 49152,
    "percent": "99.6"
  }
}
[2025-12-11T22:29:10.473Z] [0mGET /api/health [32m200[0m 0.751 ms - 241[0m
[2025-12-11T22:29:16.564Z] 🧹 메모리 정리 작업 완료
[2025-12-11T22:29:16.644Z] ⚠️ 높은 힙 메모리 사용량: 23MB / 31MB (73.8%)
[2025-12-11T22:29:16.645Z] 📊 메모리 통계: {
  "timestamp": "2025-12-11T22:29:16.644Z",
  "heap": {
    "used": 23,
    "total": 31,
    "external": 20
  },
  "system": {
    "used": 49051,
    "total": 49152,
    "percent": "99.8"
  }
}
[2025-12-11T22:29:40.480Z] [0mGET /api/health [32m200[0m 0.764 ms - 241[0m
[2025-12-11T22:29:40.910Z] 🔍 인증된 사용자 - ID: 974640, 이메일: dev@playmate.com, 닉네임: 개발자
[2025-12-11T22:29:40.911Z] [0mGET /api/auth/me [32m200[0m 1.954 ms - 483[0m
[2025-12-11T22:29:46.646Z] ⚠️ 높은 힙 메모리 사용량: 23MB / 31MB (74.2%)
[2025-12-11T22:29:46.647Z] 📊 메모리 통계: {
  "timestamp": "2025-12-11T22:29:46.646Z",
  "heap": {
    "used": 23,
    "total": 31,
    "external": 20
  },
  "system": {
    "used": 49075,
    "total": 49152,
    "percent": "99.8"
  }
}
[2025-12-11T22:29:55.532Z] 🔍 인증된 사용자 - ID: 974640, 이메일: dev@playmate.com, 닉네임: 개발자
[2025-12-11T22:29:55.533Z] 📊 총 11개 안전한 매칭 데이터 반환
[2025-12-11T22:29:55.533Z] [0mGET /api/matchings?show_only_recruiting=true&show_only_following=false [32m200[0m 2.455 ms - 11719[0m
[2025-12-11T22:30:10.472Z] [0mGET /api/health [32m200[0m 0.856 ms - 241[0m
[2025-12-11T22:30:16.565Z] 🧹 메모리 정리 작업 완료
[2025-12-11T22:30:16.647Z] ⚠️ 높은 힙 메모리 사용량: 23MB / 31MB (73.0%)
[2025-12-11T22:30:16.648Z] 📊 메모리 통계: {
  "timestamp": "2025-12-11T22:30:16.647Z",
  "heap": {
    "used": 23,
    "total": 31,
    "external": 20
  },
  "system": {
    "used": 48316,
    "total": 49152,
    "percent": "98.3"
  }
}
[2025-12-11T22:30:40.480Z] [0mGET /api/health [32m200[0m 0.793 ms - 241[0m
[2025-12-11T22:30:46.649Z] ⚠️ 높은 힙 메모리 사용량: 23MB / 31MB (73.2%)
[2025-12-11T22:30:46.649Z] 📊 메모리 통계: {
  "timestamp": "2025-12-11T22:30:46.649Z",
  "heap": {
    "used": 23,
    "total": 31,
    "external": 20
  },
  "system": {
    "used": 48444,
    "total": 49152,
    "percent": "98.6"
  }
}
[2025-12-11T22:31:10.470Z] [0mGET /api/health [32m200[0m 0.546 ms - 241[0m
[2025-12-11T22:31:16.572Z] 🧹 메모리 정리 작업 완료
[2025-12-11T22:31:16.651Z] ⚠️ 높은 힙 메모리 사용량: 23MB / 31MB (73.4%)
[2025-12-11T22:31:16.652Z] 📊 메모리 통계: {
  "timestamp": "2025-12-11T22:31:16.651Z",
  "heap": {
    "used": 23,
    "total": 31,
    "external": 20
  },
  "system": {
    "used": 48414,
    "total": 49152,
    "percent": "98.5"
  }
}
[2025-12-11T22:31:40.475Z] [0mGET /api/health [32m200[0m 0.789 ms - 241[0m
[2025-12-11T22:31:46.653Z] ⚠️ 높은 힙 메모리 사용량: 23MB / 31MB (73.7%)
[2025-12-11T22:31:46.653Z] 📊 메모리 통계: {
  "timestamp": "2025-12-11T22:31:46.653Z",
  "heap": {
    "used": 23,
    "total": 31,
    "external": 20
  },
  "system": {
    "used": 48463,
    "total": 49152,
    "percent": "98.6"
  }
}
[2025-12-11T22:32:10.467Z] [0mGET /api/health [32m200[0m 0.228 ms - 241[0m
[2025-12-11T22:32:16.573Z] 🧹 메모리 정리 작업 완료
[2025-12-11T22:32:16.655Z] ⚠️ 높은 힙 메모리 사용량: 23MB / 31MB (73.9%)
[2025-12-11T22:32:16.656Z] 📊 메모리 통계: {
  "timestamp": "2025-12-11T22:32:16.655Z",
  "heap": {
    "used": 23,
    "total": 31,
    "external": 20
  },
  "system": {
    "used": 48311,
    "total": 49152,
    "percent": "98.3"
  }
}
[2025-12-11T22:32:40.471Z] [0mGET /api/health [32m200[0m 0.455 ms - 241[0m
[2025-12-11T22:32:46.657Z] ⚠️ 높은 힙 메모리 사용량: 23MB / 31MB (74.2%)
[2025-12-11T22:32:46.658Z] 📊 메모리 통계: {
  "timestamp": "2025-12-11T22:32:46.657Z",
  "heap": {
    "used": 23,
    "total": 31,
    "external": 20
  },
  "system": {
    "used": 48871,
    "total": 49152,
    "percent": "99.4"
  }
}
[2025-12-11T22:33:10.476Z] [0mGET /api/health [32m200[0m 0.777 ms - 241[0m
[2025-12-11T22:33:16.575Z] 🧹 메모리 정리 작업 완료
[2025-12-11T22:33:16.659Z] ⚠️ 높은 힙 메모리 사용량: 23MB / 31MB (74.4%)
[2025-12-11T22:33:16.660Z] 📊 메모리 통계: {
  "timestamp": "2025-12-11T22:33:16.659Z",
  "heap": {
    "used": 23,
    "total": 31,
    "external": 20
  },
  "system": {
    "used": 48861,
    "total": 49152,
    "percent": "99.4"
  }
}
[2025-12-11T22:33:40.463Z] [0mGET /api/health [32m200[0m 0.464 ms - 241[0m
[2025-12-11T22:33:46.661Z] ⚠️ 높은 힙 메모리 사용량: 23MB / 31MB (74.6%)
[2025-12-11T22:33:46.662Z] 📊 메모리 통계: {
  "timestamp": "2025-12-11T22:33:46.661Z",
  "heap": {
    "used": 23,
    "total": 31,
    "external": 20
  },
  "system": {
    "used": 48803,
    "total": 49152,
    "percent": "99.3"
  }
}
[2025-12-11T22:34:10.467Z] [0mGET /api/health [32m200[0m 0.410 ms - 241[0m
[2025-12-11T22:34:16.577Z] 🧹 메모리 정리 작업 완료
[2025-12-11T22:34:16.663Z] ⚠️ 높은 힙 메모리 사용량: 23MB / 31MB (74.9%)
[2025-12-11T22:34:16.664Z] 📊 메모리 통계: {
  "timestamp": "2025-12-11T22:34:16.663Z",
  "heap": {
    "used": 23,
    "total": 31,
    "external": 20
  },
  "system": {
    "used": 48868,
    "total": 49152,
    "percent": "99.4"
  }
}
[2025-12-11T22:34:40.478Z] [0mGET /api/health [32m200[0m 0.813 ms - 241[0m
[2025-12-11T22:34:40.907Z] 🔍 인증된 사용자 - ID: 974640, 이메일: dev@playmate.com, 닉네임: 개발자
[2025-12-11T22:34:40.908Z] [0mGET /api/auth/me [32m200[0m 1.868 ms - 483[0m
[2025-12-11T22:34:46.666Z] ⚠️ 높은 힙 메모리 사용량: 23MB / 31MB (73.6%)
[2025-12-11T22:34:46.667Z] 📊 메모리 통계: {
  "timestamp": "2025-12-11T22:34:46.666Z",
  "heap": {
    "used": 23,
    "total": 31,
    "external": 20
  },
  "system": {
    "used": 49085,
    "total": 49152,
    "percent": "99.9"
  }
}
[2025-12-11T22:34:55.532Z] 🔍 인증된 사용자 - ID: 974640, 이메일: dev@playmate.com, 닉네임: 개발자
[2025-12-11T22:34:55.533Z] 📊 총 11개 안전한 매칭 데이터 반환
[2025-12-11T22:34:55.533Z] [0mGET /api/matchings?show_only_recruiting=true&show_only_following=false [32m200[0m 2.375 ms - 11719[0m
[2025-12-11T22:50:36.828Z] 🧹 메모리 정리 작업 완료
[2025-12-11T22:50:36.828Z] ⚠️ 높은 힙 메모리 사용량: 23MB / 31MB (73.9%)
📊 메모리 통계: {
  "timestamp": "2025-12-11T22:50:36.828Z",
  "heap": {
    "used": 23,
    "total": 31,
    "external": 20
  },
  "system": {
    "used": 48908,
    "total": 49152,
    "percent": "99.5"
  }
}
[2025-12-11T22:50:45.761Z] [0mGET /api/health [32m200[0m 0.762 ms - 241[0m
[2025-12-11T22:51:06.816Z] ⚠️ 높은 힙 메모리 사용량: 23MB / 31MB (74.1%)
[2025-12-11T22:51:06.817Z] 📊 메모리 통계: {
  "timestamp": "2025-12-11T22:51:06.816Z",
  "heap": {
    "used": 23,
    "total": 31,
    "external": 20
  },
  "system": {
    "used": 48385,
    "total": 49152,
    "percent": "98.4"
  }
}
[2025-12-11T22:51:15.753Z] [0mGET /api/health [32m200[0m 0.774 ms - 241[0m
[2025-12-11T22:55:54.771Z] 🧹 메모리 정리 작업 완료
[2025-12-11T22:55:54.772Z] ⚠️ 높은 힙 메모리 사용량: 23MB / 31MB (74.4%)
📊 메모리 통계: {
  "timestamp": "2025-12-11T22:55:54.771Z",
  "heap": {
    "used": 23,
    "total": 31,
    "external": 20
  },
  "system": {
    "used": 48877,
    "total": 49152,
    "percent": "99.4"
  }
}
[2025-12-11T22:56:03.706Z] [0mGET /api/health [32m200[0m 0.823 ms - 241[0m
[2025-12-11T22:56:24.772Z] ⚠️ 높은 힙 메모리 사용량: 23MB / 31MB (74.6%)
[2025-12-11T22:56:24.772Z] 📊 메모리 통계: {
  "timestamp": "2025-12-11T22:56:24.772Z",
  "heap": {
    "used": 23,
    "total": 31,
    "external": 20
  },
  "system": {
    "used": 48274,
    "total": 49152,
    "percent": "98.2"
  }
}
[2025-12-11T23:11:47.651Z] 🧹 메모리 정리 작업 완료
[2025-12-11T23:11:47.651Z] ⚠️ 높은 힙 메모리 사용량: 23MB / 31MB (74.7%)
📊 메모리 통계: {
  "timestamp": "2025-12-11T23:11:47.651Z",
  "heap": {
    "used": 23,
    "total": 31,
    "external": 20
  },
  "system": {
    "used": 48403,
    "total": 49152,
    "percent": "98.5"
  }
}
[2025-12-11T23:11:47.654Z] [0mGET /api/health [32m200[0m 0.211 ms - 241[0m
[2025-12-11T23:12:17.657Z] ⚠️ 높은 힙 메모리 사용량: 23MB / 31MB (74.9%)
[2025-12-11T23:12:17.659Z] 📊 메모리 통계: {
  "timestamp": "2025-12-11T23:12:17.657Z",
  "heap": {
    "used": 23,
    "total": 31,
    "external": 20
  },
  "system": {
    "used": 48798,
    "total": 49152,
    "percent": "99.3"
  }
}
[2025-12-11T23:12:17.664Z] [0mGET /api/health [32m200[0m 0.648 ms - 241[0m
[2025-12-11T23:12:47.657Z] 🧹 메모리 정리 작업 완료
[2025-12-11T23:12:47.659Z] ⚠️ 높은 힙 메모리 사용량: 23MB / 31MB (75.1%)
[2025-12-11T23:12:47.660Z] 📊 메모리 통계: {
  "timestamp": "2025-12-11T23:12:47.658Z",
  "heap": {
    "used": 23,
    "total": 31,
    "external": 20
  },
  "system": {
    "used": 48214,
    "total": 49152,
    "percent": "98.1"
  }
}
[2025-12-11T23:12:47.668Z] [0mGET /api/health [32m200[0m 0.657 ms - 241[0m
[2025-12-11T23:13:17.660Z] ⚠️ 높은 힙 메모리 사용량: 24MB / 31MB (75.4%)
[2025-12-11T23:13:17.660Z] 📊 메모리 통계: {
  "timestamp": "2025-12-11T23:13:17.659Z",
  "heap": {
    "used": 24,
    "total": 31,
    "external": 20
  },
  "system": {
    "used": 48293,
    "total": 49152,
    "percent": "98.3"
  }
}
[2025-12-11T23:13:17.664Z] [0mGET /api/health [32m200[0m 0.769 ms - 241[0m
[2025-12-11T23:13:47.659Z] 🧹 메모리 정리 작업 완료
[2025-12-11T23:13:47.660Z] ⚠️ 높은 힙 메모리 사용량: 23MB / 31MB (73.8%)
📊 메모리 통계: {
  "timestamp": "2025-12-11T23:13:47.659Z",
  "heap": {
    "used": 23,
    "total": 31,
    "external": 20
  },
  "system": {
    "used": 48205,
    "total": 49152,
    "percent": "98.1"
  }
}
[2025-12-11T23:13:47.673Z] [0mGET /api/health [32m200[0m 0.364 ms - 241[0m
[2025-12-11T23:14:17.661Z] ⚠️ 높은 힙 메모리 사용량: 23MB / 31MB (74.0%)
[2025-12-11T23:14:17.661Z] 📊 메모리 통계: {
  "timestamp": "2025-12-11T23:14:17.660Z",
  "heap": {
    "used": 23,
    "total": 31,
    "external": 20
  },
  "system": {
    "used": 48258,
    "total": 49152,
    "percent": "98.2"
  }
}
[2025-12-11T23:14:17.667Z] [0mGET /api/health [32m200[0m 0.685 ms - 241[0m
[2025-12-11T23:14:47.660Z] 🧹 메모리 정리 작업 완료
[2025-12-11T23:14:47.660Z] ⚠️ 높은 힙 메모리 사용량: 23MB / 31MB (74.3%)
📊 메모리 통계: {
  "timestamp": "2025-12-11T23:14:47.660Z",
  "heap": {
    "used": 23,
    "total": 31,
    "external": 20
  },
  "system": {
    "used": 48226,
    "total": 49152,
    "percent": "98.1"
  }
}
[2025-12-11T23:14:47.666Z] [0mGET /api/health [32m200[0m 0.226 ms - 241[0m
[2025-12-11T23:14:48.104Z] 🔍 인증된 사용자 - ID: 974640, 이메일: dev@playmate.com, 닉네임: 개발자
[2025-12-11T23:14:48.104Z] [0mGET /api/auth/me [32m200[0m 1.857 ms - 483[0m
[2025-12-11T23:15:02.724Z] 🔍 인증된 사용자 - ID: 974640, 이메일: dev@playmate.com, 닉네임: 개발자
[2025-12-11T23:15:02.725Z] 📊 총 11개 안전한 매칭 데이터 반환
[2025-12-11T23:15:02.726Z] [0mGET /api/matchings?show_only_recruiting=true&show_only_following=false [32m200[0m 2.101 ms - 11719[0m
[2025-12-11T23:15:17.661Z] ⚠️ 높은 힙 메모리 사용량: 23MB / 31MB (75.1%)
[2025-12-11T23:15:17.663Z] 📊 메모리 통계: {
  "timestamp": "2025-12-11T23:15:17.661Z",
  "heap": {
    "used": 23,
    "total": 31,
    "external": 20
  },
  "system": {
    "used": 48765,
    "total": 49152,
    "percent": "99.2"
  }
}
[2025-12-11T23:15:17.666Z] [0mGET /api/health [32m200[0m 0.702 ms - 241[0m
[2025-12-11T23:15:47.661Z] 🧹 메모리 정리 작업 완료
[2025-12-11T23:15:47.662Z] ⚠️ 높은 힙 메모리 사용량: 24MB / 31MB (75.3%)
📊 메모리 통계: {
  "timestamp": "2025-12-11T23:15:47.662Z",
  "heap": {
    "used": 24,
    "total": 31,
    "external": 20
  },
  "system": {
    "used": 48694,
    "total": 49152,
    "percent": "99.1"
  }
}
[2025-12-11T23:15:47.664Z] [0mGET /api/health [32m200[0m 0.772 ms - 241[0m
[2025-12-11T23:16:17.662Z] ⚠️ 높은 힙 메모리 사용량: 24MB / 31MB (75.5%)
[2025-12-11T23:16:17.663Z] 📊 메모리 통계: {
  "timestamp": "2025-12-11T23:16:17.661Z",
  "heap": {
    "used": 24,
    "total": 31,
    "external": 20
  },
  "system": {
    "used": 48839,
    "total": 49152,
    "percent": "99.4"
  }
}
[2025-12-11T23:16:17.666Z] [0mGET /api/health [32m200[0m 0.680 ms - 241[0m
[2025-12-11T23:16:47.662Z] 🧹 메모리 정리 작업 완료
[2025-12-11T23:16:47.663Z] ⚠️ 높은 힙 메모리 사용량: 24MB / 31MB (75.8%)
📊 메모리 통계: {
  "timestamp": "2025-12-11T23:16:47.662Z",
  "heap": {
    "used": 24,
    "total": 31,
    "external": 20
  },
  "system": {
    "used": 48698,
    "total": 49152,
    "percent": "99.1"
  }
}
[2025-12-11T23:16:47.668Z] [0mGET /api/health [32m200[0m 0.475 ms - 241[0m
[2025-12-11T23:17:17.662Z] ⚠️ 높은 힙 메모리 사용량: 24MB / 31MB (76.0%)
[2025-12-11T23:17:17.663Z] 📊 메모리 통계: {
  "timestamp": "2025-12-11T23:17:17.662Z",
  "heap": {
    "used": 24,
    "total": 31,
    "external": 20
  },
  "system": {
    "used": 48891,
    "total": 49152,
    "percent": "99.5"
  }
}
[2025-12-11T23:17:17.666Z] [0mGET /api/health [32m200[0m 0.692 ms - 241[0m
[2025-12-11T23:17:47.662Z] 🧹 메모리 정리 작업 완료
[2025-12-11T23:17:47.663Z] ⚠️ 높은 힙 메모리 사용량: 23MB / 32MB (72.1%)
📊 메모리 통계: {
  "timestamp": "2025-12-11T23:17:47.663Z",
  "heap": {
    "used": 23,
    "total": 32,
    "external": 20
  },
  "system": {
    "used": 48362,
    "total": 49152,
    "percent": "98.4"
  }
}
[2025-12-11T23:17:47.682Z] [0mGET /api/health [32m200[0m 0.225 ms - 241[0m
[2025-12-11T23:18:17.664Z] ⚠️ 높은 힙 메모리 사용량: 23MB / 32MB (72.4%)
[2025-12-11T23:18:17.665Z] 📊 메모리 통계: {
  "timestamp": "2025-12-11T23:18:17.663Z",
  "heap": {
    "used": 23,
    "total": 32,
    "external": 20
  },
  "system": {
    "used": 48370,
    "total": 49152,
    "percent": "98.4"
  }
}
[2025-12-11T23:18:17.667Z] [0mGET /api/health [32m200[0m 0.802 ms - 241[0m
[2025-12-11T23:18:47.664Z] [0mGET /api/health [32m200[0m 0.786 ms - 241[0m
[2025-12-11T23:18:47.665Z] 🧹 메모리 정리 작업 완료
⚠️ 높은 힙 메모리 사용량: 23MB / 32MB (72.8%)
📊 메모리 통계: {
  "timestamp": "2025-12-11T23:18:47.664Z",
  "heap": {
    "used": 23,
    "total": 32,
    "external": 20
  },
  "system": {
    "used": 48284,
    "total": 49152,
    "percent": "98.2"
  }
}
[2025-12-11T23:19:17.665Z] ⚠️ 높은 힙 메모리 사용량: 23MB / 32MB (72.8%)
[2025-12-11T23:19:17.666Z] 📊 메모리 통계: {
  "timestamp": "2025-12-11T23:19:17.665Z",
  "heap": {
    "used": 23,
    "total": 32,
    "external": 20
  },
  "system": {
    "used": 48424,
    "total": 49152,
    "percent": "98.5"
  }
}
[2025-12-11T23:19:17.667Z] [0mGET /api/health [32m200[0m 0.980 ms - 241[0m
[2025-12-11T23:19:47.665Z] 🧹 메모리 정리 작업 완료
[2025-12-11T23:19:47.666Z] ⚠️ 높은 힙 메모리 사용량: 24MB / 32MB (73.1%)
📊 메모리 통계: {
  "timestamp": "2025-12-11T23:19:47.665Z",
  "heap": {
    "used": 24,
    "total": 32,
    "external": 20
  },
  "system": {
    "used": 48256,
    "total": 49152,
    "percent": "98.2"
  }
}
[2025-12-11T23:19:47.670Z] [0mGET /api/health [32m200[0m 0.618 ms - 241[0m
[2025-12-11T23:19:48.099Z] 🔍 인증된 사용자 - ID: 974640, 이메일: dev@playmate.com, 닉네임: 개발자
[2025-12-11T23:19:48.099Z] [0mGET /api/auth/me [32m200[0m 1.890 ms - 483[0m
[2025-12-11T23:20:02.721Z] 🔍 인증된 사용자 - ID: 974640, 이메일: dev@playmate.com, 닉네임: 개발자
[2025-12-11T23:20:02.722Z] 📊 총 11개 안전한 매칭 데이터 반환
[2025-12-11T23:20:02.722Z] [0mGET /api/matchings?show_only_recruiting=true&show_only_following=false [32m200[0m 2.168 ms - 11719[0m
[2025-12-11T23:20:17.660Z] [0mGET /api/health [32m200[0m 0.687 ms - 241[0m
[2025-12-11T23:20:17.665Z] ⚠️ 높은 힙 메모리 사용량: 24MB / 32MB (74.0%)
[2025-12-11T23:20:17.666Z] 📊 메모리 통계: {
  "timestamp": "2025-12-11T23:20:17.665Z",
  "heap": {
    "used": 24,
    "total": 32,
    "external": 20
  },
  "system": {
    "used": 48866,
    "total": 49152,
    "percent": "99.4"
  }
}
[2025-12-11T23:20:47.659Z] [0mGET /api/health [32m200[0m 0.653 ms - 241[0m
[2025-12-11T23:20:47.665Z] 🧹 메모리 정리 작업 완료
[2025-12-11T23:20:47.666Z] ⚠️ 높은 힙 메모리 사용량: 23MB / 31MB (74.8%)
📊 메모리 통계: {
  "timestamp": "2025-12-11T23:20:47.665Z",
  "heap": {
    "used": 23,
    "total": 31,
    "external": 20
  },
  "system": {
    "used": 48866,
    "total": 49152,
    "percent": "99.4"
  }
}
[2025-12-11T23:21:17.657Z] [0mGET /api/health [32m200[0m 0.275 ms - 241[0m
[2025-12-11T23:21:17.666Z] ⚠️ 높은 힙 메모리 사용량: 23MB / 31MB (75.0%)
[2025-12-11T23:21:17.667Z] 📊 메모리 통계: {
  "timestamp": "2025-12-11T23:21:17.666Z",
  "heap": {
    "used": 23,
    "total": 31,
    "external": 20
  },
  "system": {
    "used": 48907,
    "total": 49152,
    "percent": "99.5"
  }
}
[2025-12-11T23:21:47.665Z] [0mGET /api/health [32m200[0m 0.747 ms - 241[0m
[2025-12-11T23:21:47.666Z] 🧹 메모리 정리 작업 완료
[2025-12-11T23:21:47.668Z] ⚠️ 높은 힙 메모리 사용량: 23MB / 31MB (75.2%)
[2025-12-11T23:21:47.668Z] 📊 메모리 통계: {
  "timestamp": "2025-12-11T23:21:47.668Z",
  "heap": {
    "used": 23,
    "total": 31,
    "external": 20
  },
  "system": {
    "used": 48851,
    "total": 49152,
    "percent": "99.4"
  }
}
[2025-12-11T23:22:17.663Z] [0mGET /api/health [32m200[0m 0.715 ms - 241[0m
[2025-12-11T23:22:17.668Z] ⚠️ 높은 힙 메모리 사용량: 24MB / 31MB (75.5%)
[2025-12-11T23:22:17.669Z] 📊 메모리 통계: {
  "timestamp": "2025-12-11T23:22:17.668Z",
  "heap": {
    "used": 24,
    "total": 31,
    "external": 20
  },
  "system": {
    "used": 48982,
    "total": 49152,
    "percent": "99.7"
  }
}
[2025-12-11T23:22:47.666Z] 🧹 메모리 정리 작업 완료
[2025-12-11T23:22:47.667Z] [0mGET /api/health [32m200[0m 0.277 ms - 241[0m
[2025-12-11T23:22:47.668Z] ⚠️ 높은 힙 메모리 사용량: 24MB / 31MB (75.7%)
[2025-12-11T23:22:47.668Z] 📊 메모리 통계: {
  "timestamp": "2025-12-11T23:22:47.668Z",
  "heap": {
    "used": 24,
    "total": 31,
    "external": 20
  },
  "system": {
    "used": 48429,
    "total": 49152,
    "percent": "98.5"
  }
}
[2025-12-11T23:23:17.664Z] [0mGET /api/health [32m200[0m 0.787 ms - 241[0m
[2025-12-11T23:23:17.668Z] ⚠️ 높은 힙 메모리 사용량: 24MB / 31MB (76.0%)
[2025-12-11T23:23:17.669Z] 📊 메모리 통계: {
  "timestamp": "2025-12-11T23:23:17.668Z",
  "heap": {
    "used": 24,
    "total": 31,
    "external": 20
  },
  "system": {
    "used": 48504,
    "total": 49152,
    "percent": "98.7"
  }
}
[2025-12-11T23:23:47.667Z] 🧹 메모리 정리 작업 완료
[2025-12-11T23:23:47.669Z] ⚠️ 높은 힙 메모리 사용량: 24MB / 31MB (76.0%)
[2025-12-11T23:23:47.670Z] 📊 메모리 통계: {
  "timestamp": "2025-12-11T23:23:47.669Z",
  "heap": {
    "used": 24,
    "total": 31,
    "external": 20
  },
  "system": {
    "used": 48341,
    "total": 49152,
    "percent": "98.4"
  }
}
[2025-12-11T23:23:47.672Z] [0mGET /api/health [32m200[0m 0.629 ms - 241[0m
[2025-12-11T23:24:17.663Z] [0mGET /api/health [32m200[0m 0.740 ms - 241[0m
[2025-12-11T23:24:17.669Z] ⚠️ 높은 힙 메모리 사용량: 24MB / 31MB (76.4%)
[2025-12-11T23:24:17.670Z] 📊 메모리 통계: {
  "timestamp": "2025-12-11T23:24:17.669Z",
  "heap": {
    "used": 24,
    "total": 31,
    "external": 20
  },
  "system": {
    "used": 48411,
    "total": 49152,
    "percent": "98.5"
  }
}
[2025-12-11T23:24:47.664Z] [0mGET /api/health [32m200[0m 0.872 ms - 241[0m
[2025-12-11T23:24:47.668Z] 🧹 메모리 정리 작업 완료
[2025-12-11T23:24:47.669Z] ⚠️ 높은 힙 메모리 사용량: 24MB / 31MB (76.7%)
📊 메모리 통계: {
  "timestamp": "2025-12-11T23:24:47.668Z",
  "heap": {
    "used": 24,
    "total": 31,
    "external": 20
  },
  "system": {
    "used": 48341,
    "total": 49152,
    "percent": "98.3"
  }
}
[2025-12-11T23:24:48.103Z] 🔍 인증된 사용자 - ID: 974640, 이메일: dev@playmate.com, 닉네임: 개발자
[2025-12-11T23:24:48.104Z] [0mGET /api/auth/me [32m200[0m 2.208 ms - 483[0m
[2025-12-11T23:25:02.724Z] 🔍 인증된 사용자 - ID: 974640, 이메일: dev@playmate.com, 닉네임: 개발자
[2025-12-11T23:25:02.725Z] 📊 총 11개 안전한 매칭 데이터 반환
[2025-12-11T23:25:02.726Z] [0mGET /api/matchings?show_only_recruiting=true&show_only_following=false [32m200[0m 2.085 ms - 11719[0m
[2025-12-11T23:25:17.663Z] [0mGET /api/health [32m200[0m 0.682 ms - 241[0m
[2025-12-11T23:25:17.670Z] ⚠️ 높은 힙 메모리 사용량: 24MB / 31MB (75.6%)
[2025-12-11T23:25:17.671Z] 📊 메모리 통계: {
  "timestamp": "2025-12-11T23:25:17.670Z",
  "heap": {
    "used": 24,
    "total": 31,
    "external": 20
  },
  "system": {
    "used": 48520,
    "total": 49152,
    "percent": "98.7"
  }
}
[2025-12-11T23:25:47.664Z] [0mGET /api/health [32m200[0m 0.737 ms - 241[0m
[2025-12-11T23:25:47.668Z] 🧹 메모리 정리 작업 완료
[2025-12-11T23:25:47.670Z] ⚠️ 높은 힙 메모리 사용량: 24MB / 31MB (75.8%)
[2025-12-11T23:25:47.670Z] 📊 메모리 통계: {
  "timestamp": "2025-12-11T23:25:47.670Z",
  "heap": {
    "used": 24,
    "total": 31,
    "external": 20
  },
  "system": {
    "used": 48344,
    "total": 49152,
    "percent": "98.4"
  }
}
[2025-12-11T23:26:17.666Z] [0mGET /api/health [32m200[0m 0.760 ms - 241[0m
[2025-12-11T23:26:17.670Z] ⚠️ 높은 힙 메모리 사용량: 24MB / 31MB (76.0%)
[2025-12-11T23:26:17.671Z] 📊 메모리 통계: {
  "timestamp": "2025-12-11T23:26:17.670Z",
  "heap": {
    "used": 24,
    "total": 31,
    "external": 20
  },
  "system": {
    "used": 48481,
    "total": 49152,
    "percent": "98.6"
  }
}
[2025-12-11T23:26:47.658Z] [0mGET /api/health [32m200[0m 0.683 ms - 241[0m
[2025-12-11T23:26:47.669Z] 🧹 메모리 정리 작업 완료
[2025-12-11T23:26:47.672Z] ⚠️ 높은 힙 메모리 사용량: 24MB / 31MB (76.3%)
[2025-12-11T23:26:47.672Z] 📊 메모리 통계: {
  "timestamp": "2025-12-11T23:26:47.671Z",
  "heap": {
    "used": 24,
    "total": 31,
    "external": 20
  },
  "system": {
    "used": 48495,
    "total": 49152,
    "percent": "98.7"
  }
}
[2025-12-11T23:27:17.658Z] [0mGET /api/health [32m200[0m 0.609 ms - 241[0m
[2025-12-11T23:27:17.674Z] ⚠️ 높은 힙 메모리 사용량: 24MB / 31MB (76.5%)
[2025-12-11T23:27:17.674Z] 📊 메모리 통계: {
  "timestamp": "2025-12-11T23:27:17.674Z",
  "heap": {
    "used": 24,
    "total": 31,
    "external": 20
  },
  "system": {
    "used": 49056,
    "total": 49152,
    "percent": "99.8"
  }
}
[2025-12-11T23:27:47.663Z] [0mGET /api/health [32m200[0m 0.859 ms - 241[0m
[2025-12-11T23:27:47.669Z] 🧹 메모리 정리 작업 완료
[2025-12-11T23:27:47.675Z] ⚠️ 높은 힙 메모리 사용량: 24MB / 31MB (76.8%)
📊 메모리 통계: {
  "timestamp": "2025-12-11T23:27:47.675Z",
  "heap": {
    "used": 24,
    "total": 31,
    "external": 20
  },
  "system": {
    "used": 48954,
    "total": 49152,
    "percent": "99.6"
  }
}
[2025-12-11T23:28:17.666Z] [0mGET /api/health [32m200[0m 0.806 ms - 241[0m
[2025-12-11T23:28:17.676Z] ⚠️ 높은 힙 메모리 사용량: 24MB / 31MB (77.0%)
[2025-12-11T23:28:17.676Z] 📊 메모리 통계: {
  "timestamp": "2025-12-11T23:28:17.675Z",
  "heap": {
    "used": 24,
    "total": 31,
    "external": 20
  },
  "system": {
    "used": 48577,
    "total": 49152,
    "percent": "98.8"
  }
}
[2025-12-11T23:28:47.663Z] [0mGET /api/health [32m200[0m 0.738 ms - 241[0m
[2025-12-11T23:28:47.670Z] 🧹 메모리 정리 작업 완료
[2025-12-11T23:28:47.677Z] ⚠️ 높은 힙 메모리 사용량: 24MB / 31MB (77.2%)
[2025-12-11T23:28:47.677Z] 📊 메모리 통계: {
  "timestamp": "2025-12-11T23:28:47.677Z",
  "heap": {
    "used": 24,
    "total": 31,
    "external": 20
  },
  "system": {
    "used": 48406,
    "total": 49152,
    "percent": "98.5"
  }
}
[2025-12-11T23:29:17.664Z] [0mGET /api/health [32m200[0m 0.714 ms - 241[0m
[2025-12-11T23:29:17.678Z] ⚠️ 높은 힙 메모리 사용량: 24MB / 31MB (77.5%)
[2025-12-11T23:29:17.678Z] 📊 메모리 통계: {
  "timestamp": "2025-12-11T23:29:17.678Z",
  "heap": {
    "used": 24,
    "total": 31,
    "external": 20
  },
  "system": {
    "used": 48485,
    "total": 49152,
    "percent": "98.6"
  }
}
[2025-12-11T23:29:47.666Z] [0mGET /api/health [32m200[0m 0.778 ms - 241[0m
[2025-12-11T23:29:47.671Z] 🧹 메모리 정리 작업 완료
[2025-12-11T23:29:47.679Z] ⚠️ 높은 힙 메모리 사용량: 24MB / 31MB (76.0%)
[2025-12-11T23:29:47.680Z] 📊 메모리 통계: {
  "timestamp": "2025-12-11T23:29:47.679Z",
  "heap": {
    "used": 24,
    "total": 31,
    "external": 20
  },
  "system": {
    "used": 48347,
    "total": 49152,
    "percent": "98.4"
  }
}
[2025-12-11T23:29:48.095Z] 🔍 인증된 사용자 - ID: 974640, 이메일: dev@playmate.com, 닉네임: 개발자
[2025-12-11T23:29:48.096Z] [0mGET /api/auth/me [32m200[0m 1.585 ms - 483[0m
[2025-12-11T23:30:02.722Z] 🔍 인증된 사용자 - ID: 974640, 이메일: dev@playmate.com, 닉네임: 개발자
[2025-12-11T23:30:02.722Z] 📊 총 11개 안전한 매칭 데이터 반환
[2025-12-11T23:30:02.723Z] [0mGET /api/matchings?show_only_recruiting=true&show_only_following=false [32m200[0m 1.764 ms - 11719[0m
[2025-12-11T23:30:17.665Z] [0mGET /api/health [32m200[0m 0.741 ms - 241[0m
[2025-12-11T23:30:17.680Z] ⚠️ 높은 힙 메모리 사용량: 24MB / 31MB (76.7%)
[2025-12-11T23:30:17.681Z] 📊 메모리 통계: {
  "timestamp": "2025-12-11T23:30:17.680Z",
  "heap": {
    "used": 24,
    "total": 31,
    "external": 20
  },
  "system": {
    "used": 48894,
    "total": 49152,
    "percent": "99.5"
  }
}
[2025-12-11T23:30:47.662Z] [0mGET /api/health [32m200[0m 0.447 ms - 241[0m
[2025-12-11T23:30:47.672Z] 🧹 메모리 정리 작업 완료
[2025-12-11T23:30:47.680Z] ⚠️ 높은 힙 메모리 사용량: 24MB / 31MB (77.0%)
[2025-12-11T23:30:47.680Z] 📊 메모리 통계: {
  "timestamp": "2025-12-11T23:30:47.680Z",
  "heap": {
    "used": 24,
    "total": 31,
    "external": 20
  },
  "system": {
    "used": 48846,
    "total": 49152,
    "percent": "99.4"
  }
}
[2025-12-11T23:31:17.664Z] [0mGET /api/health [32m200[0m 0.794 ms - 241[0m
[2025-12-11T23:31:17.681Z] ⚠️ 높은 힙 메모리 사용량: 24MB / 31MB (77.2%)
[2025-12-11T23:31:17.681Z] 📊 메모리 통계: {
  "timestamp": "2025-12-11T23:31:17.680Z",
  "heap": {
    "used": 24,
    "total": 31,
    "external": 20
  },
  "system": {
    "used": 48857,
    "total": 49152,
    "percent": "99.4"
  }
}
[2025-12-11T23:31:47.662Z] [0mGET /api/health [32m200[0m 0.835 ms - 241[0m
[2025-12-11T23:31:47.673Z] 🧹 메모리 정리 작업 완료
[2025-12-11T23:31:47.680Z] ⚠️ 높은 힙 메모리 사용량: 24MB / 31MB (77.5%)
[2025-12-11T23:31:47.681Z] 📊 메모리 통계: {
  "timestamp": "2025-12-11T23:31:47.680Z",
  "heap": {
    "used": 24,
    "total": 31,
    "external": 20
  },
  "system": {
    "used": 48834,
    "total": 49152,
    "percent": "99.4"
  }
}
[2025-12-11T23:32:17.662Z] [0mGET /api/health [32m200[0m 0.471 ms - 241[0m
[2025-12-11T23:32:17.681Z] ⚠️ 높은 힙 메모리 사용량: 24MB / 31MB (77.7%)
[2025-12-11T23:32:17.681Z] 📊 메모리 통계: {
  "timestamp": "2025-12-11T23:32:17.681Z",
  "heap": {
    "used": 24,
    "total": 31,
    "external": 20
  },
  "system": {
    "used": 48868,
    "total": 49152,
    "percent": "99.4"
  }
}
[2025-12-11T23:32:47.659Z] [0mGET /api/health [32m200[0m 0.234 ms - 241[0m
[2025-12-11T23:32:47.675Z] 🧹 메모리 정리 작업 완료
[2025-12-11T23:32:47.682Z] ⚠️ 높은 힙 메모리 사용량: 24MB / 31MB (77.9%)
[2025-12-11T23:32:47.682Z] 📊 메모리 통계: {
  "timestamp": "2025-12-11T23:32:47.682Z",
  "heap": {
    "used": 24,
    "total": 31,
    "external": 20
  },
  "system": {
    "used": 48852,
    "total": 49152,
    "percent": "99.4"
  }
}
[2025-12-11T23:33:17.664Z] [0mGET /api/health [32m200[0m 0.755 ms - 241[0m
[2025-12-11T23:33:17.684Z] ⚠️ 높은 힙 메모리 사용량: 24MB / 32MB (74.0%)
[2025-12-11T23:33:17.684Z] 📊 메모리 통계: {
  "timestamp": "2025-12-11T23:33:17.684Z",
  "heap": {
    "used": 24,
    "total": 32,
    "external": 20
  },
  "system": {
    "used": 48421,
    "total": 49152,
    "percent": "98.5"
  }
}
[2025-12-11T23:33:47.661Z] [0mGET /api/health [32m200[0m 0.773 ms - 241[0m
[2025-12-11T23:33:47.677Z] 🧹 메모리 정리 작업 완료
[2025-12-11T23:33:47.684Z] ⚠️ 높은 힙 메모리 사용량: 24MB / 32MB (74.2%)
[2025-12-11T23:33:47.686Z] 📊 메모리 통계: {
  "timestamp": "2025-12-11T23:33:47.684Z",
  "heap": {
    "used": 24,
    "total": 32,
    "external": 20
  },
  "system": {
    "used": 48416,
    "total": 49152,
    "percent": "98.5"
  }
}
[2025-12-11T23:34:17.665Z] [0mGET /api/health [32m200[0m 0.789 ms - 241[0m
[2025-12-11T23:34:17.686Z] ⚠️ 높은 힙 메모리 사용량: 24MB / 32MB (74.4%)
[2025-12-11T23:34:17.686Z] 📊 메모리 통계: {
  "timestamp": "2025-12-11T23:34:17.686Z",
  "heap": {
    "used": 24,
    "total": 32,
    "external": 20
  },
  "system": {
    "used": 48353,
    "total": 49152,
    "percent": "98.4"
  }
}
[2025-12-11T23:34:47.663Z] [0mGET /api/health [32m200[0m 0.750 ms - 241[0m
[2025-12-11T23:34:47.678Z] 🧹 메모리 정리 작업 완료
[2025-12-11T23:34:47.687Z] ⚠️ 높은 힙 메모리 사용량: 24MB / 32MB (74.7%)
[2025-12-11T23:34:47.690Z] 📊 메모리 통계: {
  "timestamp": "2025-12-11T23:34:47.687Z",
  "heap": {
    "used": 24,
    "total": 32,
    "external": 20
  },
  "system": {
    "used": 48269,
    "total": 49152,
    "percent": "98.2"
  }
}
[2025-12-11T23:34:48.100Z] 🔍 인증된 사용자 - ID: 974640, 이메일: dev@playmate.com, 닉네임: 개발자
[2025-12-11T23:34:48.101Z] [0mGET /api/auth/me [32m200[0m 2.194 ms - 483[0m
[2025-12-11T23:35:02.727Z] 🔍 인증된 사용자 - ID: 974640, 이메일: dev@playmate.com, 닉네임: 개발자
📊 총 11개 안전한 매칭 데이터 반환
[2025-12-11T23:35:02.728Z] [0mGET /api/matchings?show_only_recruiting=true&show_only_following=false [32m200[0m 2.402 ms - 11719[0m
[2025-12-11T23:35:17.661Z] [0mGET /api/health [32m200[0m 0.528 ms - 241[0m
[2025-12-11T23:35:17.687Z] ⚠️ 높은 힙 메모리 사용량: 24MB / 32MB (75.4%)
[2025-12-11T23:35:17.688Z] 📊 메모리 통계: {
  "timestamp": "2025-12-11T23:35:17.687Z",
  "heap": {
    "used": 24,
    "total": 32,
    "external": 20
  },
  "system": {
    "used": 48803,
    "total": 49152,
    "percent": "99.3"
  }
}
[2025-12-11T23:35:47.662Z] [0mGET /api/health [32m200[0m 0.537 ms - 241[0m
[2025-12-11T23:35:47.679Z] 🧹 메모리 정리 작업 완료
[2025-12-11T23:35:47.689Z] ⚠️ 높은 힙 메모리 사용량: 24MB / 32MB (75.6%)
[2025-12-11T23:35:47.690Z] 📊 메모리 통계: {
  "timestamp": "2025-12-11T23:35:47.689Z",
  "heap": {
    "used": 24,
    "total": 32,
    "external": 20
  },
  "system": {
    "used": 48758,
    "total": 49152,
    "percent": "99.2"
  }
}
[2025-12-11T23:36:17.664Z] [0mGET /api/health [32m200[0m 0.784 ms - 241[0m
[2025-12-11T23:36:17.689Z] ⚠️ 높은 힙 메모리 사용량: 24MB / 32MB (75.9%)
[2025-12-11T23:36:17.690Z] 📊 메모리 통계: {
  "timestamp": "2025-12-11T23:36:17.689Z",
  "heap": {
    "used": 24,
    "total": 32,
    "external": 20
  },
  "system": {
    "used": 48770,
    "total": 49152,
    "percent": "99.2"
  }
}
[2025-12-11T23:36:47.670Z] [0mGET /api/health [32m200[0m 0.835 ms - 241[0m
[2025-12-11T23:36:47.680Z] 🧹 메모리 정리 작업 완료
[2025-12-11T23:36:47.689Z] ⚠️ 높은 힙 메모리 사용량: 24MB / 31MB (76.7%)
[2025-12-11T23:36:47.690Z] 📊 메모리 통계: {
  "timestamp": "2025-12-11T23:36:47.689Z",
  "heap": {
    "used": 24,
    "total": 31,
    "external": 20
  },
  "system": {
    "used": 48760,
    "total": 49152,
    "percent": "99.2"
  }
}
[2025-12-11T23:37:17.665Z] [0mGET /api/health [32m200[0m 0.778 ms - 241[0m
[2025-12-11T23:37:17.692Z] ⚠️ 높은 힙 메모리 사용량: 24MB / 31MB (77.0%)
[2025-12-11T23:37:17.692Z] 📊 메모리 통계: {
  "timestamp": "2025-12-11T23:37:17.692Z",
  "heap": {
    "used": 24,
    "total": 31,
    "external": 20
  },
  "system": {
    "used": 48762,
    "total": 49152,
    "percent": "99.2"
  }
}
[2025-12-11T23:37:47.665Z] [0mGET /api/health [32m200[0m 0.834 ms - 241[0m
[2025-12-11T23:37:47.682Z] 🧹 메모리 정리 작업 완료
[2025-12-11T23:37:47.693Z] ⚠️ 높은 힙 메모리 사용량: 24MB / 31MB (77.2%)
[2025-12-11T23:37:47.694Z] 📊 메모리 통계: {
  "timestamp": "2025-12-11T23:37:47.693Z",
  "heap": {
    "used": 24,
    "total": 31,
    "external": 20
  },
  "system": {
    "used": 48932,
    "total": 49152,
    "percent": "99.6"
  }
}
[2025-12-11T23:38:17.665Z] [0mGET /api/health [32m200[0m 0.756 ms - 241[0m
[2025-12-11T23:38:17.695Z] ⚠️ 높은 힙 메모리 사용량: 24MB / 31MB (77.4%)
[2025-12-11T23:38:17.696Z] 📊 메모리 통계: {
  "timestamp": "2025-12-11T23:38:17.695Z",
  "heap": {
    "used": 24,
    "total": 31,
    "external": 20
  },
  "system": {
    "used": 48370,
    "total": 49152,
    "percent": "98.4"
  }
}
[2025-12-11T23:38:47.661Z] [0mGET /api/health [32m200[0m 0.229 ms - 241[0m
[2025-12-11T23:38:47.684Z] 🧹 메모리 정리 작업 완료
[2025-12-11T23:38:47.694Z] ⚠️ 높은 힙 메모리 사용량: 24MB / 31MB (77.7%)
[2025-12-11T23:38:47.695Z] 📊 메모리 통계: {
  "timestamp": "2025-12-11T23:38:47.694Z",
  "heap": {
    "used": 24,
    "total": 31,
    "external": 20
  },
  "system": {
    "used": 48396,
    "total": 49152,
    "percent": "98.5"
  }
}
[2025-12-11T23:39:17.665Z] [0mGET /api/health [32m200[0m 0.782 ms - 241[0m
[2025-12-11T23:39:17.695Z] ⚠️ 높은 힙 메모리 사용량: 24MB / 31MB (77.9%)
[2025-12-11T23:39:17.695Z] 📊 메모리 통계: {
  "timestamp": "2025-12-11T23:39:17.695Z",
  "heap": {
    "used": 24,
    "total": 31,
    "external": 20
  },
  "system": {
    "used": 48301,
    "total": 49152,
    "percent": "98.3"
  }
}
[2025-12-11T23:39:47.662Z] [0mGET /api/health [32m200[0m 0.811 ms - 241[0m
[2025-12-11T23:39:47.686Z] 🧹 메모리 정리 작업 완료
[2025-12-11T23:39:47.695Z] ⚠️ 높은 힙 메모리 사용량: 24MB / 31MB (78.1%)
[2025-12-11T23:39:47.696Z] 📊 메모리 통계: {
  "timestamp": "2025-12-11T23:39:47.695Z",
  "heap": {
    "used": 24,
    "total": 31,
    "external": 20
  },
  "system": {
    "used": 48330,
    "total": 49152,
    "percent": "98.3"
  }
}
[2025-12-11T23:39:48.097Z] 🔍 인증된 사용자 - ID: 974640, 이메일: dev@playmate.com, 닉네임: 개발자
[2025-12-11T23:39:48.098Z] [0mGET /api/auth/me [32m200[0m 2.135 ms - 483[0m
[2025-12-11T23:40:02.719Z] 🔍 인증된 사용자 - ID: 974640, 이메일: dev@playmate.com, 닉네임: 개발자
[2025-12-11T23:40:02.719Z] 📊 총 11개 안전한 매칭 데이터 반환
[2025-12-11T23:40:02.720Z] [0mGET /api/matchings?show_only_recruiting=true&show_only_following=false [32m200[0m 2.396 ms - 11719[0m
[2025-12-11T23:40:17.665Z] [0mGET /api/health [32m200[0m 0.230 ms - 241[0m
[2025-12-11T23:40:17.702Z] ⚠️ 높은 힙 메모리 사용량: 25MB / 31MB (78.9%)
[2025-12-11T23:40:17.703Z] 📊 메모리 통계: {
  "timestamp": "2025-12-11T23:40:17.702Z",
  "heap": {
    "used": 25,
    "total": 31,
    "external": 20
  },
  "system": {
    "used": 48827,
    "total": 49152,
    "percent": "99.3"
  }
}
[2025-12-11T23:40:47.669Z] [0mGET /api/health [32m200[0m 0.704 ms - 241[0m
[2025-12-11T23:40:47.696Z] 🧹 메모리 정리 작업 완료
[2025-12-11T23:40:47.708Z] ⚠️ 높은 힙 메모리 사용량: 24MB / 31MB (77.5%)
[2025-12-11T23:40:47.709Z] 📊 메모리 통계: {
  "timestamp": "2025-12-11T23:40:47.708Z",
  "heap": {
    "used": 24,
    "total": 31,
    "external": 20
  },
  "system": {
    "used": 48785,
    "total": 49152,
    "percent": "99.3"
  }
}
[2025-12-11T23:41:17.667Z] [0mGET /api/health [32m200[0m 0.386 ms - 241[0m
[2025-12-11T23:41:17.709Z] ⚠️ 높은 힙 메모리 사용량: 24MB / 31MB (77.7%)
[2025-12-11T23:41:17.709Z] 📊 메모리 통계: {
  "timestamp": "2025-12-11T23:41:17.709Z",
  "heap": {
    "used": 24,
    "total": 31,
    "external": 20
  },
  "system": {
    "used": 48781,
    "total": 49152,
    "percent": "99.2"
  }
}
[2025-12-11T23:41:47.669Z] [0mGET /api/health [32m200[0m 0.802 ms - 241[0m
[2025-12-11T23:41:47.698Z] 🧹 메모리 정리 작업 완료
[2025-12-11T23:41:47.710Z] ⚠️ 높은 힙 메모리 사용량: 24MB / 31MB (77.9%)
[2025-12-11T23:41:47.711Z] 📊 메모리 통계: {
  "timestamp": "2025-12-11T23:41:47.710Z",
  "heap": {
    "used": 24,
    "total": 31,
    "external": 20
  },
  "system": {
    "used": 48775,
    "total": 49152,
    "percent": "99.2"
  }
}
[2025-12-11T23:42:17.673Z] [0mGET /api/health [32m200[0m 0.769 ms - 241[0m
[2025-12-11T23:42:17.712Z] ⚠️ 높은 힙 메모리 사용량: 24MB / 31MB (78.2%)
[2025-12-11T23:42:17.712Z] 📊 메모리 통계: {
  "timestamp": "2025-12-11T23:42:17.711Z",
  "heap": {
    "used": 24,
    "total": 31,
    "external": 20
  },
  "system": {
    "used": 48758,
    "total": 49152,
    "percent": "99.2"
  }
}
[2025-12-11T23:42:47.670Z] [0mGET /api/health [32m200[0m 0.757 ms - 241[0m
[2025-12-11T23:42:47.699Z] 🧹 메모리 정리 작업 완료
[2025-12-11T23:42:47.713Z] ⚠️ 높은 힙 메모리 사용량: 24MB / 31MB (78.4%)
[2025-12-11T23:42:47.713Z] 📊 메모리 통계: {
  "timestamp": "2025-12-11T23:42:47.713Z",
  "heap": {
    "used": 24,
    "total": 31,
    "external": 20
  },
  "system": {
    "used": 49062,
    "total": 49152,
    "percent": "99.8"
  }
}
[2025-12-11T23:43:17.674Z] [0mGET /api/health [32m200[0m 0.685 ms - 241[0m
[2025-12-11T23:43:17.715Z] ⚠️ 높은 힙 메모리 사용량: 25MB / 31MB (78.6%)
[2025-12-11T23:43:17.715Z] 📊 메모리 통계: {
  "timestamp": "2025-12-11T23:43:17.714Z",
  "heap": {
    "used": 25,
    "total": 31,
    "external": 20
  },
  "system": {
    "used": 48961,
    "total": 49152,
    "percent": "99.6"
  }
}
[2025-12-11T23:43:47.674Z] [0mGET /api/health [32m200[0m 0.808 ms - 241[0m
[2025-12-11T23:43:47.701Z] 🧹 메모리 정리 작업 완료
[2025-12-11T23:43:47.717Z] ⚠️ 높은 힙 메모리 사용량: 25MB / 31MB (78.9%)
[2025-12-11T23:43:47.717Z] 📊 메모리 통계: {
  "timestamp": "2025-12-11T23:43:47.717Z",
  "heap": {
    "used": 25,
    "total": 31,
    "external": 20
  },
  "system": {
    "used": 49018,
    "total": 49152,
    "percent": "99.7"
  }
}
[2025-12-11T23:44:17.678Z] [0mGET /api/health [32m200[0m 0.394 ms - 241[0m
[2025-12-11T23:44:17.719Z] ⚠️ 높은 힙 메모리 사용량: 25MB / 31MB (79.1%)
[2025-12-11T23:44:17.719Z] 📊 메모리 통계: {
  "timestamp": "2025-12-11T23:44:17.719Z",
  "heap": {
    "used": 25,
    "total": 31,
    "external": 20
  },
  "system": {
    "used": 48368,
    "total": 49152,
    "percent": "98.4"
  }
}
[2025-12-11T23:44:47.671Z] [0mGET /api/health [32m200[0m 0.686 ms - 241[0m
[2025-12-11T23:44:47.703Z] 🧹 메모리 정리 작업 완료
[2025-12-11T23:44:47.720Z] ⚠️ 높은 힙 메모리 사용량: 25MB / 31MB (79.3%)
[2025-12-11T23:44:47.720Z] 📊 메모리 통계: {
  "timestamp": "2025-12-11T23:44:47.720Z",
  "heap": {
    "used": 25,
    "total": 31,
    "external": 20
  },
  "system": {
    "used": 48387,
    "total": 49152,
    "percent": "98.4"
  }
}
[2025-12-11T23:44:48.105Z] 🔍 인증된 사용자 - ID: 974640, 이메일: dev@playmate.com, 닉네임: 개발자
[2025-12-11T23:44:48.106Z] [0mGET /api/auth/me [32m200[0m 2.094 ms - 483[0m
[2025-12-11T23:45:02.731Z] 🔍 인증된 사용자 - ID: 974640, 이메일: dev@playmate.com, 닉네임: 개발자
[2025-12-11T23:45:02.732Z] 📊 총 11개 안전한 매칭 데이터 반환
[2025-12-11T23:45:02.733Z] [0mGET /api/matchings?show_only_recruiting=true&show_only_following=false [32m200[0m 3.237 ms - 11719[0m
[2025-12-11T23:45:17.674Z] [0mGET /api/health [32m200[0m 0.760 ms - 241[0m
[2025-12-11T23:45:17.721Z] ⚠️ 높은 힙 메모리 사용량: 24MB / 31MB (78.3%)
[2025-12-11T23:45:17.722Z] 📊 메모리 통계: {
  "timestamp": "2025-12-11T23:45:17.721Z",
  "heap": {
    "used": 24,
    "total": 31,
    "external": 20
  },
  "system": {
    "used": 48858,
    "total": 49152,
    "percent": "99.4"
  }
}
[2025-12-11T23:45:47.671Z] [0mGET /api/health [32m200[0m 0.841 ms - 241[0m
[2025-12-11T23:45:47.704Z] 🧹 메모리 정리 작업 완료
[2025-12-11T23:45:47.721Z] ⚠️ 높은 힙 메모리 사용량: 25MB / 31MB (78.5%)
[2025-12-11T23:45:47.722Z] 📊 메모리 통계: {
  "timestamp": "2025-12-11T23:45:47.721Z",
  "heap": {
    "used": 25,
    "total": 31,
    "external": 20
  },
  "system": {
    "used": 48817,
    "total": 49152,
    "percent": "99.3"
  }
}
[2025-12-11T23:46:17.672Z] [0mGET /api/health [32m200[0m 0.783 ms - 241[0m
[2025-12-11T23:46:17.721Z] ⚠️ 높은 힙 메모리 사용량: 25MB / 31MB (78.7%)
[2025-12-11T23:46:17.722Z] 📊 메모리 통계: {
  "timestamp": "2025-12-11T23:46:17.721Z",
  "heap": {
    "used": 25,
    "total": 31,
    "external": 20
  },
  "system": {
    "used": 48807,
    "total": 49152,
    "percent": "99.3"
  }
}
[2025-12-11T23:46:47.675Z] [0mGET /api/health [32m200[0m 0.720 ms - 241[0m
[2025-12-11T23:46:47.707Z] 🧹 메모리 정리 작업 완료
[2025-12-11T23:46:47.722Z] ⚠️ 높은 힙 메모리 사용량: 25MB / 31MB (79.0%)
[2025-12-11T23:46:47.723Z] 📊 메모리 통계: {
  "timestamp": "2025-12-11T23:46:47.722Z",
  "heap": {
    "used": 25,
    "total": 31,
    "external": 20
  },
  "system": {
    "used": 48921,
    "total": 49152,
    "percent": "99.5"
  }
}
[2025-12-11T23:47:17.673Z] [0mGET /api/health [32m200[0m 0.768 ms - 241[0m
[2025-12-11T23:47:17.723Z] ⚠️ 높은 힙 메모리 사용량: 25MB / 31MB (79.2%)
[2025-12-11T23:47:17.724Z] 📊 메모리 통계: {
  "timestamp": "2025-12-11T23:47:17.723Z",
  "heap": {
    "used": 25,
    "total": 31,
    "external": 20
  },
  "system": {
    "used": 48809,
    "total": 49152,
    "percent": "99.3"
  }
}
[2025-12-11T23:47:47.665Z] [0mGET /api/health [32m200[0m 0.200 ms - 241[0m
[2025-12-11T23:47:47.708Z] 🧹 메모리 정리 작업 완료
[2025-12-11T23:47:47.726Z] ⚠️ 높은 힙 메모리 사용량: 25MB / 31MB (79.4%)
[2025-12-11T23:47:47.726Z] 📊 메모리 통계: {
  "timestamp": "2025-12-11T23:47:47.726Z",
  "heap": {
    "used": 25,
    "total": 31,
    "external": 20
  },
  "system": {
    "used": 48909,
    "total": 49152,
    "percent": "99.5"
  }
}
[2025-12-11T23:48:17.675Z] [0mGET /api/health [32m200[0m 0.718 ms - 241[0m
[2025-12-11T23:48:17.727Z] ⚠️ 높은 힙 메모리 사용량: 25MB / 31MB (79.7%)
[2025-12-11T23:48:17.728Z] 📊 메모리 통계: {
  "timestamp": "2025-12-11T23:48:17.727Z",
  "heap": {
    "used": 25,
    "total": 31,
    "external": 20
  },
  "system": {
    "used": 48841,
    "total": 49152,
    "percent": "99.4"
  }
}
[2025-12-11T23:48:47.678Z] [0mGET /api/health [32m200[0m 0.763 ms - 241[0m
[2025-12-11T23:48:47.709Z] 🧹 메모리 정리 작업 완료
[2025-12-11T23:48:47.729Z] ⚠️ 높은 힙 메모리 사용량: 25MB / 31MB (79.9%)
[2025-12-11T23:48:47.729Z] 📊 메모리 통계: {
  "timestamp": "2025-12-11T23:48:47.729Z",
  "heap": {
    "used": 25,
    "total": 31,
    "external": 20
  },
  "system": {
    "used": 48535,
    "total": 49152,
    "percent": "98.7"
  }
}
[2025-12-11T23:49:17.678Z] [0mGET /api/health [32m200[0m 0.735 ms - 241[0m
[2025-12-11T23:49:17.729Z] ⚠️ 높은 힙 메모리 사용량: 24MB / 32MB (76.0%)
[2025-12-11T23:49:17.730Z] 📊 메모리 통계: {
  "timestamp": "2025-12-11T23:49:17.729Z",
  "heap": {
    "used": 24,
    "total": 32,
    "external": 20
  },
  "system": {
    "used": 48440,
    "total": 49152,
    "percent": "98.6"
  }
}
[2025-12-11T23:49:47.675Z] [0mGET /api/health [32m200[0m 0.773 ms - 241[0m
[2025-12-11T23:49:47.710Z] 🧹 메모리 정리 작업 완료
[2025-12-11T23:49:47.731Z] ⚠️ 높은 힙 메모리 사용량: 25MB / 32MB (76.2%)
[2025-12-11T23:49:47.732Z] 📊 메모리 통계: {
  "timestamp": "2025-12-11T23:49:47.730Z",
  "heap": {
    "used": 25,
    "total": 32,
    "external": 20
  },
  "system": {
    "used": 48452,
    "total": 49152,
    "percent": "98.6"
  }
}
[2025-12-11T23:49:48.107Z] 🔍 인증된 사용자 - ID: 974640, 이메일: dev@playmate.com, 닉네임: 개발자
[2025-12-11T23:49:48.108Z] [0mGET /api/auth/me [32m200[0m 2.258 ms - 483[0m
[2025-12-11T23:50:02.739Z] 🔍 인증된 사용자 - ID: 974640, 이메일: dev@playmate.com, 닉네임: 개발자
[2025-12-11T23:50:02.740Z] 📊 총 11개 안전한 매칭 데이터 반환
[2025-12-11T23:50:02.741Z] [0mGET /api/matchings?show_only_recruiting=true&show_only_following=false [32m200[0m 2.081 ms - 11719[0m
[2025-12-11T23:50:17.669Z] [0mGET /api/health [32m200[0m 0.274 ms - 241[0m
[2025-12-11T23:50:17.733Z] ⚠️ 높은 힙 메모리 사용량: 25MB / 32MB (77.0%)
[2025-12-11T23:50:17.733Z] 📊 메모리 통계: {
  "timestamp": "2025-12-11T23:50:17.732Z",
  "heap": {
    "used": 25,
    "total": 32,
    "external": 20
  },
  "system": {
    "used": 48840,
    "total": 49152,
    "percent": "99.4"
  }
}
[2025-12-11T23:52:49.418Z] 🧹 메모리 정리 작업 완료
[2025-12-11T23:52:49.420Z] ⚠️ 높은 힙 메모리 사용량: 25MB / 32MB (77.0%)
📊 메모리 통계: {
  "timestamp": "2025-12-11T23:52:49.418Z",
  "heap": {
    "used": 25,
    "total": 32,
    "external": 20
  },
  "system": {
    "used": 48785,
    "total": 49152,
    "percent": "99.3"
  }
}
[2025-12-11T23:53:04.184Z] [0mGET /api/health [32m200[0m 0.743 ms - 241[0m
[2025-12-11T23:53:19.419Z] ⚠️ 높은 힙 메모리 사용량: 25MB / 32MB (77.2%)
[2025-12-11T23:53:19.421Z] 📊 메모리 통계: {
  "timestamp": "2025-12-11T23:53:19.419Z",
  "heap": {
    "used": 25,
    "total": 32,
    "external": 20
  },
  "system": {
    "used": 49012,
    "total": 49152,
    "percent": "99.7"
  }
}
[2025-12-11T23:53:34.180Z] [0mGET /api/health [32m200[0m 0.735 ms - 241[0m
[2025-12-11T23:53:59.771Z] 🧹 메모리 정리 작업 완료
[2025-12-11T23:53:59.772Z] ⚠️ 높은 힙 메모리 사용량: 25MB / 32MB (77.4%)
📊 메모리 통계: {
  "timestamp": "2025-12-11T23:53:59.771Z",
  "heap": {
    "used": 25,
    "total": 32,
    "external": 20
  },
  "system": {
    "used": 48247,
    "total": 49152,
    "percent": "98.2"
  }
}
[2025-12-11T23:54:14.527Z] [0mGET /api/health [32m200[0m 0.532 ms - 241[0m
[2025-12-11T23:54:29.772Z] ⚠️ 높은 힙 메모리 사용량: 25MB / 32MB (77.7%)
[2025-12-11T23:54:29.773Z] 📊 메모리 통계: {
  "timestamp": "2025-12-11T23:54:29.772Z",
  "heap": {
    "used": 25,
    "total": 32,
    "external": 20
  },
  "system": {
    "used": 48150,
    "total": 49152,
    "percent": "98.0"
  }
}
[2025-12-11T23:54:44.530Z] [0mGET /api/health [32m200[0m 0.456 ms - 241[0m
[2025-12-11T23:54:59.772Z] 🧹 메모리 정리 작업 완료
[2025-12-11T23:54:59.773Z] ⚠️ 높은 힙 메모리 사용량: 25MB / 32MB (77.9%)
📊 메모리 통계: {
  "timestamp": "2025-12-11T23:54:59.772Z",
  "heap": {
    "used": 25,
    "total": 32,
    "external": 20
  },
  "system": {
    "used": 48119,
    "total": 49152,
    "percent": "97.9"
  }
}
[2025-12-11T23:55:14.530Z] [0mGET /api/health [32m200[0m 1.023 ms - 241[0m
[2025-12-11T23:55:29.773Z] ⚠️ 높은 힙 메모리 사용량: 25MB / 31MB (78.8%)
[2025-12-11T23:55:29.773Z] 📊 메모리 통계: {
  "timestamp": "2025-12-11T23:55:29.773Z",
  "heap": {
    "used": 25,
    "total": 31,
    "external": 20
  },
  "system": {
    "used": 48148,
    "total": 49152,
    "percent": "98.0"
  }
}
[2025-12-11T23:55:44.532Z] [0mGET /api/health [32m200[0m 0.727 ms - 241[0m
[2025-12-11T23:55:59.773Z] 🧹 메모리 정리 작업 완료
[2025-12-11T23:55:59.774Z] ⚠️ 높은 힙 메모리 사용량: 25MB / 31MB (79.0%)
📊 메모리 통계: {
  "timestamp": "2025-12-11T23:55:59.773Z",
  "heap": {
    "used": 25,
    "total": 31,
    "external": 20
  },
  "system": {
    "used": 48140,
    "total": 49152,
    "percent": "97.9"
  }
}
[2025-12-11T23:56:14.528Z] [0mGET /api/health [32m200[0m 0.795 ms - 241[0m
[2025-12-11T23:56:29.774Z] ⚠️ 높은 힙 메모리 사용량: 25MB / 31MB (79.3%)
[2025-12-11T23:56:29.776Z] 📊 메모리 통계: {
  "timestamp": "2025-12-11T23:56:29.774Z",
  "heap": {
    "used": 25,
    "total": 31,
    "external": 20
  },
  "system": {
    "used": 48133,
    "total": 49152,
    "percent": "97.9"
  }
}
[2025-12-11T23:56:44.529Z] [0mGET /api/health [32m200[0m 0.745 ms - 241[0m
[2025-12-11T23:56:59.774Z] 🧹 메모리 정리 작업 완료
[2025-12-11T23:56:59.775Z] ⚠️ 높은 힙 메모리 사용량: 25MB / 31MB (79.5%)
📊 메모리 통계: {
  "timestamp": "2025-12-11T23:56:59.774Z",
  "heap": {
    "used": 25,
    "total": 31,
    "external": 20
  },
  "system": {
    "used": 48521,
    "total": 49152,
    "percent": "98.7"
  }
}
[2025-12-11T23:57:14.530Z] [0mGET /api/health [32m200[0m 0.714 ms - 241[0m
[2025-12-11T23:57:14.964Z] 🔍 인증된 사용자 - ID: 974640, 이메일: dev@playmate.com, 닉네임: 개발자
[2025-12-11T23:57:14.964Z] [0mGET /api/auth/me [32m200[0m 3.135 ms - 483[0m
[2025-12-11T23:57:29.583Z] 🔍 인증된 사용자 - ID: 974640, 이메일: dev@playmate.com, 닉네임: 개발자
[2025-12-11T23:57:29.584Z] 📊 총 11개 안전한 매칭 데이터 반환
[2025-12-11T23:57:29.585Z] [0mGET /api/matchings?show_only_recruiting=true&show_only_following=false [32m200[0m 2.593 ms - 11719[0m
[2025-12-11T23:57:29.776Z] ⚠️ 높은 힙 메모리 사용량: 25MB / 31MB (80.3%)
[2025-12-11T23:57:29.776Z] 📊 메모리 통계: {
  "timestamp": "2025-12-11T23:57:29.776Z",
  "heap": {
    "used": 25,
    "total": 31,
    "external": 20
  },
  "system": {
    "used": 48494,
    "total": 49152,
    "percent": "98.7"
  }
}
[2025-12-11T23:57:44.529Z] [0mGET /api/health [32m200[0m 0.884 ms - 241[0m
[2025-12-11T23:57:59.775Z] 🧹 메모리 정리 작업 완료
[2025-12-11T23:57:59.776Z] ⚠️ 높은 힙 메모리 사용량: 25MB / 31MB (80.5%)
📊 메모리 통계: {
  "timestamp": "2025-12-11T23:57:59.775Z",
  "heap": {
    "used": 25,
    "total": 31,
    "external": 20
  },
  "system": {
    "used": 48373,
    "total": 49152,
    "percent": "98.4"
  }
}
[2025-12-11T23:58:14.530Z] [0mGET /api/health [32m200[0m 0.764 ms - 241[0m
[2025-12-11T23:58:29.777Z] ⚠️ 높은 힙 메모리 사용량: 25MB / 31MB (80.8%)
[2025-12-11T23:58:29.778Z] 📊 메모리 통계: {
  "timestamp": "2025-12-11T23:58:29.777Z",
  "heap": {
    "used": 25,
    "total": 31,
    "external": 20
  },
  "system": {
    "used": 48948,
    "total": 49152,
    "percent": "99.6"
  }
}
[2025-12-11T23:58:44.528Z] [0mGET /api/health [32m200[0m 0.736 ms - 241[0m
[2025-12-11T23:58:59.777Z] 🧹 메모리 정리 작업 완료
[2025-12-11T23:58:59.778Z] ⚠️ 높은 힙 메모리 사용량: 25MB / 31MB (79.3%)
📊 메모리 통계: {
  "timestamp": "2025-12-11T23:58:59.777Z",
  "heap": {
    "used": 25,
    "total": 31,
    "external": 20
  },
  "system": {
    "used": 48403,
    "total": 49152,
    "percent": "98.5"
  }
}
[2025-12-11T23:59:14.527Z] [0mGET /api/health [32m200[0m 0.682 ms - 241[0m
[2025-12-11T23:59:29.778Z] ⚠️ 높은 힙 메모리 사용량: 25MB / 31MB (79.5%)
[2025-12-11T23:59:29.778Z] 📊 메모리 통계: {
  "timestamp": "2025-12-11T23:59:29.778Z",
  "heap": {
    "used": 25,
    "total": 31,
    "external": 20
  },
  "system": {
    "used": 48440,
    "total": 49152,
    "percent": "98.6"
  }
}
[2025-12-11T23:59:44.529Z] [0mGET /api/health [32m200[0m 0.672 ms - 241[0m
[2025-12-11T23:59:59.778Z] 🧹 메모리 정리 작업 완료
[2025-12-11T23:59:59.781Z] ⚠️ 높은 힙 메모리 사용량: 25MB / 31MB (79.8%)
📊 메모리 통계: {
  "timestamp": "2025-12-11T23:59:59.781Z",
  "heap": {
    "used": 25,
    "total": 31,
    "external": 20
  },
  "system": {
    "used": 48355,
    "total": 49152,
    "percent": "98.4"
  }
}
[2025-12-12T00:00:14.530Z] [0mGET /api/health [32m200[0m 0.259 ms - 241[0m
[2025-12-12T00:00:29.782Z] ⚠️ 높은 힙 메모리 사용량: 25MB / 31MB (80.0%)
[2025-12-12T00:00:29.783Z] 📊 메모리 통계: {
  "timestamp": "2025-12-12T00:00:29.782Z",
  "heap": {
    "used": 25,
    "total": 31,
    "external": 20
  },
  "system": {
    "used": 48443,
    "total": 49152,
    "percent": "98.6"
  }
}
[2025-12-12T00:00:44.529Z] [0mGET /api/health [32m200[0m 0.627 ms - 241[0m
[2025-12-12T00:00:59.783Z] 🧹 메모리 정리 작업 완료
[2025-12-12T00:00:59.783Z] ⚠️ 높은 힙 메모리 사용량: 25MB / 31MB (80.2%)
📊 메모리 통계: {
  "timestamp": "2025-12-12T00:00:59.783Z",
  "heap": {
    "used": 25,
    "total": 31,
    "external": 20
  },
  "system": {
    "used": 48457,
    "total": 49152,
    "percent": "98.6"
  }
}
[2025-12-12T00:01:14.531Z] [0mGET /api/health [32m200[0m 0.691 ms - 241[0m
[2025-12-12T00:01:29.784Z] ⚠️ 높은 힙 메모리 사용량: 25MB / 31MB (80.5%)
[2025-12-12T00:01:29.784Z] 📊 메모리 통계: {
  "timestamp": "2025-12-12T00:01:29.783Z",
  "heap": {
    "used": 25,
    "total": 31,
    "external": 20
  },
  "system": {
    "used": 48468,
    "total": 49152,
    "percent": "98.6"
  }
}
[2025-12-12T00:01:44.531Z] [0mGET /api/health [32m200[0m 0.819 ms - 241[0m
[2025-12-12T00:01:59.781Z] 🧹 메모리 정리 작업 완료
[2025-12-12T00:01:59.784Z] ⚠️ 높은 힙 메모리 사용량: 25MB / 31MB (80.7%)
[2025-12-12T00:01:59.785Z] 📊 메모리 통계: {
  "timestamp": "2025-12-12T00:01:59.784Z",
  "heap": {
    "used": 25,
    "total": 31,
    "external": 20
  },
  "system": {
    "used": 48362,
    "total": 49152,
    "percent": "98.4"
  }
}
[2025-12-12T00:02:14.533Z] [0mGET /api/health [32m200[0m 1.136 ms - 241[0m
[2025-12-12T00:02:14.962Z] 🔍 인증된 사용자 - ID: 974640, 이메일: dev@playmate.com, 닉네임: 개발자
[2025-12-12T00:02:14.963Z] [0mGET /api/auth/me [32m200[0m 1.951 ms - 483[0m
[2025-12-12T00:02:29.589Z] 🔍 인증된 사용자 - ID: 974640, 이메일: dev@playmate.com, 닉네임: 개발자
[2025-12-12T00:02:29.593Z] 📊 총 11개 안전한 매칭 데이터 반환
[0mGET /api/matchings?show_only_recruiting=true&show_only_following=false [32m200[0m 1.897 ms - 11719[0m
[2025-12-12T00:02:29.784Z] ⚠️ 높은 힙 메모리 사용량: 25MB / 31MB (79.6%)
[2025-12-12T00:02:29.784Z] 📊 메모리 통계: {
  "timestamp": "2025-12-12T00:02:29.784Z",
  "heap": {
    "used": 25,
    "total": 31,
    "external": 20
  },
  "system": {
    "used": 48560,
    "total": 49152,
    "percent": "98.8"
  }
}
[2025-12-12T00:02:44.529Z] [0mGET /api/health [32m200[0m 0.546 ms - 241[0m
[2025-12-12T00:02:59.784Z] 🧹 메모리 정리 작업 완료
[2025-12-12T00:02:59.784Z] ⚠️ 높은 힙 메모리 사용량: 25MB / 31MB (79.9%)
📊 메모리 통계: {
  "timestamp": "2025-12-12T00:02:59.784Z",
  "heap": {
    "used": 25,
    "total": 31,
    "external": 20
  },
  "system": {
    "used": 48382,
    "total": 49152,
    "percent": "98.4"
  }
}
[2025-12-12T00:03:14.533Z] [0mGET /api/health [32m200[0m 0.942 ms - 241[0m
[2025-12-12T00:03:29.785Z] ⚠️ 높은 힙 메모리 사용량: 25MB / 31MB (80.1%)
[2025-12-12T00:03:29.785Z] 📊 메모리 통계: {
  "timestamp": "2025-12-12T00:03:29.785Z",
  "heap": {
    "used": 25,
    "total": 31,
    "external": 20
  },
  "system": {
    "used": 48919,
    "total": 49152,
    "percent": "99.5"
  }
}
[2025-12-12T00:03:44.531Z] [0mGET /api/health [32m200[0m 0.713 ms - 241[0m
[2025-12-12T00:03:59.786Z] 🧹 메모리 정리 작업 완료
[2025-12-12T00:03:59.786Z] ⚠️ 높은 힙 메모리 사용량: 25MB / 31MB (80.4%)
📊 메모리 통계: {
  "timestamp": "2025-12-12T00:03:59.786Z",
  "heap": {
    "used": 25,
    "total": 31,
    "external": 20
  },
  "system": {
    "used": 48863,
    "total": 49152,
    "percent": "99.4"
  }
}
[2025-12-12T00:04:14.532Z] [0mGET /api/health [32m200[0m 0.596 ms - 241[0m
[2025-12-12T00:04:29.788Z] ⚠️ 높은 힙 메모리 사용량: 25MB / 31MB (80.6%)
[2025-12-12T00:04:29.789Z] 📊 메모리 통계: {
  "timestamp": "2025-12-12T00:04:29.788Z",
  "heap": {
    "used": 25,
    "total": 31,
    "external": 20
  },
  "system": {
    "used": 48458,
    "total": 49152,
    "percent": "98.6"
  }
}
[2025-12-12T00:04:44.529Z] [0mGET /api/health [32m200[0m 0.394 ms - 241[0m
[2025-12-12T00:04:59.789Z] 🧹 메모리 정리 작업 완료
⚠️ 높은 힙 메모리 사용량: 25MB / 31MB (80.8%)
[2025-12-12T00:04:59.790Z] 📊 메모리 통계: {
  "timestamp": "2025-12-12T00:04:59.789Z",
  "heap": {
    "used": 25,
    "total": 31,
    "external": 20
  },
  "system": {
    "used": 48402,
    "total": 49152,
    "percent": "98.5"
  }
}
[2025-12-12T00:05:14.534Z] [0mGET /api/health [32m200[0m 0.516 ms - 241[0m
[2025-12-12T00:05:29.791Z] ⚠️ 높은 힙 메모리 사용량: 25MB / 31MB (81.1%)
[2025-12-12T00:05:29.792Z] 📊 메모리 통계: {
  "timestamp": "2025-12-12T00:05:29.791Z",
  "heap": {
    "used": 25,
    "total": 31,
    "external": 20
  },
  "system": {
    "used": 48467,
    "total": 49152,
    "percent": "98.6"
  }
}
[2025-12-12T00:05:44.533Z] [0mGET /api/health [32m200[0m 0.752 ms - 241[0m
[2025-12-12T00:05:59.790Z] 🧹 메모리 정리 작업 완료
[2025-12-12T00:05:59.791Z] ⚠️ 높은 힙 메모리 사용량: 25MB / 31MB (81.3%)
[2025-12-12T00:05:59.792Z] 📊 메모리 통계: {
  "timestamp": "2025-12-12T00:05:59.791Z",
  "heap": {
    "used": 25,
    "total": 31,
    "external": 20
  },
  "system": {
    "used": 48442,
    "total": 49152,
    "percent": "98.6"
  }
}
[2025-12-12T00:06:14.533Z] [0mGET /api/health [32m200[0m 0.637 ms - 241[0m
[2025-12-12T00:06:29.793Z] ⚠️ 높은 힙 메모리 사용량: 25MB / 31MB (81.5%)
[2025-12-12T00:06:29.794Z] 📊 메모리 통계: {
  "timestamp": "2025-12-12T00:06:29.793Z",
  "heap": {
    "used": 25,
    "total": 31,
    "external": 20
  },
  "system": {
    "used": 48456,
    "total": 49152,
    "percent": "98.6"
  }
}
[2025-12-12T00:06:44.533Z] [0mGET /api/health [32m200[0m 0.636 ms - 241[0m
[2025-12-12T00:06:59.792Z] 🧹 메모리 정리 작업 완료
[2025-12-12T00:06:59.794Z] ⚠️ 높은 힙 메모리 사용량: 26MB / 31MB (81.8%)
[2025-12-12T00:06:59.794Z] 📊 메모리 통계: {
  "timestamp": "2025-12-12T00:06:59.794Z",
  "heap": {
    "used": 26,
    "total": 31,
    "external": 20
  },
  "system": {
    "used": 48342,
    "total": 49152,
    "percent": "98.4"
  }
}
[2025-12-12T00:07:14.534Z] [0mGET /api/health [32m200[0m 0.765 ms - 241[0m
[2025-12-12T00:07:14.962Z] 🔍 인증된 사용자 - ID: 974640, 이메일: dev@playmate.com, 닉네임: 개발자
[2025-12-12T00:07:14.963Z] [0mGET /api/auth/me [32m200[0m 1.966 ms - 483[0m
[2025-12-12T00:07:29.592Z] 🔍 인증된 사용자 - ID: 974640, 이메일: dev@playmate.com, 닉네임: 개발자
[2025-12-12T00:07:29.593Z] 📊 총 11개 안전한 매칭 데이터 반환
[2025-12-12T00:07:29.594Z] [0mGET /api/matchings?show_only_recruiting=true&show_only_following=false [32m200[0m 2.337 ms - 11719[0m
[2025-12-12T00:07:29.796Z] ⚠️ 높은 힙 메모리 사용량: 25MB / 32MB (78.3%)
[2025-12-12T00:07:29.797Z] 📊 메모리 통계: {
  "timestamp": "2025-12-12T00:07:29.796Z",
  "heap": {
    "used": 25,
    "total": 32,
    "external": 20
  },
  "system": {
    "used": 48483,
    "total": 49152,
    "percent": "98.6"
  }
}
[2025-12-12T00:07:44.532Z] [0mGET /api/health [32m200[0m 0.662 ms - 241[0m
[2025-12-12T00:07:59.795Z] 🧹 메모리 정리 작업 완료
[2025-12-12T00:07:59.796Z] ⚠️ 높은 힙 메모리 사용량: 25MB / 32MB (78.5%)
[2025-12-12T00:07:59.797Z] 📊 메모리 통계: {
  "timestamp": "2025-12-12T00:07:59.796Z",
  "heap": {
    "used": 25,
    "total": 32,
    "external": 20
  },
  "system": {
    "used": 48352,
    "total": 49152,
    "percent": "98.4"
  }
}
[2025-12-12T00:08:14.518Z] [0mGET /api/health [32m200[0m 0.710 ms - 241[0m
[2025-12-12T00:08:29.776Z] ⚠️ 높은 힙 메모리 사용량: 25MB / 32MB (78.7%)
[2025-12-12T00:08:29.777Z] 📊 메모리 통계: {
  "timestamp": "2025-12-12T00:08:29.776Z",
  "heap": {
    "used": 25,
    "total": 32,
    "external": 20
  },
  "system": {
    "used": 48434,
    "total": 49152,
    "percent": "98.5"
  }
}
[2025-12-12T00:08:44.506Z] [0mGET /api/health [32m200[0m 0.691 ms - 241[0m
[2025-12-12T00:08:59.769Z] 🧹 메모리 정리 작업 완료
[2025-12-12T00:08:59.774Z] ⚠️ 높은 힙 메모리 사용량: 25MB / 32MB (79.0%)
[2025-12-12T00:08:59.774Z] 📊 메모리 통계: {
  "timestamp": "2025-12-12T00:08:59.774Z",
  "heap": {
    "used": 25,
    "total": 32,
    "external": 20
  },
  "system": {
    "used": 48920,
    "total": 49152,
    "percent": "99.5"
  }
}
[2025-12-12T00:09:14.507Z] [0mGET /api/health [32m200[0m 0.704 ms - 241[0m
[2025-12-12T00:09:29.774Z] ⚠️ 높은 힙 메모리 사용량: 26MB / 32MB (79.2%)
[2025-12-12T00:09:29.775Z] 📊 메모리 통계: {
  "timestamp": "2025-12-12T00:09:29.774Z",
  "heap": {
    "used": 26,
    "total": 32,
    "external": 20
  },
  "system": {
    "used": 48380,
    "total": 49152,
    "percent": "98.4"
  }
}
[2025-12-12T00:09:44.507Z] [0mGET /api/health [32m200[0m 0.597 ms - 241[0m
[2025-12-12T00:09:59.771Z] 🧹 메모리 정리 작업 완료
[2025-12-12T00:09:59.775Z] ⚠️ 높은 힙 메모리 사용량: 26MB / 32MB (79.4%)
[2025-12-12T00:09:59.775Z] 📊 메모리 통계: {
  "timestamp": "2025-12-12T00:09:59.775Z",
  "heap": {
    "used": 26,
    "total": 32,
    "external": 20
  },
  "system": {
    "used": 48347,
    "total": 49152,
    "percent": "98.4"
  }
}
[2025-12-12T00:10:14.516Z] [0mGET /api/health [32m200[0m 0.782 ms - 241[0m
[2025-12-12T00:10:29.777Z] ⚠️ 높은 힙 메모리 사용량: 26MB / 32MB (79.7%)
[2025-12-12T00:10:29.778Z] 📊 메모리 통계: {
  "timestamp": "2025-12-12T00:10:29.777Z",
  "heap": {
    "used": 26,
    "total": 32,
    "external": 20
  },
  "system": {
    "used": 48465,
    "total": 49152,
    "percent": "98.6"
  }
}
[2025-12-12T00:10:44.504Z] [0mGET /api/health [32m200[0m 0.670 ms - 241[0m
[2025-12-12T00:10:59.772Z] 🧹 메모리 정리 작업 완료
[2025-12-12T00:10:59.779Z] ⚠️ 높은 힙 메모리 사용량: 25MB / 31MB (80.7%)
[2025-12-12T00:10:59.779Z] 📊 메모리 통계: {
  "timestamp": "2025-12-12T00:10:59.779Z",
  "heap": {
    "used": 25,
    "total": 31,
    "external": 20
  },
  "system": {
    "used": 48441,
    "total": 49152,
    "percent": "98.6"
  }
}
[2025-12-12T00:11:14.511Z] [0mGET /api/health [32m200[0m 0.443 ms - 241[0m
[2025-12-12T00:11:29.780Z] ⚠️ 높은 힙 메모리 사용량: 25MB / 31MB (80.9%)
[2025-12-12T00:11:29.781Z] 📊 메모리 통계: {
  "timestamp": "2025-12-12T00:11:29.780Z",
  "heap": {
    "used": 25,
    "total": 31,
    "external": 20
  },
  "system": {
    "used": 48435,
    "total": 49152,
    "percent": "98.5"
  }
}
[2025-12-12T00:11:44.504Z] [0mGET /api/health [32m200[0m 0.692 ms - 241[0m
[2025-12-12T00:11:59.774Z] 🧹 메모리 정리 작업 완료
[2025-12-12T00:11:59.781Z] ⚠️ 높은 힙 메모리 사용량: 25MB / 31MB (81.2%)
[2025-12-12T00:11:59.782Z] 📊 메모리 통계: {
  "timestamp": "2025-12-12T00:11:59.781Z",
  "heap": {
    "used": 25,
    "total": 31,
    "external": 20
  },
  "system": {
    "used": 48381,
    "total": 49152,
    "percent": "98.4"
  }
}
[2025-12-12T00:12:14.499Z] [0mGET /api/health [32m200[0m 0.175 ms - 241[0m
[2025-12-12T00:12:14.948Z] 🔍 인증된 사용자 - ID: 974640, 이메일: dev@playmate.com, 닉네임: 개발자
[2025-12-12T00:12:14.949Z] [0mGET /api/auth/me [32m200[0m 1.771 ms - 483[0m
[2025-12-12T00:12:29.561Z] 🔍 인증된 사용자 - ID: 974640, 이메일: dev@playmate.com, 닉네임: 개발자
[2025-12-12T00:12:29.562Z] 📊 총 11개 안전한 매칭 데이터 반환
[2025-12-12T00:12:29.562Z] [0mGET /api/matchings?show_only_recruiting=true&show_only_following=false [32m200[0m 3.621 ms - 11719[0m
[2025-12-12T00:12:29.783Z] ⚠️ 높은 힙 메모리 사용량: 26MB / 31MB (82.0%)
[2025-12-12T00:12:29.783Z] 📊 메모리 통계: {
  "timestamp": "2025-12-12T00:12:29.782Z",
  "heap": {
    "used": 26,
    "total": 31,
    "external": 20
  },
  "system": {
    "used": 48584,
    "total": 49152,
    "percent": "98.8"
  }
}
[2025-12-12T00:12:44.504Z] [0mGET /api/health [32m200[0m 1.155 ms - 241[0m
[2025-12-12T00:12:59.784Z] 🧹 메모리 정리 작업 완료
[2025-12-12T00:12:59.786Z] ⚠️ 높은 힙 메모리 사용량: 26MB / 31MB (82.2%)
📊 메모리 통계: {
  "timestamp": "2025-12-12T00:12:59.785Z",
  "heap": {
    "used": 26,
    "total": 31,
    "external": 20
  },
  "system": {
    "used": 48390,
    "total": 49152,
    "percent": "98.4"
  }
}
[2025-12-12T00:13:14.510Z] [0mGET /api/health [32m200[0m 1.125 ms - 241[0m
[2025-12-12T00:13:29.786Z] ⚠️ 높은 힙 메모리 사용량: 26MB / 31MB (82.4%)
[2025-12-12T00:13:29.787Z] 📊 메모리 통계: {
  "timestamp": "2025-12-12T00:13:29.786Z",
  "heap": {
    "used": 26,
    "total": 31,
    "external": 20
  },
  "system": {
    "used": 48418,
    "total": 49152,
    "percent": "98.5"
  }
}
[2025-12-12T00:13:44.503Z] [0mGET /api/health [32m200[0m 0.723 ms - 241[0m
[2025-12-12T00:13:59.783Z] 🧹 메모리 정리 작업 완료
[2025-12-12T00:13:59.786Z] ⚠️ 높은 힙 메모리 사용량: 26MB / 31MB (82.7%)
[2025-12-12T00:13:59.786Z] 📊 메모리 통계: {
  "timestamp": "2025-12-12T00:13:59.786Z",
  "heap": {
    "used": 26,
    "total": 31,
    "external": 20
  },
  "system": {
    "used": 48913,
    "total": 49152,
    "percent": "99.5"
  }
}
[2025-12-12T00:14:14.493Z] [0mGET /api/health [32m200[0m 0.227 ms - 241[0m
[2025-12-12T00:14:29.788Z] ⚠️ 높은 힙 메모리 사용량: 25MB / 31MB (81.2%)
[2025-12-12T00:14:29.789Z] 📊 메모리 통계: {
  "timestamp": "2025-12-12T00:14:29.788Z",
  "heap": {
    "used": 25,
    "total": 31,
    "external": 20
  },
  "system": {
    "used": 48368,
    "total": 49152,
    "percent": "98.4"
  }
}
[2025-12-12T00:14:44.506Z] [0mGET /api/health [32m200[0m 0.745 ms - 241[0m
[2025-12-12T00:14:59.785Z] 🧹 메모리 정리 작업 완료
[2025-12-12T00:14:59.788Z] ⚠️ 높은 힙 메모리 사용량: 25MB / 31MB (81.4%)
[2025-12-12T00:14:59.789Z] 📊 메모리 통계: {
  "timestamp": "2025-12-12T00:14:59.788Z",
  "heap": {
    "used": 25,
    "total": 31,
    "external": 20
  },
  "system": {
    "used": 48447,
    "total": 49152,
    "percent": "98.6"
  }
}
[2025-12-12T00:15:14.497Z] [0mGET /api/health [32m200[0m 0.556 ms - 241[0m
[2025-12-12T00:15:29.790Z] ⚠️ 높은 힙 메모리 사용량: 25MB / 31MB (81.6%)
[2025-12-12T00:15:29.791Z] 📊 메모리 통계: {
  "timestamp": "2025-12-12T00:15:29.790Z",
  "heap": {
    "used": 25,
    "total": 31,
    "external": 20
  },
  "system": {
    "used": 48422,
    "total": 49152,
    "percent": "98.5"
  }
}
[2025-12-12T00:15:44.505Z] [0mGET /api/health [32m200[0m 0.651 ms - 241[0m
[2025-12-12T00:15:59.786Z] 🧹 메모리 정리 작업 완료
[2025-12-12T00:15:59.790Z] ⚠️ 높은 힙 메모리 사용량: 26MB / 31MB (81.9%)
[2025-12-12T00:15:59.790Z] 📊 메모리 통계: {
  "timestamp": "2025-12-12T00:15:59.790Z",
  "heap": {
    "used": 26,
    "total": 31,
    "external": 20
  },
  "system": {
    "used": 48446,
    "total": 49152,
    "percent": "98.6"
  }
}
[2025-12-12T00:16:14.503Z] [0mGET /api/health [32m200[0m 0.709 ms - 241[0m
[2025-12-12T00:16:29.792Z] ⚠️ 높은 힙 메모리 사용량: 26MB / 31MB (82.1%)
[2025-12-12T00:16:29.793Z] 📊 메모리 통계: {
  "timestamp": "2025-12-12T00:16:29.792Z",
  "heap": {
    "used": 26,
    "total": 31,
    "external": 20
  },
  "system": {
    "used": 48451,
    "total": 49152,
    "percent": "98.6"
  }
}
[2025-12-12T00:16:44.501Z] [0mGET /api/health [32m200[0m 0.743 ms - 241[0m
[2025-12-12T00:16:59.788Z] 🧹 메모리 정리 작업 완료
[2025-12-12T00:16:59.792Z] ⚠️ 높은 힙 메모리 사용량: 26MB / 31MB (82.3%)
[2025-12-12T00:16:59.792Z] 📊 메모리 통계: {
  "timestamp": "2025-12-12T00:16:59.792Z",
  "heap": {
    "used": 26,
    "total": 31,
    "external": 20
  },
  "system": {
    "used": 48409,
    "total": 49152,
    "percent": "98.5"
  }
}
[2025-12-12T00:17:14.497Z] [0mGET /api/health [32m200[0m 0.217 ms - 241[0m
[2025-12-12T00:17:14.939Z] 🔍 인증된 사용자 - ID: 974640, 이메일: dev@playmate.com, 닉네임: 개발자
[2025-12-12T00:17:14.939Z] [0mGET /api/auth/me [32m200[0m 2.011 ms - 483[0m
[2025-12-12T00:17:29.558Z] 🔍 인증된 사용자 - ID: 974640, 이메일: dev@playmate.com, 닉네임: 개발자
[2025-12-12T00:17:29.559Z] 📊 총 11개 안전한 매칭 데이터 반환
[2025-12-12T00:17:29.559Z] [0mGET /api/matchings?show_only_recruiting=true&show_only_following=false [32m200[0m 2.484 ms - 11719[0m
[2025-12-12T00:17:29.793Z] ⚠️ 높은 힙 메모리 사용량: 26MB / 31MB (83.1%)
[2025-12-12T00:17:29.793Z] 📊 메모리 통계: {
  "timestamp": "2025-12-12T00:17:29.793Z",
  "heap": {
    "used": 26,
    "total": 31,
    "external": 20
  },
  "system": {
    "used": 48543,
    "total": 49152,
    "percent": "98.8"
  }
}
[2025-12-12T00:17:44.501Z] [0mGET /api/health [32m200[0m 0.589 ms - 241[0m
[2025-12-12T00:17:59.788Z] 🧹 메모리 정리 작업 완료
[2025-12-12T00:17:59.792Z] ⚠️ 높은 힙 메모리 사용량: 25MB / 31MB (81.5%)
[2025-12-12T00:17:59.793Z] 📊 메모리 통계: {
  "timestamp": "2025-12-12T00:17:59.792Z",
  "heap": {
    "used": 25,
    "total": 31,
    "external": 20
  },
  "system": {
    "used": 48371,
    "total": 49152,
    "percent": "98.4"
  }
}
[2025-12-12T00:18:14.507Z] [0mGET /api/health [32m200[0m 0.823 ms - 241[0m
[2025-12-12T00:18:29.795Z] ⚠️ 높은 힙 메모리 사용량: 26MB / 31MB (81.8%)
[2025-12-12T00:18:29.796Z] 📊 메모리 통계: {
  "timestamp": "2025-12-12T00:18:29.795Z",
  "heap": {
    "used": 26,
    "total": 31,
    "external": 20
  },
  "system": {
    "used": 48467,
    "total": 49152,
    "percent": "98.6"
  }
}
[2025-12-12T00:18:44.500Z] [0mGET /api/health [32m200[0m 0.720 ms - 241[0m
[2025-12-12T00:18:59.788Z] 🧹 메모리 정리 작업 완료
[2025-12-12T00:18:59.796Z] ⚠️ 높은 힙 메모리 사용량: 26MB / 31MB (82.0%)
📊 메모리 통계: {
  "timestamp": "2025-12-12T00:18:59.796Z",
  "heap": {
    "used": 26,
    "total": 31,
    "external": 20
  },
  "system": {
    "used": 48949,
    "total": 49152,
    "percent": "99.6"
  }
}
[2025-12-12T00:19:14.502Z] [0mGET /api/health [32m200[0m 0.731 ms - 241[0m
[2025-12-12T00:19:29.797Z] ⚠️ 높은 힙 메모리 사용량: 26MB / 31MB (82.2%)
[2025-12-12T00:19:29.798Z] 📊 메모리 통계: {
  "timestamp": "2025-12-12T00:19:29.797Z",
  "heap": {
    "used": 26,
    "total": 31,
    "external": 20
  },
  "system": {
    "used": 48932,
    "total": 49152,
    "percent": "99.6"
  }
}
[2025-12-12T00:19:44.501Z] [0mGET /api/health [32m200[0m 0.609 ms - 241[0m
[2025-12-12T00:19:59.790Z] 🧹 메모리 정리 작업 완료
[2025-12-12T00:19:59.798Z] ⚠️ 높은 힙 메모리 사용량: 26MB / 31MB (82.5%)
[2025-12-12T00:19:59.798Z] 📊 메모리 통계: {
  "timestamp": "2025-12-12T00:19:59.798Z",
  "heap": {
    "used": 26,
    "total": 31,
    "external": 20
  },
  "system": {
    "used": 48393,
    "total": 49152,
    "percent": "98.5"
  }
}
[2025-12-12T00:20:14.503Z] [0mGET /api/health [32m200[0m 0.475 ms - 241[0m
[2025-12-12T00:20:29.800Z] ⚠️ 높은 힙 메모리 사용량: 26MB / 31MB (82.7%)
[2025-12-12T00:20:29.800Z] 📊 메모리 통계: {
  "timestamp": "2025-12-12T00:20:29.799Z",
  "heap": {
    "used": 26,
    "total": 31,
    "external": 20
  },
  "system": {
    "used": 48391,
    "total": 49152,
    "percent": "98.5"
  }
}
[2025-12-12T00:20:44.501Z] [0mGET /api/health [32m200[0m 0.561 ms - 241[0m
[2025-12-12T00:20:59.792Z] 🧹 메모리 정리 작업 완료
[2025-12-12T00:20:59.801Z] ⚠️ 높은 힙 메모리 사용량: 26MB / 31MB (83.0%)
[2025-12-12T00:20:59.802Z] 📊 메모리 통계: {
  "timestamp": "2025-12-12T00:20:59.801Z",
  "heap": {
    "used": 26,
    "total": 31,
    "external": 20
  },
  "system": {
    "used": 48456,
    "total": 49152,
    "percent": "98.6"
  }
}
[2025-12-12T00:21:14.503Z] [0mGET /api/health [32m200[0m 0.391 ms - 241[0m
[2025-12-12T00:21:29.802Z] ⚠️ 높은 힙 메모리 사용량: 26MB / 31MB (83.2%)
[2025-12-12T00:21:29.802Z] 📊 메모리 통계: {
  "timestamp": "2025-12-12T00:21:29.802Z",
  "heap": {
    "used": 26,
    "total": 31,
    "external": 20
  },
  "system": {
    "used": 48473,
    "total": 49152,
    "percent": "98.6"
  }
}
[2025-12-12T00:21:44.504Z] [0mGET /api/health [32m200[0m 0.805 ms - 241[0m
[2025-12-12T00:21:59.796Z] 🧹 메모리 정리 작업 완료
[2025-12-12T00:21:59.803Z] ⚠️ 높은 힙 메모리 사용량: 26MB / 31MB (83.4%)
[2025-12-12T00:21:59.803Z] 📊 메모리 통계: {
  "timestamp": "2025-12-12T00:21:59.803Z",
  "heap": {
    "used": 26,
    "total": 31,
    "external": 20
  },
  "system": {
    "used": 48369,
    "total": 49152,
    "percent": "98.4"
  }
}
[2025-12-12T00:22:14.505Z] [0mGET /api/health [32m200[0m 0.646 ms - 241[0m
[2025-12-12T00:22:14.934Z] 🔍 인증된 사용자 - ID: 974640, 이메일: dev@playmate.com, 닉네임: 개발자
[2025-12-12T00:22:14.935Z] [0mGET /api/auth/me [32m200[0m 1.616 ms - 483[0m
[2025-12-12T00:22:29.568Z] 🔍 인증된 사용자 - ID: 974640, 이메일: dev@playmate.com, 닉네임: 개발자
[2025-12-12T00:22:29.568Z] 📊 총 11개 안전한 매칭 데이터 반환
[2025-12-12T00:22:29.570Z] [0mGET /api/matchings?show_only_recruiting=true&show_only_following=false [32m200[0m 2.377 ms - 11719[0m
[2025-12-12T00:22:29.804Z] ⚠️ 높은 힙 메모리 사용량: 26MB / 31MB (82.4%)
[2025-12-12T00:22:29.805Z] 📊 메모리 통계: {
  "timestamp": "2025-12-12T00:22:29.804Z",
  "heap": {
    "used": 26,
    "total": 31,
    "external": 20
  },
  "system": {
    "used": 48586,
    "total": 49152,
    "percent": "98.8"
  }
}
[2025-12-12T00:22:44.498Z] [0mGET /api/health [32m200[0m 0.768 ms - 241[0m
[2025-12-12T00:22:59.796Z] 🧹 메모리 정리 작업 완료
[2025-12-12T00:22:59.806Z] ⚠️ 높은 힙 메모리 사용량: 26MB / 31MB (82.6%)
[2025-12-12T00:22:59.806Z] 📊 메모리 통계: {
  "timestamp": "2025-12-12T00:22:59.806Z",
  "heap": {
    "used": 26,
    "total": 31,
    "external": 20
  },
  "system": {
    "used": 48383,
    "total": 49152,
    "percent": "98.4"
  }
}
[2025-12-12T00:23:14.499Z] [0mGET /api/health [32m200[0m 0.228 ms - 241[0m
[2025-12-12T00:23:29.808Z] ⚠️ 높은 힙 메모리 사용량: 26MB / 31MB (82.8%)
[2025-12-12T00:23:29.809Z] 📊 메모리 통계: {
  "timestamp": "2025-12-12T00:23:29.808Z",
  "heap": {
    "used": 26,
    "total": 31,
    "external": 20
  },
  "system": {
    "used": 48503,
    "total": 49152,
    "percent": "98.7"
  }
}
[2025-12-12T00:23:44.501Z] [0mGET /api/health [32m200[0m 0.634 ms - 241[0m
[2025-12-12T00:23:59.797Z] 🧹 메모리 정리 작업 완료
[2025-12-12T00:23:59.810Z] ⚠️ 높은 힙 메모리 사용량: 26MB / 31MB (83.1%)
[2025-12-12T00:23:59.810Z] 📊 메모리 통계: {
  "timestamp": "2025-12-12T00:23:59.810Z",
  "heap": {
    "used": 26,
    "total": 31,
    "external": 20
  },
  "system": {
    "used": 48376,
    "total": 49152,
    "percent": "98.4"
  }
}
[2025-12-12T00:24:14.495Z] [0mGET /api/health [32m200[0m 0.462 ms - 241[0m
[2025-12-12T00:24:29.812Z] ⚠️ 높은 힙 메모리 사용량: 26MB / 31MB (83.3%)
[2025-12-12T00:24:29.813Z] 📊 메모리 통계: {
  "timestamp": "2025-12-12T00:24:29.812Z",
  "heap": {
    "used": 26,
    "total": 31,
    "external": 20
  },
  "system": {
    "used": 48919,
    "total": 49152,
    "percent": "99.5"
  }
}
[2025-12-12T00:24:44.499Z] [0mGET /api/health [32m200[0m 0.817 ms - 241[0m
[2025-12-12T00:24:59.798Z] 🧹 메모리 정리 작업 완료
[2025-12-12T00:24:59.813Z] ⚠️ 높은 힙 메모리 사용량: 26MB / 31MB (83.6%)
[2025-12-12T00:24:59.813Z] 📊 메모리 통계: {
  "timestamp": "2025-12-12T00:24:59.813Z",
  "heap": {
    "used": 26,
    "total": 31,
    "external": 20
  },
  "system": {
    "used": 48379,
    "total": 49152,
    "percent": "98.4"
  }
}
[2025-12-12T00:25:14.495Z] [0mGET /api/health [32m200[0m 0.488 ms - 241[0m
[2025-12-12T00:25:29.816Z] ⚠️ 높은 힙 메모리 사용량: 26MB / 31MB (83.8%)
[2025-12-12T00:25:29.816Z] 📊 메모리 통계: {
  "timestamp": "2025-12-12T00:25:29.815Z",
  "heap": {
    "used": 26,
    "total": 31,
    "external": 20
  },
  "system": {
    "used": 48490,
    "total": 49152,
    "percent": "98.7"
  }
}
[2025-12-12T00:25:44.499Z] [0mGET /api/health [32m200[0m 0.567 ms - 241[0m
[2025-12-12T00:25:59.798Z] 🧹 메모리 정리 작업 완료
[2025-12-12T00:25:59.816Z] ⚠️ 높은 힙 메모리 사용량: 26MB / 31MB (84.0%)
[2025-12-12T00:25:59.818Z] 📊 메모리 통계: {
  "timestamp": "2025-12-12T00:25:59.816Z",
  "heap": {
    "used": 26,
    "total": 31,
    "external": 20
  },
  "system": {
    "used": 48486,
    "total": 49152,
    "percent": "98.6"
  }
}
[2025-12-12T00:26:14.500Z] [0mGET /api/health [32m200[0m 0.839 ms - 241[0m
[2025-12-12T00:26:29.818Z] ⚠️ 높은 힙 메모리 사용량: 26MB / 32MB (79.9%)
[2025-12-12T00:26:29.818Z] 📊 메모리 통계: {
  "timestamp": "2025-12-12T00:26:29.818Z",
  "heap": {
    "used": 26,
    "total": 32,
    "external": 20
  },
  "system": {
    "used": 48491,
    "total": 49152,
    "percent": "98.7"
  }
}
[2025-12-12T00:26:44.500Z] [0mGET /api/health [32m200[0m 0.758 ms - 241[0m
[2025-12-12T00:26:59.800Z] 🧹 메모리 정리 작업 완료
[2025-12-12T00:26:59.818Z] ⚠️ 높은 힙 메모리 사용량: 26MB / 32MB (80.2%)
[2025-12-12T00:26:59.819Z] 📊 메모리 통계: {
  "timestamp": "2025-12-12T00:26:59.818Z",
  "heap": {
    "used": 26,
    "total": 32,
    "external": 20
  },
  "system": {
    "used": 48380,
    "total": 49152,
    "percent": "98.4"
  }
}
[2025-12-12T00:27:14.499Z] [0mGET /api/health [32m200[0m 0.753 ms - 241[0m
[2025-12-12T00:27:14.937Z] 🔍 인증된 사용자 - ID: 974640, 이메일: dev@playmate.com, 닉네임: 개발자
[2025-12-12T00:27:14.937Z] [0mGET /api/auth/me [32m200[0m 1.527 ms - 483[0m
[2025-12-12T00:27:29.559Z] 🔍 인증된 사용자 - ID: 974640, 이메일: dev@playmate.com, 닉네임: 개발자
[2025-12-12T00:27:29.560Z] 📊 총 11개 안전한 매칭 데이터 반환
[2025-12-12T00:27:29.560Z] [0mGET /api/matchings?show_only_recruiting=true&show_only_following=false [32m200[0m 2.442 ms - 11719[0m
[2025-12-12T00:27:29.820Z] ⚠️ 높은 힙 메모리 사용량: 26MB / 32MB (80.9%)
[2025-12-12T00:27:29.820Z] 📊 메모리 통계: {
  "timestamp": "2025-12-12T00:27:29.820Z",
  "heap": {
    "used": 26,
    "total": 32,
    "external": 20
  },
  "system": {
    "used": 48639,
    "total": 49152,
    "percent": "99.0"
  }
}
[2025-12-12T00:27:44.498Z] [0mGET /api/health [32m200[0m 0.543 ms - 241[0m
[2025-12-12T00:27:59.801Z] 🧹 메모리 정리 작업 완료
[2025-12-12T00:27:59.822Z] ⚠️ 높은 힙 메모리 사용량: 26MB / 32MB (81.2%)
[2025-12-12T00:27:59.822Z] 📊 메모리 통계: {
  "timestamp": "2025-12-12T00:27:59.822Z",
  "heap": {
    "used": 26,
    "total": 32,
    "external": 20
  },
  "system": {
    "used": 48478,
    "total": 49152,
    "percent": "98.6"
  }
}
[2025-12-12T00:28:14.505Z] [0mGET /api/health [32m200[0m 0.657 ms - 241[0m
[2025-12-12T00:28:29.824Z] ⚠️ 높은 힙 메모리 사용량: 26MB / 32MB (81.4%)
[2025-12-12T00:28:29.824Z] 📊 메모리 통계: {
  "timestamp": "2025-12-12T00:28:29.824Z",
  "heap": {
    "used": 26,
    "total": 32,
    "external": 20
  },
  "system": {
    "used": 48449,
    "total": 49152,
    "percent": "98.6"
  }
}
[2025-12-12T00:28:44.502Z] [0mGET /api/health [32m200[0m 0.526 ms - 241[0m
[2025-12-12T00:28:59.803Z] 🧹 메모리 정리 작업 완료
[2025-12-12T00:28:59.826Z] ⚠️ 높은 힙 메모리 사용량: 26MB / 32MB (81.6%)
[2025-12-12T00:28:59.826Z] 📊 메모리 통계: {
  "timestamp": "2025-12-12T00:28:59.826Z",
  "heap": {
    "used": 26,
    "total": 32,
    "external": 20
  },
  "system": {
    "used": 48438,
    "total": 49152,
    "percent": "98.5"
  }
}
[2025-12-12T00:29:14.495Z] [0mGET /api/health [32m200[0m 0.628 ms - 241[0m
[2025-12-12T00:29:29.827Z] ⚠️ 높은 힙 메모리 사용량: 26MB / 32MB (81.8%)
[2025-12-12T00:29:29.827Z] 📊 메모리 통계: {
  "timestamp": "2025-12-12T00:29:29.827Z",
  "heap": {
    "used": 26,
    "total": 32,
    "external": 20
  },
  "system": {
    "used": 48995,
    "total": 49152,
    "percent": "99.7"
  }
}
[2025-12-12T00:29:44.495Z] [0mGET /api/health [32m200[0m 0.334 ms - 241[0m
[2025-12-12T00:29:59.805Z] 🧹 메모리 정리 작업 완료
[2025-12-12T00:29:59.828Z] ⚠️ 높은 힙 메모리 사용량: 26MB / 32MB (82.1%)
[2025-12-12T00:29:59.832Z] 📊 메모리 통계: {
  "timestamp": "2025-12-12T00:29:59.828Z",
  "heap": {
    "used": 26,
    "total": 32,
    "external": 20
  },
  "system": {
    "used": 48381,
    "total": 49152,
    "percent": "98.4"
  }
}
[2025-12-12T00:30:14.501Z] [0mGET /api/health [32m200[0m 0.907 ms - 241[0m
[2025-12-12T00:30:29.831Z] ⚠️ 높은 힙 메모리 사용량: 26MB / 31MB (83.1%)
[2025-12-12T00:30:29.832Z] 📊 메모리 통계: {
  "timestamp": "2025-12-12T00:30:29.830Z",
  "heap": {
    "used": 26,
    "total": 31,
    "external": 20
  },
  "system": {
    "used": 48463,
    "total": 49152,
    "percent": "98.6"
  }
}
[2025-12-12T00:30:44.498Z] [0mGET /api/health [32m200[0m 0.452 ms - 241[0m
[2025-12-12T00:30:59.805Z] 🧹 메모리 정리 작업 완료
[2025-12-12T00:30:59.832Z] ⚠️ 높은 힙 메모리 사용량: 26MB / 31MB (83.4%)
[2025-12-12T00:30:59.832Z] 📊 메모리 통계: {
  "timestamp": "2025-12-12T00:30:59.831Z",
  "heap": {
    "used": 26,
    "total": 31,
    "external": 20
  },
  "system": {
    "used": 48489,
    "total": 49152,
    "percent": "98.7"
  }
}
[2025-12-12T00:31:14.501Z] [0mGET /api/health [32m200[0m 0.704 ms - 241[0m
[2025-12-12T00:31:29.835Z] ⚠️ 높은 힙 메모리 사용량: 26MB / 31MB (83.6%)
[2025-12-12T00:31:29.835Z] 📊 메모리 통계: {
  "timestamp": "2025-12-12T00:31:29.835Z",
  "heap": {
    "used": 26,
    "total": 31,
    "external": 20
  },
  "system": {
    "used": 48470,
    "total": 49152,
    "percent": "98.6"
  }
}
[2025-12-12T00:31:44.496Z] [0mGET /api/health [32m200[0m 0.244 ms - 241[0m
[2025-12-12T00:31:59.806Z] 🧹 메모리 정리 작업 완료
[2025-12-12T00:31:59.836Z] ⚠️ 높은 힙 메모리 사용량: 26MB / 31MB (83.8%)
[2025-12-12T00:31:59.837Z] 📊 메모리 통계: {
  "timestamp": "2025-12-12T00:31:59.836Z",
  "heap": {
    "used": 26,
    "total": 31,
    "external": 20
  },
  "system": {
    "used": 48424,
    "total": 49152,
    "percent": "98.5"
  }
}
[2025-12-12T00:32:14.495Z] [0mGET /api/health [32m200[0m 0.651 ms - 241[0m
[2025-12-12T00:32:14.927Z] 🔍 인증된 사용자 - ID: 974640, 이메일: dev@playmate.com, 닉네임: 개발자
[2025-12-12T00:32:14.928Z] [0mGET /api/auth/me [32m200[0m 1.484 ms - 483[0m
[2025-12-12T00:32:29.558Z] 🔍 인증된 사용자 - ID: 974640, 이메일: dev@playmate.com, 닉네임: 개발자
[2025-12-12T00:32:29.558Z] 📊 총 11개 안전한 매칭 데이터 반환
[2025-12-12T00:32:29.559Z] [0mGET /api/matchings?show_only_recruiting=true&show_only_following=false [32m200[0m 1.986 ms - 11719[0m
[2025-12-12T00:32:29.838Z] ⚠️ 높은 힙 메모리 사용량: 26MB / 31MB (84.6%)
[2025-12-12T00:32:29.839Z] 📊 메모리 통계: {
  "timestamp": "2025-12-12T00:32:29.838Z",
  "heap": {
    "used": 26,
    "total": 31,
    "external": 20
  },
  "system": {
    "used": 48636,
    "total": 49152,
    "percent": "98.9"
  }
}
[2025-12-12T00:32:44.495Z] [0mGET /api/health [32m200[0m 0.621 ms - 241[0m
[2025-12-12T00:32:59.807Z] 🧹 메모리 정리 작업 완료
[2025-12-12T00:32:59.840Z] ⚠️ 높은 힙 메모리 사용량: 26MB / 31MB (84.8%)
[2025-12-12T00:32:59.841Z] 📊 메모리 통계: {
  "timestamp": "2025-12-12T00:32:59.840Z",
  "heap": {
    "used": 26,
    "total": 31,
    "external": 20
  },
  "system": {
    "used": 48462,
    "total": 49152,
    "percent": "98.6"
  }
}
[2025-12-12T00:33:14.499Z] [0mGET /api/health [32m200[0m 0.612 ms - 241[0m
[2025-12-12T00:33:29.842Z] ⚠️ 높은 힙 메모리 사용량: 27MB / 31MB (85.1%)
[2025-12-12T00:33:29.842Z] 📊 메모리 통계: {
  "timestamp": "2025-12-12T00:33:29.842Z",
  "heap": {
    "used": 27,
    "total": 31,
    "external": 20
  },
  "system": {
    "used": 48522,
    "total": 49152,
    "percent": "98.7"
  }
}
[2025-12-12T00:33:44.496Z] [0mGET /api/health [32m200[0m 0.871 ms - 241[0m
[2025-12-12T00:33:59.806Z] 🧹 메모리 정리 작업 완료
[2025-12-12T00:33:59.844Z] ⚠️ 높은 힙 메모리 사용량: 26MB / 31MB (83.6%)
📊 메모리 통계: {
  "timestamp": "2025-12-12T00:33:59.843Z",
  "heap": {
    "used": 26,
    "total": 31,
    "external": 20
  },
  "system": {
    "used": 48456,
    "total": 49152,
    "percent": "98.6"
  }
}
[2025-12-12T00:34:14.491Z] [0mGET /api/health [32m200[0m 0.684 ms - 241[0m
[2025-12-12T00:34:29.843Z] ⚠️ 높은 힙 메모리 사용량: 26MB / 31MB (83.8%)
[2025-12-12T00:34:29.844Z] 📊 메모리 통계: {
  "timestamp": "2025-12-12T00:34:29.843Z",
  "heap": {
    "used": 26,
    "total": 31,
    "external": 20
  },
  "system": {
    "used": 49039,
    "total": 49152,
    "percent": "99.8"
  }
}
[2025-12-12T00:34:44.494Z] [0mGET /api/health [32m200[0m 0.234 ms - 241[0m
[2025-12-12T01:51:16.167Z] ✅ 캐시 서비스 초기화 완료
[2025-12-12T01:51:16.169Z] ✅ 성능 모니터링 서비스 시작
✅ 메모리 최적화 서비스 시작
📁 파일에서 11개 매칭 로드됨
🔍 파일에서 887887 매칭을 찾을 수 없음
[2025-12-12T01:51:16.170Z] 🔄 커뮤니티 데이터 로드 시작...
[2025-12-12T01:51:16.170Z] 📁 POSTS_FILE 경로: /Users/zzin/playmate/playmate_backend/src/data/posts.json
📁 파일 존재 여부: true
[2025-12-12T01:51:16.170Z] 게시글 데이터 로드 완료: 1개
[2025-12-12T01:51:16.171Z] 게시글 ID 목록: [ 1 ]
댓글 데이터 로드 완료: 2개
✅ 커뮤니티 데이터 로드 완료: posts=1개, comments=2개
[2025-12-12T01:51:16.171Z] 채팅방 데이터 로드 완료: 4개
[2025-12-12T01:51:16.171Z] 📊 인덱스 업데이트 완료: 사용자 2명, 매칭 4개
[2025-12-12T01:51:16.171Z] 채팅 메시지 데이터 로드 완료: 0개
[2025-12-12T01:51:16.185Z] 테니스장 데이터 로드 완료: 6개
[2025-12-12T01:51:16.207Z] 🔄 대용량 데이터 처리 서비스 초기화 중...
[2025-12-12T01:51:16.207Z] 🔄 데이터 초기화 중...
[2025-12-12T01:51:16.208Z] ✅ 사용자 데이터 로드 완료: 4명, 다음 ID: 1
[2025-12-12T01:51:16.208Z] ✅ 모든 데이터 초기화 완료
[2025-12-12T01:51:16.210Z] ✅ 포트 3000 사용 가능
[2025-12-12T01:51:16.210Z] 🔧 서버 포트: 3000 (선호 포트: 3000)
🔄 Socket.IO 초기화 중...
[2025-12-12T01:51:16.211Z] ✅ Socket.IO 초기화 완료
[2025-12-12T01:51:16.212Z] 🚀 Server running on port 3000 in development mode
[2025-12-12T01:51:16.212Z] 📱 API Base URL: http://localhost:3000/api
📱 API Base URL (Android): http://10.0.2.2:3000/api
📱 API Base URL (Network): http://192.168.6.100:3000/api
🔗 Health Check: http://localhost:3000/api/health
⏱️  서버 시작 시간: 5ms
🔧 프로세스 ID: 87872
💾 메모리 사용량: 23MB
[2025-12-12T01:51:17.718Z] [0mGET /api/health [32m200[0m 3.334 ms - 237[0m
[2025-12-12T01:51:28.644Z] [0mGET /api/health [32m200[0m 0.593 ms - 238[0m
[2025-12-12T01:51:40.687Z] [0mGET /api/health [32m200[0m 0.480 ms - 238[0m
[2025-12-12T01:51:46.170Z] ⚠️ 높은 힙 메모리 사용량: 20MB / 22MB (89.6%)
[2025-12-12T01:51:46.170Z] 📊 메모리 통계: {
  "timestamp": "2025-12-12T01:51:46.170Z",
  "heap": {
    "used": 20,
    "total": 22,
    "external": 20
  },
  "system": {
    "used": 48438,
    "total": 49152,
    "percent": "98.5"
  }
}
